round,defense,seed,bad_client_num,client_id,is_malicious,participated_this_round,acc,mta,clean_loss,acc_target_class,asr_targeted,asr_unfiltered,asr_paper,asr_paper_frozen
2,fedavg,0,4,0,False,False,0.11702127659574468,0.1045,2.3024937438964845,0.0,0.0,0.0,0.0,
2,fedavg,0,4,1,False,False,0.09294512877939531,0.083,2.3032246856689453,0.0,0.0,0.0,0.0,
2,fedavg,0,4,2,False,True,0.17805151175811873,0.25,2.3890725860595703,0.8504672897196262,0.4070548712206047,0.445,0.45535714285714285,
2,fedavg,0,4,3,False,False,0.11310190369540873,0.101,2.3028401336669924,0.0,0.0,0.0,0.0,
2,fedavg,0,4,4,False,True,0.22116461366181406,0.2365,2.2306736450195315,0.3644859813084112,0.054871220604703244,0.074,0.0625,
2,fedavg,0,4,5,False,True,0.17917133258678608,0.24,1.9299735565185547,0.7476635514018691,0.3012318029115342,0.337,0.27232142857142855,
2,fedavg,0,4,7,False,False,0.11534154535274355,0.103,2.303352081298828,0.0,0.0,0.0,0.0,
2,fedavg,0,4,8,False,False,0.11310190369540873,0.101,2.3035677795410154,0.0,0.0,0.0,0.0,
2,fedavg,0,4,9,False,False,0.26259798432250836,0.2345,2.160547607421875,0.0,0.0,0.0,0.0,
2,fedavg,0,4,10,False,False,0.0,0.107,2.3027999572753908,1.0,1.0,1.0,1.0,
2,fedavg,0,4,6,True,False,0.14165733482642773,0.197,2.4323411865234377,0.6588785046728972,0.41937290033594626,0.4375,0.39732142857142855,
2,fedavg,0,4,15,True,False,0.1142217245240762,0.102,2.30320458984375,0.0,0.0,0.0,0.0,
2,fedavg,0,4,17,True,False,0.0,0.107,2.302805633544922,1.0,1.0,1.0,1.0,
2,fedavg,0,4,26,True,False,0.0985442329227324,0.088,2.3028629150390625,0.0,0.0,0.0,0.8973214285714286,
4,fedavg,0,4,0,False,False,0.11702127659574468,0.1045,2.3024937438964845,0.0,0.0,0.0,0.0,
4,fedavg,0,4,1,False,False,0.09294512877939531,0.083,2.3032246856689453,0.0,0.0,0.0,0.0,
4,fedavg,0,4,2,False,False,0.17805151175811873,0.25,2.3890725860595703,0.8504672897196262,0.4076147816349384,0.4465,0.48214285714285715,
4,fedavg,0,4,3,False,True,0.18756998880179176,0.17,3.614842834472656,0.02336448598130841,0.0011198208286674132,0.0015,0.013392857142857142,
4,fedavg,0,4,4,False,False,0.22116461366181406,0.2365,2.2306736450195315,0.3644859813084112,0.06606942889137737,0.085,0.05803571428571429,
4,fedavg,0,4,5,False,True,0.22396416573348266,0.2495,2.005279052734375,0.46261682242990654,0.0940649496080627,0.118,0.13392857142857142,
4,fedavg,0,4,7,False,False,0.11534154535274355,0.103,2.303352081298828,0.0,0.0,0.0,0.0,
4,fedavg,0,4,8,False,False,0.11310190369540873,0.101,2.3035677795410154,0.0,0.0,0.0,0.0,
4,fedavg,0,4,9,False,False,0.26259798432250836,0.2345,2.160547607421875,0.0,0.0,0.0,0.0,
4,fedavg,0,4,10,False,True,0.17749160134378494,0.1585,3.2813871765136717,0.0,0.0,0.0,0.0,
4,fedavg,0,4,6,True,False,0.20772676371780519,0.2085,2.5264974670410156,0.21495327102803738,0.03807390817469205,0.045,0.05357142857142857,
4,fedavg,0,4,15,True,False,0.1142217245240762,0.102,2.30320458984375,0.0,0.0,0.0,0.0,
4,fedavg,0,4,17,True,True,0.2513997760358343,0.262,2.2929464111328124,0.35046728971962615,0.4328107502799552,0.4035,0.4107142857142857,
4,fedavg,0,4,26,True,False,0.00895856662933936,0.0925,2.3788473052978514,0.7897196261682243,0.9031354983202687,0.8065,0.9285714285714286,
6,fedavg,0,4,0,False,True,0.31522956326987683,0.3005,2.390580810546875,0.17757009345794392,0.013437849944008958,0.0255,0.022321428571428572,
6,fedavg,0,4,1,False,False,0.09294512877939531,0.083,2.3032246856689453,0.0,0.0,0.0,0.0,
6,fedavg,0,4,2,False,False,0.17805151175811873,0.25,2.3890725860595703,0.8504672897196262,0.40369540873460247,0.4415,0.46875,
6,fedavg,0,4,3,False,False,0.18756998880179176,0.17,3.614842834472656,0.02336448598130841,0.0011198208286674132,0.0015,0.013392857142857142,
6,fedavg,0,4,4,False,False,0.22116461366181406,0.2365,2.2306736450195315,0.3644859813084112,0.06494960806270997,0.0835,0.0625,
6,fedavg,0,4,5,False,False,0.22396416573348266,0.2495,2.005279052734375,0.46261682242990654,0.093505039193729,0.117,0.125,
6,fedavg,0,4,7,False,True,0.3135498320268757,0.3695,2.1057799987792967,0.8364485981308412,0.23628219484882418,0.2825,0.3705357142857143,
6,fedavg,0,4,8,False,True,0.2933930571108623,0.262,2.1595985565185547,0.0,0.0016797312430011197,0.0015,0.0,
6,fedavg,0,4,9,False,False,0.26259798432250836,0.2345,2.160547607421875,0.0,0.0,0.0,0.0,
6,fedavg,0,4,10,False,False,0.17749160134378494,0.1585,3.2813871765136717,0.0,0.0,0.0,0.0,
6,fedavg,0,4,6,True,False,0.20772676371780519,0.2085,2.5264974670410156,0.21495327102803738,0.03527435610302351,0.0425,0.05803571428571429,
6,fedavg,0,4,15,True,False,0.26539753639417696,0.289,2.2320581970214843,0.48598130841121495,0.18477043673012317,0.198,0.16071428571428573,
6,fedavg,0,4,17,True,False,0.2513997760358343,0.262,2.2929464111328124,0.35046728971962615,0.41937290033594626,0.391,0.39732142857142855,
6,fedavg,0,4,26,True,False,0.00895856662933936,0.0935,2.3789542694091796,0.7990654205607477,0.9053751399776035,0.8085,0.9107142857142857,
8,fedavg,0,4,0,False,False,0.31522956326987683,0.3005,2.390580810546875,0.17757009345794392,0.013437849944008958,0.0265,0.03125,
8,fedavg,0,4,1,False,True,0.42833146696528557,0.3845,2.1701937408447267,0.018691588785046728,0.0011198208286674132,0.0025,0.0,
8,fedavg,0,4,2,False,False,0.17805151175811873,0.25,2.3890725860595703,0.8504672897196262,0.4406494960806271,0.4785,0.5223214285714286,
8,fedavg,0,4,3,False,True,0.3113101903695409,0.3575,2.2470278778076174,0.7429906542056075,0.3202687569988802,0.3455,0.25892857142857145,
8,fedavg,0,4,4,False,False,0.22116461366181406,0.2365,2.2306736450195315,0.3644859813084112,0.06942889137737962,0.0905,0.0625,
8,fedavg,0,4,5,False,False,0.3527435610302352,0.3725,1.715021011352539,0.5373831775700935,0.1606942889137738,0.1785,0.16071428571428573,
8,fedavg,0,4,7,False,False,0.3135498320268757,0.3695,2.1057799987792967,0.8364485981308412,0.24636058230683092,0.294,0.35714285714285715,
8,fedavg,0,4,8,False,False,0.4092945128779395,0.3665,2.099659652709961,0.009345794392523364,0.0011198208286674132,0.0015,0.004464285714285714,
8,fedavg,0,4,9,False,False,0.26259798432250836,0.2345,2.160547607421875,0.0,0.0,0.0,0.0,
8,fedavg,0,4,10,False,True,0.31410974244120937,0.2805,2.753294464111328,0.0,0.0,0.0,0.0,
8,fedavg,0,4,6,True,False,0.4020156774916014,0.3855,1.8886114807128906,0.24766355140186916,0.04591265397536394,0.053,0.049107142857142856,
8,fedavg,0,4,15,True,False,0.26539753639417696,0.289,2.2320581970214843,0.48598130841121495,0.167973124300112,0.182,0.16071428571428573,
8,fedavg,0,4,17,True,True,0.3337066069428891,0.3595,2.0528662109375,0.5747663551401869,0.19932810750279956,0.215,0.24107142857142858,
8,fedavg,0,4,26,True,False,0.25811870100783874,0.273,3.086447204589844,0.397196261682243,0.19764837625979842,0.1895,0.12053571428571429,
10,fedavg,0,4,0,False,False,0.31522956326987683,0.3005,2.390580810546875,0.17757009345794392,0.013437849944008958,0.026,0.022321428571428572,
10,fedavg,0,4,1,False,False,0.42833146696528557,0.3845,2.1701937408447267,0.018691588785046728,0.0011198208286674132,0.0025,0.0,
10,fedavg,0,4,2,False,True,0.332026875699888,0.3455,2.294489730834961,0.45794392523364486,0.06326987681970885,0.086,0.16964285714285715,
10,fedavg,0,4,3,False,False,0.3113101903695409,0.3575,2.2470278778076174,0.7429906542056075,0.33314669652855544,0.3575,0.29017857142857145,
10,fedavg,0,4,4,False,False,0.22116461366181406,0.2365,2.2306736450195315,0.3644859813084112,0.06886898096304592,0.0915,0.06696428571428571,
10,fedavg,0,4,5,False,False,0.3527435610302352,0.3725,1.715021011352539,0.5373831775700935,0.1618141097424412,0.1805,0.17410714285714285,
10,fedavg,0,4,7,False,False,0.3135498320268757,0.3695,2.1057799987792967,0.8364485981308412,0.2458006718924972,0.292,0.38839285714285715,
10,fedavg,0,4,8,False,True,0.32306830907054873,0.308,2.1285847625732424,0.1822429906542056,0.07054871220604703,0.071,0.06696428571428571,
10,fedavg,0,4,9,False,True,0.4557670772676372,0.4095,1.6596749267578126,0.02336448598130841,0.0016797312430011197,0.003,0.004464285714285714,
10,fedavg,0,4,10,False,False,0.3062709966405375,0.2735,2.9584397277832033,0.0,0.0,0.0,0.0,
10,fedavg,0,4,6,True,False,0.4020156774916014,0.3855,1.8886114807128906,0.24766355140186916,0.04703247480403135,0.0545,0.049107142857142856,
10,fedavg,0,4,15,True,False,0.26539753639417696,0.289,2.2320581970214843,0.48598130841121495,0.17245240761478164,0.186,0.15178571428571427,
10,fedavg,0,4,17,True,False,0.39977603583426646,0.3965,1.806835220336914,0.3691588785046729,0.196528555431131,0.1985,0.1875,
10,fedavg,0,4,26,True,False,0.332026875699888,0.317,2.5787412719726563,0.19158878504672897,0.09854423292273236,0.094,0.13392857142857142,
12,fedavg,0,4,0,False,False,0.31746920492721165,0.292,2.239177490234375,0.0794392523364486,0.005039193729003359,0.01,0.008928571428571428,
12,fedavg,0,4,1,False,False,0.42833146696528557,0.3845,2.1701937408447267,0.018691588785046728,0.0011198208286674132,0.0025,0.0,
12,fedavg,0,4,2,False,True,0.24524076147816354,0.32,2.2088173217773437,0.9439252336448598,0.5055991041433371,0.5335,0.5491071428571429,
12,fedavg,0,4,3,False,False,0.3113101903695409,0.3575,2.2470278778076174,0.7429906542056075,0.3191489361702128,0.3445,0.2857142857142857,
12,fedavg,0,4,4,False,False,0.22116461366181406,0.2365,2.2306736450195315,0.3644859813084112,0.0671892497200448,0.088,0.0625,
12,fedavg,0,4,5,False,False,0.3784994400895857,0.3575,1.8872857818603515,0.1822429906542056,0.05431131019036954,0.0545,0.06696428571428571,
12,fedavg,0,4,7,False,False,0.3135498320268757,0.3695,2.1057799987792967,0.8364485981308412,0.24188129899216126,0.29,0.36160714285714285,
12,fedavg,0,4,8,False,False,0.3863381858902576,0.361,2.0169370880126953,0.14953271028037382,0.015677491601343786,0.0205,0.017857142857142856,
12,fedavg,0,4,9,False,False,0.4557670772676372,0.4095,1.6596749267578126,0.02336448598130841,0.0011198208286674132,0.0025,0.004464285714285714,
12,fedavg,0,4,10,False,False,0.3062709966405375,0.2735,2.9584397277832033,0.0,0.0,0.0,0.0,
12,fedavg,0,4,6,True,True,0.3992161254199328,0.3965,1.7029058837890625,0.37383177570093457,0.25139977603583424,0.2405,0.23214285714285715,
12,fedavg,0,4,15,True,False,0.26539753639417696,0.289,2.2320581970214843,0.48598130841121495,0.1713325867861142,0.184,0.15178571428571427,
12,fedavg,0,4,17,True,False,0.39977603583426646,0.3965,1.806835220336914,0.3691588785046729,0.1713325867861142,0.174,0.18303571428571427,
12,fedavg,0,4,26,True,False,0.32978723404255317,0.3155,2.5765576171875,0.19626168224299065,0.08734602463605823,0.081,0.13392857142857142,
14,fedavg,0,4,0,False,False,0.31746920492721165,0.292,2.239177490234375,0.0794392523364486,0.005039193729003359,0.01,0.008928571428571428,
14,fedavg,0,4,1,False,True,0.39249720044792835,0.3505,3.18980712890625,0.0,0.0,0.0,0.0,
14,fedavg,0,4,2,False,False,0.24524076147816354,0.32,2.2088173217773437,0.9439252336448598,0.4910414333706607,0.5195,0.5178571428571429,
14,fedavg,0,4,3,False,False,0.3113101903695409,0.3575,2.2470278778076174,0.7429906542056075,0.31858902575587905,0.3445,0.2857142857142857,
14,fedavg,0,4,4,False,False,0.22116461366181406,0.2365,2.2306736450195315,0.3644859813084112,0.0683090705487122,0.0885,0.0625,
14,fedavg,0,4,5,False,True,0.36674132138857785,0.3605,2.075865478515625,0.308411214953271,0.03583426651735722,0.042,0.05803571428571429,
14,fedavg,0,4,7,False,False,0.3135498320268757,0.3695,2.1057799987792967,0.8364485981308412,0.23684210526315788,0.2835,0.3794642857142857,
14,fedavg,0,4,8,False,False,0.3863381858902576,0.361,2.0169370880126953,0.14953271028037382,0.0167973124300112,0.0215,0.026785714285714284,
14,fedavg,0,4,9,False,True,0.4921612541993281,0.4535,1.5265646057128905,0.1308411214953271,0.010078387458006719,0.0125,0.008928571428571428,
14,fedavg,0,4,10,False,False,0.36394176931690925,0.325,3.2159730834960936,0.0,0.0,0.0,0.0,
14,fedavg,0,4,6,True,False,0.3992161254199328,0.3965,1.7029058837890625,0.37383177570093457,0.22340425531914893,0.2145,0.20535714285714285,
14,fedavg,0,4,15,True,True,0.35386338185890254,0.3315,1.97232421875,0.14485981308411214,0.22340425531914893,0.2085,0.20535714285714285,
14,fedavg,0,4,17,True,True,0.2278835386338186,0.3,2.4158485107421876,0.9018691588785047,0.858902575587906,0.838,0.7366071428571429,
14,fedavg,0,4,26,True,False,0.332026875699888,0.3175,2.5725799560546876,0.19626168224299065,0.08230683090705487,0.076,0.11160714285714286,
16,fedavg,0,4,0,False,True,0.3885778275475924,0.3955,1.8874178771972656,0.4532710280373832,0.07110862262038074,0.0865,0.07142857142857142,
16,fedavg,0,4,1,False,False,0.39249720044792835,0.3505,3.18980712890625,0.0,0.0,0.0,0.0,
16,fedavg,0,4,2,False,True,0.26259798432250836,0.3385,2.7416744079589845,0.9719626168224299,0.5727883538633819,0.603,0.5982142857142857,
16,fedavg,0,4,3,False,False,0.4148936170212766,0.459,1.937613082885742,0.8271028037383178,0.280515117581187,0.328,0.32589285714285715,
16,fedavg,0,4,4,False,True,0.4876819708846585,0.474,1.4812479248046875,0.3598130841121495,0.04143337066069429,0.054,0.03125,
16,fedavg,0,4,5,False,False,0.36674132138857785,0.3605,2.075865478515625,0.308411214953271,0.036954087346024636,0.043,0.049107142857142856,
16,fedavg,0,4,7,False,True,0.20324748040313545,0.2735,3.4621539306640625,0.8598130841121495,0.39137737961926095,0.4175,0.4955357142857143,
16,fedavg,0,4,8,False,False,0.5218365061590146,0.489,1.6496684112548827,0.21495327102803738,0.05375139977603583,0.056,0.04017857142857143,
16,fedavg,0,4,9,False,False,0.4921612541993281,0.4535,1.5265646057128905,0.1308411214953271,0.009518477043673012,0.012,0.0,
16,fedavg,0,4,10,False,False,0.36394176931690925,0.325,3.2159730834960936,0.0,0.0,0.0,0.0,
16,fedavg,0,4,6,True,False,0.39529675251959684,0.405,1.764345718383789,0.48598130841121495,0.5335946248600224,0.513,0.5758928571428571,
16,fedavg,0,4,15,True,True,0.3577827547592385,0.356,1.9247225799560548,0.3411214953271028,0.8213885778275476,0.7555,0.9151785714285714,
16,fedavg,0,4,17,True,False,0.2278835386338186,0.3,2.4158485107421876,0.9018691588785047,0.8729003359462486,0.851,0.7723214285714286,
16,fedavg,0,4,26,True,False,0.3337066069428891,0.319,2.5756107482910156,0.19626168224299065,0.09742441209406495,0.091,0.14732142857142858,
18,fedavg,0,4,0,False,False,0.3885778275475924,0.3955,1.8874178771972656,0.4532710280373832,0.07110862262038074,0.086,0.05357142857142857,
18,fedavg,0,4,1,False,False,0.39249720044792835,0.3505,3.18980712890625,0.0,0.0,0.0,0.0,
18,fedavg,0,4,2,False,False,0.26259798432250836,0.3385,2.7416744079589845,0.9719626168224299,0.5711086226203808,0.6005,0.6071428571428571,
18,fedavg,0,4,3,False,False,0.4148936170212766,0.459,1.937613082885742,0.8271028037383178,0.2782754759238522,0.326,0.3169642857142857,
18,fedavg,0,4,4,False,False,0.4876819708846585,0.474,1.4812479248046875,0.3598130841121495,0.04143337066069429,0.054,0.04017857142857143,
18,fedavg,0,4,5,False,True,0.4843225083986562,0.4425,1.7689946746826173,0.09345794392523364,0.005599104143337066,0.005,0.017857142857142856,
18,fedavg,0,4,7,False,False,0.20324748040313545,0.2735,3.4621539306640625,0.8598130841121495,0.3919372900335946,0.4185,0.49107142857142855,
18,fedavg,0,4,8,False,False,0.3941769316909295,0.3525,2.6607209777832033,0.004672897196261682,0.0016797312430011197,0.0015,0.004464285714285714,
18,fedavg,0,4,9,False,False,0.4921612541993281,0.4535,1.5265646057128905,0.1308411214953271,0.010078387458006719,0.0125,0.008928571428571428,
18,fedavg,0,4,10,False,False,0.4400895856662934,0.393,2.5740911865234377,0.0,0.0,0.0,0.0,
18,fedavg,0,4,6,True,True,0.5151175811870101,0.4625,1.7094989166259766,0.02336448598130841,0.2620380739081747,0.235,0.41517857142857145,
18,fedavg,0,4,15,True,False,0.3577827547592385,0.356,1.9247225799560548,0.3411214953271028,0.8157894736842105,0.7495,0.8794642857142857,
18,fedavg,0,4,17,True,False,0.2278835386338186,0.3,2.4158485107421876,0.9018691588785047,0.8801791713325868,0.8575,0.7767857142857143,
18,fedavg,0,4,26,True,True,0.38185890257558786,0.36,2.3061983337402343,0.17757009345794392,0.7648376259798432,0.6915,0.8571428571428571,
20,fedavg,0,4,0,False,False,0.46808510638297873,0.4905,1.539818618774414,0.677570093457944,0.18085106382978725,0.1995,0.12946428571428573,
20,fedavg,0,4,1,False,False,0.39249720044792835,0.3505,3.18980712890625,0.0,0.0,0.0,0.0,
20,fedavg,0,4,2,False,False,0.4070548712206047,0.453,1.8300464172363282,0.8364485981308412,0.23908174692049272,0.268,0.3482142857142857,
20,fedavg,0,4,3,False,True,0.45464725643896975,0.492,1.9113109436035156,0.8037383177570093,0.20660694288913775,0.248,0.2544642857142857,
20,fedavg,0,4,4,False,False,0.4876819708846585,0.474,1.4812479248046875,0.3598130841121495,0.0425531914893617,0.0555,0.03125,
20,fedavg,0,4,5,False,False,0.4843225083986562,0.4425,1.7689946746826173,0.09345794392523364,0.005039193729003359,0.0045,0.026785714285714284,
20,fedavg,0,4,7,False,False,0.42329227323628216,0.4645,1.8307350311279298,0.8084112149532711,0.3101903695408735,0.3265,0.3794642857142857,
20,fedavg,0,4,8,False,False,0.3941769316909295,0.3525,2.6607209777832033,0.004672897196261682,0.0016797312430011197,0.0015,0.004464285714285714,
20,fedavg,0,4,9,False,False,0.4921612541993281,0.4535,1.5265646057128905,0.1308411214953271,0.009518477043673012,0.012,0.008928571428571428,
20,fedavg,0,4,10,False,False,0.4400895856662934,0.393,2.5740911865234377,0.0,0.0,0.0,0.0,
20,fedavg,0,4,6,True,True,0.3908174692049272,0.4155,1.817883087158203,0.6214953271028038,0.9703247480403135,0.93,0.9821428571428571,
20,fedavg,0,4,15,True,False,0.3577827547592385,0.356,1.9247225799560548,0.3411214953271028,0.8174692049272116,0.75,0.8660714285714286,
20,fedavg,0,4,17,True,True,0.45688689809630456,0.4935,1.5721661834716796,0.7990654205607477,0.9165733482642777,0.8905,0.9241071428571429,
20,fedavg,0,4,26,True,False,0.4120940649496081,0.382,2.1977693176269533,0.1308411214953271,0.6539753639417694,0.59,0.8883928571428571,
22,fedavg,0,4,0,False,False,0.46808510638297873,0.4905,1.539818618774414,0.677570093457944,0.1797312430011198,0.197,0.12946428571428573,
22,fedavg,0,4,1,False,False,0.39249720044792835,0.3505,3.18980712890625,0.0,0.0,0.0,0.0,
22,fedavg,0,4,2,False,True,0.29675251959686455,0.3705,2.622311462402344,0.985981308411215,0.6270996640537514,0.652,0.6785714285714286,
22,fedavg,0,4,3,False,False,0.45464725643896975,0.492,1.9113109436035156,0.8037383177570093,0.20716685330347145,0.249,0.2857142857142857,
22,fedavg,0,4,4,False,False,0.4876819708846585,0.474,1.4812479248046875,0.3598130841121495,0.04143337066069429,0.0535,0.03571428571428571,
22,fedavg,0,4,5,False,True,0.3387458006718925,0.3405,2.525734619140625,0.35514018691588783,0.052071668533034715,0.0585,0.09821428571428571,
22,fedavg,0,4,7,False,False,0.42329227323628216,0.4645,1.8307350311279298,0.8084112149532711,0.30851063829787234,0.325,0.39732142857142855,
22,fedavg,0,4,8,False,False,0.3941769316909295,0.3525,2.6607209777832033,0.004672897196261682,0.0016797312430011197,0.0015,0.004464285714285714,
22,fedavg,0,4,9,False,False,0.4921612541993281,0.4535,1.5265646057128905,0.1308411214953271,0.008958566629339306,0.0115,0.008928571428571428,
22,fedavg,0,4,10,False,False,0.4400895856662934,0.393,2.5740911865234377,0.0,0.0,0.0,0.0,
22,fedavg,0,4,6,True,False,0.3908174692049272,0.4155,1.817883087158203,0.6214953271028038,0.9742441209406495,0.934,0.9598214285714286,
22,fedavg,0,4,15,True,False,0.3577827547592385,0.356,1.9247225799560548,0.3411214953271028,0.8325867861142218,0.766,0.8616071428571429,
22,fedavg,0,4,17,True,False,0.45688689809630456,0.4935,1.5721661834716796,0.7990654205607477,0.921612541993281,0.896,0.9285714285714286,
22,fedavg,0,4,26,True,True,0.477043673012318,0.4515,1.7657979431152344,0.2383177570093458,0.7620380739081747,0.7055,0.96875,
24,fedavg,0,4,0,False,False,0.46808510638297873,0.4905,1.539818618774414,0.677570093457944,0.1769316909294513,0.195,0.13392857142857142,
24,fedavg,0,4,1,False,False,0.39249720044792835,0.3505,3.18980712890625,0.0,0.0,0.0,0.0,
24,fedavg,0,4,2,False,True,0.44456886898096304,0.498,1.623133560180664,0.9439252336448598,0.4070548712206047,0.4395,0.4955357142857143,
24,fedavg,0,4,3,False,False,0.45464725643896975,0.492,1.9113109436035156,0.8037383177570093,0.20716685330347145,0.2495,0.26785714285714285,
24,fedavg,0,4,4,False,False,0.5033594624860023,0.4635,1.5493170166015624,0.1308411214953271,0.011198208286674132,0.0135,0.017857142857142856,
24,fedavg,0,4,5,False,False,0.3387458006718925,0.3405,2.525734619140625,0.35514018691588783,0.051511758118701005,0.058,0.08928571428571429,
24,fedavg,0,4,7,False,False,0.42329227323628216,0.4645,1.8307350311279298,0.8084112149532711,0.3101903695408735,0.3265,0.4107142857142857,
24,fedavg,0,4,8,False,False,0.3941769316909295,0.3525,2.6607209777832033,0.004672897196261682,0.0016797312430011197,0.0015,0.008928571428571428,
24,fedavg,0,4,9,False,False,0.4921612541993281,0.4535,1.5265646057128905,0.1308411214953271,0.008958566629339306,0.0115,0.008928571428571428,
24,fedavg,0,4,10,False,False,0.4400895856662934,0.393,2.5740911865234377,0.0,0.0,0.0,0.0,
24,fedavg,0,4,6,True,False,0.3908174692049272,0.4155,1.817883087158203,0.6214953271028038,0.9736842105263158,0.934,0.9553571428571429,
24,fedavg,0,4,15,True,False,0.3577827547592385,0.356,1.9247225799560548,0.3411214953271028,0.8404255319148937,0.7745,0.7767857142857143,
24,fedavg,0,4,17,True,False,0.551511758118701,0.572,1.392983673095703,0.7429906542056075,0.7905935050391937,0.7795,0.8348214285714286,
24,fedavg,0,4,26,True,False,0.4529675251959686,0.4185,2.00848779296875,0.1308411214953271,0.7793952967525196,0.721,0.9910714285714286,
26,fedavg,0,4,0,False,False,0.46808510638297873,0.4905,1.539818618774414,0.677570093457944,0.1763717805151176,0.1945,0.12053571428571429,
26,fedavg,0,4,1,False,False,0.39249720044792835,0.3505,3.18980712890625,0.0,0.0,0.0,0.0,
26,fedavg,0,4,2,False,False,0.44456886898096304,0.498,1.623133560180664,0.9439252336448598,0.40985442329227323,0.4425,0.4955357142857143,
26,fedavg,0,4,3,False,False,0.45464725643896975,0.492,1.9113109436035156,0.8037383177570093,0.20660694288913775,0.249,0.27232142857142855,
26,fedavg,0,4,4,False,False,0.5347144456886899,0.528,1.5444644622802735,0.4719626168224299,0.08790593505039193,0.093,0.10714285714285714,
26,fedavg,0,4,5,False,False,0.3387458006718925,0.3405,2.525734619140625,0.35514018691588783,0.051511758118701005,0.057,0.08035714285714286,
26,fedavg,0,4,7,False,False,0.4921612541993281,0.516,1.5239139862060547,0.7149532710280374,0.14109742441209405,0.1635,0.26339285714285715,
26,fedavg,0,4,8,False,True,0.5509518477043673,0.519,1.527660140991211,0.2523364485981308,0.029115341545352745,0.0315,0.049107142857142856,
26,fedavg,0,4,9,False,True,0.2586786114221724,0.233,4.543525299072265,0.018691588785046728,0.0022396416573348264,0.002,0.0,
26,fedavg,0,4,10,False,False,0.4400895856662934,0.393,2.5740911865234377,0.0,0.0,0.0,0.0,
26,fedavg,0,4,6,True,True,0.541993281075028,0.503,1.5168101043701172,0.17757009345794392,0.9473684210526315,0.869,0.8705357142857143,
26,fedavg,0,4,15,True,False,0.3577827547592385,0.356,1.9247225799560548,0.3411214953271028,0.8393057110862262,0.7725,0.8080357142857143,
26,fedavg,0,4,17,True,False,0.551511758118701,0.572,1.392983673095703,0.7429906542056075,0.7911534154535275,0.7795,0.8392857142857143,
26,fedavg,0,4,26,True,False,0.41825307950727886,0.4085,2.0435247955322264,0.32710280373831774,0.9098544232922733,0.86,0.9910714285714286,
28,fedavg,0,4,0,False,False,0.46808510638297873,0.4905,1.539818618774414,0.677570093457944,0.17357222844344905,0.192,0.14285714285714285,
28,fedavg,0,4,1,False,False,0.39249720044792835,0.3505,3.18980712890625,0.0,0.0,0.0,0.0,
28,fedavg,0,4,2,False,False,0.44456886898096304,0.498,1.623133560180664,0.9439252336448598,0.41041433370660696,0.4435,0.49107142857142855,
28,fedavg,0,4,3,False,True,0.421612541993281,0.4635,2.1795982818603514,0.8130841121495327,0.3471444568868981,0.365,0.3125,
28,fedavg,0,4,4,False,True,0.393057110862262,0.425,2.2295460662841795,0.6915887850467289,0.24860022396416573,0.25,0.21875,
28,fedavg,0,4,5,False,False,0.4972004479283315,0.4965,1.7075834197998048,0.49065420560747663,0.09182530795072788,0.1005,0.125,
28,fedavg,0,4,7,False,False,0.4921612541993281,0.516,1.5239139862060547,0.7149532710280374,0.14109742441209405,0.1635,0.2857142857142857,
28,fedavg,0,4,8,False,False,0.5509518477043673,0.519,1.527660140991211,0.2523364485981308,0.030235162374020158,0.0335,0.04017857142857143,
28,fedavg,0,4,9,False,False,0.2586786114221724,0.233,4.543525299072265,0.018691588785046728,0.0022396416573348264,0.002,0.0,
28,fedavg,0,4,10,False,False,0.4400895856662934,0.393,2.5740911865234377,0.0,0.0,0.0,0.0,
28,fedavg,0,4,6,True,False,0.541993281075028,0.503,1.5168101043701172,0.17757009345794392,0.9546472564389697,0.878,0.8883928571428571,
28,fedavg,0,4,15,True,False,0.3577827547592385,0.356,1.9247225799560548,0.3411214953271028,0.858902575587906,0.7985,0.8214285714285714,
28,fedavg,0,4,17,True,False,0.38745800671892494,0.417,1.967603515625,0.6635514018691588,0.9888017917133258,0.9595,0.96875,
28,fedavg,0,4,26,True,False,0.4193729003359462,0.4105,2.0350766143798826,0.3364485981308411,0.9193729003359462,0.873,0.9910714285714286,
30,fedavg,0,4,0,False,False,0.5470324748040314,0.529,1.409119255065918,0.37850467289719625,0.040873460246360585,0.0515,0.04017857142857143,
30,fedavg,0,4,1,False,False,0.39249720044792835,0.3505,3.18980712890625,0.0,0.0,0.0,0.0,
30,fedavg,0,4,2,False,False,0.44456886898096304,0.498,1.623133560180664,0.9439252336448598,0.4148936170212766,0.4485,0.5044642857142857,
30,fedavg,0,4,3,False,False,0.421612541993281,0.4635,2.1795982818603514,0.8130841121495327,0.3516237402015677,0.3695,0.35267857142857145,
30,fedavg,0,4,4,False,True,0.5711086226203808,0.5545,1.4332374420166016,0.4158878504672897,0.055431131019036954,0.0595,0.08482142857142858,
30,fedavg,0,4,5,False,True,0.4916013437849944,0.467,1.920896514892578,0.2616822429906542,0.09966405375139978,0.096,0.12946428571428573,
30,fedavg,0,4,7,False,False,0.4921612541993281,0.516,1.5239139862060547,0.7149532710280374,0.14109742441209405,0.1635,0.25892857142857145,
30,fedavg,0,4,8,False,False,0.5509518477043673,0.519,1.527660140991211,0.2523364485981308,0.029115341545352745,0.0315,0.03125,
30,fedavg,0,4,9,False,True,0.5923852183650615,0.5575,1.3307298126220704,0.26635514018691586,0.0425531914893617,0.0415,0.044642857142857144,
30,fedavg,0,4,10,False,False,0.4400895856662934,0.393,2.5740911865234377,0.0,0.0,0.0,0.0,
30,fedavg,0,4,6,True,False,0.5,0.496,1.995974136352539,0.46261682242990654,0.9456886898096305,0.9065,0.96875,
30,fedavg,0,4,15,True,False,0.3577827547592385,0.356,1.9247225799560548,0.3411214953271028,0.8885778275475924,0.8365,0.8571428571428571,
30,fedavg,0,4,17,True,False,0.38745800671892494,0.417,1.967603515625,0.6635514018691588,0.990481522956327,0.9645,0.9866071428571429,
30,fedavg,0,4,26,True,False,0.3191489361702128,0.3135,2.358071136474609,0.26635514018691586,0.996080627099664,0.957,1.0,
32,fedavg,0,4,0,False,False,0.5470324748040314,0.529,1.409119255065918,0.37850467289719625,0.04143337066069429,0.052,0.026785714285714284,
32,fedavg,0,4,1,False,False,0.39249720044792835,0.3505,3.18980712890625,0.0,0.0,0.0,0.0,
32,fedavg,0,4,2,False,False,0.44456886898096304,0.498,1.623133560180664,0.9439252336448598,0.4148936170212766,0.449,0.5178571428571429,
32,fedavg,0,4,3,False,False,0.421612541993281,0.4635,2.1795982818603514,0.8130841121495327,0.3516237402015677,0.3695,0.35267857142857145,
32,fedavg,0,4,4,False,False,0.5711086226203808,0.5545,1.4332374420166016,0.4158878504672897,0.054871220604703244,0.059,0.06696428571428571,
32,fedavg,0,4,5,False,False,0.5649496080627099,0.5705,1.4579150238037109,0.616822429906542,0.22172452407614782,0.211,0.25892857142857145,
32,fedavg,0,4,7,False,False,0.4921612541993281,0.516,1.5239139862060547,0.7149532710280374,0.13997760358342665,0.1625,0.26785714285714285,
32,fedavg,0,4,8,False,False,0.5509518477043673,0.519,1.527660140991211,0.2523364485981308,0.029115341545352745,0.0315,0.04017857142857143,
32,fedavg,0,4,9,False,False,0.5257558790593505,0.4775,1.73376904296875,0.07476635514018691,0.0033594624860022394,0.0035,0.004464285714285714,
32,fedavg,0,4,10,False,True,0.6343784994400896,0.5665,1.941584228515625,0.0,0.0,0.0,0.0,
32,fedavg,0,4,6,True,False,0.5,0.496,1.995974136352539,0.46261682242990654,0.9473684210526315,0.9095,0.9642857142857143,
32,fedavg,0,4,15,True,False,0.3577827547592385,0.356,1.9247225799560548,0.3411214953271028,0.8891377379619261,0.837,0.875,
32,fedavg,0,4,17,True,True,0.4972004479283315,0.531,1.4344930877685547,0.8130841121495327,0.9955207166853304,0.9865,0.9866071428571429,
32,fedavg,0,4,26,True,False,0.43952967525195974,0.4015,2.1930189208984374,0.08411214953271028,0.9848824188129899,0.9345,1.0,
34,fedavg,0,4,0,False,True,0.5537513997760358,0.546,1.4410462036132812,0.48130841121495327,0.06998880179171332,0.0775,0.05357142857142857,
34,fedavg,0,4,1,False,False,0.5671892497200448,0.509,1.666088394165039,0.02336448598130841,0.0016797312430011197,0.0015,0.0,
34,fedavg,0,4,2,False,True,0.4552071668533034,0.509,1.6773230895996094,0.9579439252336449,0.5408734602463606,0.5515,0.5625,
34,fedavg,0,4,3,False,False,0.421612541993281,0.4635,2.1795982818603514,0.8130841121495327,0.35218365061590146,0.37,0.3482142857142857,
34,fedavg,0,4,4,False,False,0.5711086226203808,0.5545,1.4332374420166016,0.4158878504672897,0.05375139977603583,0.0575,0.07589285714285714,
34,fedavg,0,4,5,False,False,0.5649496080627099,0.5705,1.4579150238037109,0.616822429906542,0.22284434490481522,0.212,0.23214285714285715,
34,fedavg,0,4,7,False,False,0.4921612541993281,0.516,1.5239139862060547,0.7149532710280374,0.13941769316909294,0.162,0.28125,
34,fedavg,0,4,8,False,False,0.5509518477043673,0.519,1.527660140991211,0.2523364485981308,0.02855543113101904,0.031,0.044642857142857144,
34,fedavg,0,4,9,False,True,0.6388577827547592,0.5955,1.28392626953125,0.2336448598130841,0.008958566629339306,0.0115,0.022321428571428572,
34,fedavg,0,4,10,False,False,0.6343784994400896,0.5665,1.941584228515625,0.0,0.0,0.0,0.0,
34,fedavg,0,4,6,True,False,0.5,0.496,1.995974136352539,0.46261682242990654,0.9473684210526315,0.91,0.9464285714285714,
34,fedavg,0,4,15,True,False,0.3577827547592385,0.356,1.9247225799560548,0.3411214953271028,0.8874580067189249,0.835,0.8883928571428571,
34,fedavg,0,4,17,True,True,0.625979843225084,0.6255,1.161047950744629,0.6214953271028038,0.9854423292273237,0.965,0.9910714285714286,
34,fedavg,0,4,26,True,False,0.44120940649496077,0.4025,2.182887405395508,0.0794392523364486,0.9854423292273237,0.933,1.0,
36,fedavg,0,4,0,False,False,0.5537513997760358,0.546,1.4410462036132812,0.48130841121495327,0.07166853303471445,0.0795,0.0625,
36,fedavg,0,4,1,False,False,0.5671892497200448,0.509,1.666088394165039,0.02336448598130841,0.0016797312430011197,0.0015,0.0,
36,fedavg,0,4,2,False,False,0.4552071668533034,0.509,1.6773230895996094,0.9579439252336449,0.5403135498320268,0.551,0.5491071428571429,
36,fedavg,0,4,3,False,True,0.5296752519596865,0.563,1.5660966796875,0.8411214953271028,0.33090705487122063,0.353,0.3482142857142857,
36,fedavg,0,4,4,False,False,0.5711086226203808,0.5545,1.4332374420166016,0.4158878504672897,0.05319148936170213,0.057,0.0625,
36,fedavg,0,4,5,False,False,0.5649496080627099,0.5705,1.4579150238037109,0.616822429906542,0.22564389697648377,0.214,0.22767857142857142,
36,fedavg,0,4,7,False,False,0.4921612541993281,0.516,1.5239139862060547,0.7149532710280374,0.13941769316909294,0.162,0.26339285714285715,
36,fedavg,0,4,8,False,True,0.6019036954087347,0.592,1.1731486892700196,0.5093457943925234,0.07222844344904815,0.0805,0.09375,
36,fedavg,0,4,9,False,False,0.6388577827547592,0.5955,1.28392626953125,0.2336448598130841,0.008958566629339306,0.0115,0.017857142857142856,
36,fedavg,0,4,10,False,True,0.578387458006719,0.5165,2.242309875488281,0.0,0.0,0.0,0.0,
36,fedavg,0,4,6,True,False,0.5,0.496,1.995974136352539,0.46261682242990654,0.9490481522956327,0.912,0.9642857142857143,
36,fedavg,0,4,15,True,False,0.5621500559910415,0.54,1.3230027770996093,0.35514018691588783,0.9955207166853304,0.98,0.9866071428571429,
36,fedavg,0,4,17,True,False,0.5201567749160134,0.5235,1.464426498413086,0.5514018691588785,0.9949608062709966,0.977,0.9910714285714286,
36,fedavg,0,4,26,True,False,0.4423292273236282,0.404,2.1931121063232424,0.08411214953271028,0.9837625979843225,0.9335,1.0,
38,fedavg,0,4,0,False,False,0.5537513997760358,0.546,1.4410462036132812,0.48130841121495327,0.07166853303471445,0.0795,0.05357142857142857,
38,fedavg,0,4,1,False,False,0.5671892497200448,0.509,1.666088394165039,0.02336448598130841,0.0016797312430011197,0.0015,0.0,
38,fedavg,0,4,2,False,False,0.4944008958566629,0.5385,1.6243287048339843,0.9065420560747663,0.3673012318029115,0.396,0.4642857142857143,
38,fedavg,0,4,3,False,False,0.5296752519596865,0.563,1.5660966796875,0.8411214953271028,0.33202687569988804,0.354,0.32142857142857145,
38,fedavg,0,4,4,False,False,0.5711086226203808,0.5545,1.4332374420166016,0.4158878504672897,0.05263157894736842,0.0565,0.07142857142857142,
38,fedavg,0,4,5,False,False,0.4070548712206047,0.3725,2.8767489624023437,0.08411214953271028,0.006718924972004479,0.007,0.022321428571428572,
38,fedavg,0,4,7,False,True,0.4742441209406495,0.5105,1.6858586578369141,0.8130841121495327,0.1103023516237402,0.1325,0.26785714285714285,
38,fedavg,0,4,8,False,True,0.5089585666293392,0.499,1.6216309814453125,0.4158878504672897,0.10358342665173573,0.1025,0.12053571428571429,
38,fedavg,0,4,9,False,False,0.6388577827547592,0.5955,1.28392626953125,0.2336448598130841,0.008958566629339306,0.0115,0.017857142857142856,
38,fedavg,0,4,10,False,True,0.6170212765957447,0.551,2.3785213928222655,0.0,0.0,0.0,0.0,
38,fedavg,0,4,6,True,True,0.5671892497200448,0.526,1.5565791473388673,0.1822429906542056,0.9400895856662934,0.8995,0.9508928571428571,
38,fedavg,0,4,15,True,False,0.5621500559910415,0.54,1.3230027770996093,0.35514018691588783,0.9955207166853304,0.98,0.9866071428571429,
38,fedavg,0,4,17,True,False,0.5201567749160134,0.5235,1.464426498413086,0.5514018691588785,0.9949608062709966,0.9775,0.9866071428571429,
38,fedavg,0,4,26,True,False,0.4372900335946248,0.3995,2.192655334472656,0.08411214953271028,0.986562150055991,0.936,1.0,
40,fedavg,0,4,0,False,False,0.5537513997760358,0.546,1.4410462036132812,0.48130841121495327,0.07166853303471445,0.0795,0.0625,
40,fedavg,0,4,1,False,False,0.5671892497200448,0.509,1.666088394165039,0.02336448598130841,0.0016797312430011197,0.0015,0.0,
40,fedavg,0,4,2,False,True,0.3292273236282195,0.401,2.4587347412109377,1.0,0.7446808510638298,0.7525,0.7544642857142857,
40,fedavg,0,4,3,False,True,0.5016797312430011,0.5505,1.8165333709716798,0.9579439252336449,0.6220604703247481,0.638,0.6830357142857143,
40,fedavg,0,4,4,False,False,0.5711086226203808,0.5545,1.4332374420166016,0.4158878504672897,0.05319148936170213,0.057,0.07589285714285714,
40,fedavg,0,4,5,False,True,0.5643896976483762,0.595,1.4352241668701171,0.8504672897196262,0.41825307950727886,0.423,0.4375,
40,fedavg,0,4,7,False,False,0.40257558790593506,0.4595,1.9550680236816407,0.9345794392523364,0.3986562150055991,0.426,0.49107142857142855,
40,fedavg,0,4,8,False,True,0.5358342665173572,0.5605,1.5940052032470704,0.7663551401869159,0.2597984322508399,0.27,0.32589285714285715,
40,fedavg,0,4,9,False,True,0.49328107502799556,0.473,1.971676513671875,0.3037383177570093,0.01791713325867861,0.021,0.017857142857142856,
40,fedavg,0,4,10,False,False,0.6170212765957447,0.551,2.3785213928222655,0.0,0.0,0.0,0.0,
40,fedavg,0,4,6,True,True,0.5207166853303471,0.501,1.7462686767578126,0.3364485981308411,0.9949608062709966,0.976,0.9955357142857143,
40,fedavg,0,4,15,True,False,0.5621500559910415,0.54,1.3230027770996093,0.35514018691588783,0.9955207166853304,0.98,0.9955357142857143,
40,fedavg,0,4,17,True,False,0.5201567749160134,0.5235,1.464426498413086,0.5514018691588785,0.9949608062709966,0.9775,0.9955357142857143,
40,fedavg,0,4,26,True,False,0.43952967525195974,0.4015,2.192811019897461,0.08411214953271028,0.9871220604703248,0.9375,1.0,
42,fedavg,0,4,0,False,True,0.4977603583426652,0.4895,1.9815404968261718,0.4205607476635514,0.08678611422172453,0.099,0.05803571428571429,
42,fedavg,0,4,1,False,False,0.5750279955207167,0.5175,1.6687563781738282,0.037383177570093455,0.002799552071668533,0.003,0.004464285714285714,
42,fedavg,0,4,2,False,False,0.3292273236282195,0.401,2.4587347412109377,1.0,0.7446808510638298,0.7525,0.7455357142857143,
42,fedavg,0,4,3,False,False,0.5016797312430011,0.5505,1.8165333709716798,0.9579439252336449,0.6209406494960806,0.637,0.6785714285714286,
42,fedavg,0,4,4,False,False,0.5711086226203808,0.5545,1.4332374420166016,0.4158878504672897,0.05319148936170213,0.057,0.07142857142857142,
42,fedavg,0,4,5,False,True,0.5453527435610303,0.5385,1.786605728149414,0.48130841121495327,0.1534154535274356,0.148,0.18303571428571427,
42,fedavg,0,4,7,False,False,0.40257558790593506,0.4595,1.9550680236816407,0.9345794392523364,0.3997760358342665,0.427,0.5089285714285714,
42,fedavg,0,4,8,False,True,0.5951847704367301,0.572,1.5257183074951173,0.37850467289719625,0.05879059350503919,0.0605,0.08035714285714286,
42,fedavg,0,4,9,False,True,0.5582306830907056,0.5335,1.902292282104492,0.32710280373831774,0.022396416573348264,0.0255,0.022321428571428572,
42,fedavg,0,4,10,False,False,0.6170212765957447,0.551,2.3785213928222655,0.0,0.0,0.0,0.0,
42,fedavg,0,4,6,True,False,0.49384098544232924,0.4995,1.9171998748779298,0.5467289719626168,0.9725643896976484,0.954,0.9955357142857143,
42,fedavg,0,4,15,True,True,0.48376259798432253,0.4745,1.6323145751953125,0.397196261682243,0.9848824188129899,0.9695,0.9776785714285714,
42,fedavg,0,4,17,True,True,0.551511758118701,0.5775,1.3372817993164063,0.794392523364486,0.9983202687569989,0.9885,0.9955357142857143,
42,fedavg,0,4,26,True,False,0.44120940649496077,0.4025,2.182592041015625,0.0794392523364486,0.9854423292273237,0.935,1.0,
44,fedavg,0,4,0,False,False,0.4977603583426652,0.4895,1.9815404968261718,0.4205607476635514,0.08678611422172453,0.099,0.07142857142857142,
44,fedavg,0,4,1,False,False,0.5750279955207167,0.5175,1.6687563781738282,0.037383177570093455,0.002799552071668533,0.003,0.0,
44,fedavg,0,4,2,False,True,0.3885778275475924,0.415,3.130742401123047,0.6355140186915887,0.07222844344904815,0.0955,0.2544642857142857,
44,fedavg,0,4,3,False,False,0.4955207166853304,0.5425,1.6980622406005859,0.9345794392523364,0.5940649496080627,0.6075,0.5758928571428571,
44,fedavg,0,4,4,False,False,0.5711086226203808,0.5545,1.4332374420166016,0.4158878504672897,0.05319148936170213,0.057,0.07589285714285714,
44,fedavg,0,4,5,False,False,0.5453527435610303,0.5385,1.786605728149414,0.48130841121495327,0.1534154535274356,0.148,0.17857142857142858,
44,fedavg,0,4,7,False,False,0.40257558790593506,0.4595,1.9550680236816407,0.9345794392523364,0.3997760358342665,0.427,0.49107142857142855,
44,fedavg,0,4,8,False,True,0.5789473684210527,0.561,1.516908660888672,0.411214953271028,0.09854423292273236,0.0975,0.16517857142857142,
44,fedavg,0,4,9,False,True,0.5145576707726764,0.4995,2.2587845611572264,0.37383177570093457,0.025195968645016796,0.027,0.026785714285714284,
44,fedavg,0,4,10,False,False,0.6058230683090706,0.541,2.3782745513916015,0.0,0.0,0.0,0.0,
44,fedavg,0,4,6,True,False,0.49384098544232924,0.4995,1.9171998748779298,0.5467289719626168,0.9725643896976484,0.954,0.9821428571428571,
44,fedavg,0,4,15,True,True,0.5145576707726764,0.5,1.5538094329833985,0.37850467289719625,0.9871220604703248,0.9655,0.9776785714285714,
44,fedavg,0,4,17,True,False,0.551511758118701,0.5775,1.3372817993164063,0.794392523364486,0.9983202687569989,0.9885,0.9955357142857143,
44,fedavg,0,4,26,True,False,0.4384098544232923,0.4015,2.1964870300292967,0.09345794392523364,0.9871220604703248,0.938,1.0,
46,fedavg,0,4,0,False,False,0.4977603583426652,0.4895,1.9815404968261718,0.4205607476635514,0.08678611422172453,0.099,0.05357142857142857,
46,fedavg,0,4,1,False,False,0.5750279955207167,0.5175,1.6687563781738282,0.037383177570093455,0.002799552071668533,0.003,0.0,
46,fedavg,0,4,2,False,True,0.3656215005599104,0.4325,2.3599110107421875,0.9906542056074766,0.648936170212766,0.6585,0.7142857142857143,
46,fedavg,0,4,3,False,False,0.4955207166853304,0.5425,1.6980622406005859,0.9345794392523364,0.593505039193729,0.608,0.5669642857142857,
46,fedavg,0,4,4,False,False,0.5711086226203808,0.5545,1.4332374420166016,0.4158878504672897,0.05319148936170213,0.057,0.0625,
46,fedavg,0,4,5,False,True,0.6220604703247481,0.615,1.473283706665039,0.5560747663551402,0.11422172452407615,0.1155,0.11607142857142858,
46,fedavg,0,4,7,False,False,0.40257558790593506,0.4595,1.9550680236816407,0.9345794392523364,0.3997760358342665,0.427,0.5089285714285714,
46,fedavg,0,4,8,False,False,0.603023516237402,0.5915,1.386965118408203,0.4953271028037383,0.09238521836506158,0.094,0.11160714285714286,
46,fedavg,0,4,9,False,False,0.5145576707726764,0.4995,2.2587845611572264,0.37383177570093457,0.025755879059350503,0.0275,0.026785714285714284,
46,fedavg,0,4,10,False,True,0.6203807390817468,0.554,2.2148033447265627,0.0,0.0,0.0,0.0,
46,fedavg,0,4,6,True,True,0.4400895856662934,0.47,1.8187798156738282,0.719626168224299,0.996080627099664,0.9935,1.0,
46,fedavg,0,4,15,True,True,0.555431131019037,0.5315,1.5507907257080078,0.3317757009345794,0.9820828667413214,0.96,0.9642857142857143,
46,fedavg,0,4,17,True,False,0.551511758118701,0.5775,1.3372817993164063,0.794392523364486,0.9983202687569989,0.9885,0.9910714285714286,
46,fedavg,0,4,26,True,False,0.43896976483762595,0.4005,2.189355484008789,0.0794392523364486,0.9854423292273237,0.9345,1.0,
48,fedavg,0,4,0,False,True,0.6108622620380739,0.601,1.2254666442871094,0.5186915887850467,0.1590145576707727,0.1615,0.15625,
48,fedavg,0,4,1,False,False,0.5750279955207167,0.5175,1.6687563781738282,0.037383177570093455,0.002799552071668533,0.003,0.0,
48,fedavg,0,4,2,False,False,0.5358342665173572,0.566,1.6902044677734376,0.8177570093457944,0.1522956326987682,0.178,0.375,
48,fedavg,0,4,3,False,False,0.4955207166853304,0.5425,1.6980622406005859,0.9345794392523364,0.593505039193729,0.608,0.5580357142857143,
48,fedavg,0,4,4,False,False,0.5711086226203808,0.5545,1.4332374420166016,0.4158878504672897,0.05319148936170213,0.057,0.08035714285714286,
48,fedavg,0,4,5,False,False,0.6220604703247481,0.615,1.473283706665039,0.5560747663551402,0.11422172452407615,0.1155,0.12946428571428573,
48,fedavg,0,4,7,False,False,0.40257558790593506,0.4595,1.9550680236816407,0.9345794392523364,0.3997760358342665,0.427,0.4955357142857143,
48,fedavg,0,4,8,False,False,0.6735722284434491,0.675,1.0020699462890625,0.6869158878504673,0.1685330347144457,0.17,0.22767857142857142,
48,fedavg,0,4,9,False,False,0.5145576707726764,0.4995,2.2587845611572264,0.37383177570093457,0.025755879059350503,0.0275,0.022321428571428572,
48,fedavg,0,4,10,False,False,0.6203807390817468,0.554,2.2148033447265627,0.0,0.0,0.0,0.0,
48,fedavg,0,4,6,True,False,0.4400895856662934,0.47,1.8187798156738282,0.719626168224299,0.996080627099664,0.9935,1.0,
48,fedavg,0,4,15,True,False,0.555431131019037,0.5315,1.5507907257080078,0.3317757009345794,0.9820828667413214,0.96,0.9642857142857143,
48,fedavg,0,4,17,True,False,0.551511758118701,0.5775,1.3372817993164063,0.794392523364486,0.9983202687569989,0.9885,0.9955357142857143,
48,fedavg,0,4,26,True,False,0.43952967525195974,0.4015,2.187050262451172,0.08411214953271028,0.9871220604703248,0.9365,1.0,
50,fedavg,0,4,0,False,False,0.6108622620380739,0.601,1.2254666442871094,0.5186915887850467,0.1590145576707727,0.1615,0.17410714285714285,
50,fedavg,0,4,1,False,True,0.6175811870100785,0.585,1.3572817687988281,0.3130841121495327,0.0677491601343785,0.0685,0.04017857142857143,
50,fedavg,0,4,2,False,False,0.5358342665173572,0.566,1.6902044677734376,0.8177570093457944,0.1522956326987682,0.178,0.32142857142857145,
50,fedavg,0,4,3,False,False,0.4955207166853304,0.5425,1.6980622406005859,0.9345794392523364,0.593505039193729,0.6065,0.5758928571428571,
50,fedavg,0,4,4,False,False,0.5711086226203808,0.5545,1.4332374420166016,0.4158878504672897,0.05319148936170213,0.057,0.06696428571428571,
50,fedavg,0,4,5,False,False,0.6713325867861142,0.6725,1.1680354156494142,0.6822429906542056,0.1282194848824188,0.1305,0.16517857142857142,
50,fedavg,0,4,7,False,False,0.40257558790593506,0.4595,1.9550680236816407,0.9345794392523364,0.3997760358342665,0.427,0.5178571428571429,
50,fedavg,0,4,8,False,False,0.6735722284434491,0.675,1.0020699462890625,0.6869158878504673,0.167973124300112,0.1695,0.25892857142857145,
50,fedavg,0,4,9,False,False,0.5145576707726764,0.4995,2.2587845611572264,0.37383177570093457,0.025755879059350503,0.0275,0.026785714285714284,
50,fedavg,0,4,10,False,False,0.6203807390817468,0.554,2.2148033447265627,0.0,0.0,0.0,0.0,
50,fedavg,0,4,6,True,True,0.5733482642777156,0.573,1.4843556365966797,0.5700934579439252,0.9972004479283315,0.9905,0.9910714285714286,
50,fedavg,0,4,15,True,False,0.5363941769316909,0.5115,1.5363995361328124,0.3037383177570093,0.9972004479283315,0.9805,0.9553571428571429,
50,fedavg,0,4,17,True,False,0.551511758118701,0.5775,1.3372817993164063,0.794392523364486,0.9983202687569989,0.9885,1.0,
50,fedavg,0,4,26,True,False,0.49832026875699886,0.454,2.0038951568603514,0.08411214953271028,0.9893617021276596,0.9625,1.0,
52,fedavg,0,4,0,False,False,0.6108622620380739,0.601,1.2254666442871094,0.5186915887850467,0.1590145576707727,0.1615,0.16071428571428573,
52,fedavg,0,4,1,False,True,0.5907054871220605,0.539,1.7160281372070312,0.10747663551401869,0.0083986562150056,0.008,0.013392857142857142,
52,fedavg,0,4,2,False,False,0.5358342665173572,0.566,1.6902044677734376,0.8177570093457944,0.1522956326987682,0.178,0.3392857142857143,
52,fedavg,0,4,3,False,False,0.4955207166853304,0.5425,1.6980622406005859,0.9345794392523364,0.593505039193729,0.6065,0.6339285714285714,
52,fedavg,0,4,4,False,False,0.5940649496080628,0.571,1.354768569946289,0.37850467289719625,0.093505039193729,0.0905,0.10267857142857142,
52,fedavg,0,4,5,False,True,0.6746920492721165,0.6735,1.103570541381836,0.6635514018691588,0.15565509518477044,0.157,0.15178571428571427,
52,fedavg,0,4,7,False,False,0.40257558790593506,0.4595,1.9550680236816407,0.9345794392523364,0.3997760358342665,0.427,0.49107142857142855,
52,fedavg,0,4,8,False,False,0.6735722284434491,0.675,1.0020699462890625,0.6869158878504673,0.167973124300112,0.1695,0.23660714285714285,
52,fedavg,0,4,9,False,False,0.5145576707726764,0.4995,2.2587845611572264,0.37383177570093457,0.025755879059350503,0.0275,0.017857142857142856,
52,fedavg,0,4,10,False,False,0.6203807390817468,0.554,2.2148033447265627,0.0,0.0,0.0,0.0,
52,fedavg,0,4,6,True,False,0.5733482642777156,0.573,1.4843556365966797,0.5700934579439252,0.9972004479283315,0.9905,1.0,
52,fedavg,0,4,15,True,False,0.5363941769316909,0.5115,1.5363995361328124,0.3037383177570093,0.9972004479283315,0.9805,0.96875,
52,fedavg,0,4,17,True,False,0.551511758118701,0.5775,1.3372817993164063,0.794392523364486,0.9983202687569989,0.9885,1.0,
52,fedavg,0,4,26,True,False,0.47480403135498317,0.448,2.078272491455078,0.22429906542056074,0.9972004479283315,0.9875,1.0,
54,fedavg,0,4,0,False,False,0.6159014557670772,0.617,1.3028480148315429,0.6261682242990654,0.2043673012318029,0.214,0.17410714285714285,
54,fedavg,0,4,1,False,False,0.5907054871220605,0.539,1.7160281372070312,0.10747663551401869,0.0083986562150056,0.008,0.022321428571428572,
54,fedavg,0,4,2,False,False,0.5358342665173572,0.566,1.6902044677734376,0.8177570093457944,0.1522956326987682,0.178,0.33482142857142855,
54,fedavg,0,4,3,False,False,0.4955207166853304,0.5425,1.6980622406005859,0.9345794392523364,0.593505039193729,0.6065,0.6160714285714286,
54,fedavg,0,4,4,False,False,0.5940649496080628,0.571,1.354768569946289,0.37850467289719625,0.093505039193729,0.0905,0.09821428571428571,
54,fedavg,0,4,5,False,False,0.6746920492721165,0.6735,1.103570541381836,0.6635514018691588,0.15565509518477044,0.157,0.13392857142857142,
54,fedavg,0,4,7,False,False,0.40257558790593506,0.4595,1.9550680236816407,0.9345794392523364,0.3997760358342665,0.427,0.5044642857142857,
54,fedavg,0,4,8,False,False,0.42609182530795076,0.4015,3.203997589111328,0.19626168224299065,0.043673012318029114,0.0415,0.06696428571428571,
54,fedavg,0,4,9,False,False,0.5145576707726764,0.4995,2.2587845611572264,0.37383177570093457,0.025755879059350503,0.0275,0.022321428571428572,
54,fedavg,0,4,10,False,True,0.6338185890257559,0.566,2.350503875732422,0.0,0.0,0.0,0.0,
54,fedavg,0,4,6,True,False,0.526875699888018,0.485,2.1475589294433592,0.13551401869158877,1.0,0.982,0.9955357142857143,
54,fedavg,0,4,15,True,True,0.37905935050391937,0.3775,2.123548797607422,0.3644859813084112,1.0,0.9895,1.0,
54,fedavg,0,4,17,True,False,0.551511758118701,0.5775,1.3372817993164063,0.794392523364486,0.9983202687569989,0.9885,1.0,
54,fedavg,0,4,26,True,True,0.528555431131019,0.4875,1.7378355102539063,0.14485981308411214,0.9994400895856663,0.9895,1.0,
56,fedavg,0,4,0,False,True,0.5946248600223965,0.598,1.3743068084716796,0.6261682242990654,0.17413213885778275,0.1825,0.15625,
56,fedavg,0,4,1,False,False,0.5907054871220605,0.539,1.7160281372070312,0.10747663551401869,0.0083986562150056,0.008,0.013392857142857142,
56,fedavg,0,4,2,False,False,0.5358342665173572,0.566,1.6902044677734376,0.8177570093457944,0.1522956326987682,0.178,0.3482142857142857,
56,fedavg,0,4,3,False,False,0.4955207166853304,0.5425,1.6980622406005859,0.9345794392523364,0.593505039193729,0.6065,0.5714285714285714,
56,fedavg,0,4,4,False,False,0.5940649496080628,0.571,1.354768569946289,0.37850467289719625,0.093505039193729,0.0905,0.11160714285714286,
56,fedavg,0,4,5,False,False,0.6746920492721165,0.6735,1.103570541381836,0.6635514018691588,0.15565509518477044,0.157,0.12946428571428573,
56,fedavg,0,4,7,False,False,0.40257558790593506,0.4595,1.9550680236816407,0.9345794392523364,0.3997760358342665,0.427,0.5,
56,fedavg,0,4,8,False,False,0.42609182530795076,0.4015,3.203997589111328,0.19626168224299065,0.043673012318029114,0.0415,0.0625,
56,fedavg,0,4,9,False,False,0.5145576707726764,0.4995,2.2587845611572264,0.37383177570093457,0.025755879059350503,0.0275,0.026785714285714284,
56,fedavg,0,4,10,False,True,0.66013437849944,0.5895,2.1677459259033203,0.0,0.0,0.0,0.0,
56,fedavg,0,4,6,True,False,0.526875699888018,0.485,2.1475589294433592,0.13551401869158877,1.0,0.982,0.9955357142857143,
56,fedavg,0,4,15,True,False,0.4686450167973124,0.432,2.1417430419921875,0.1261682242990654,1.0,0.9935,0.9955357142857143,
56,fedavg,0,4,17,True,True,0.5011198208286674,0.541,1.5519370880126953,0.8738317757009346,1.0,0.998,0.9955357142857143,
56,fedavg,0,4,26,True,True,0.5117581187010078,0.458,2.3362698364257812,0.009345794392523364,0.9776035834266518,0.9125,1.0,
58,fedavg,0,4,0,False,False,0.5946248600223965,0.598,1.3743068084716796,0.6261682242990654,0.17413213885778275,0.1825,0.12946428571428573,
58,fedavg,0,4,1,False,False,0.5907054871220605,0.539,1.7160281372070312,0.10747663551401869,0.0083986562150056,0.008,0.017857142857142856,
58,fedavg,0,4,2,False,False,0.5358342665173572,0.566,1.6902044677734376,0.8177570093457944,0.1522956326987682,0.178,0.3169642857142857,
58,fedavg,0,4,3,False,False,0.4955207166853304,0.5425,1.6980622406005859,0.9345794392523364,0.593505039193729,0.6065,0.5803571428571429,
58,fedavg,0,4,4,False,False,0.5940649496080628,0.571,1.354768569946289,0.37850467289719625,0.093505039193729,0.0905,0.11160714285714286,
58,fedavg,0,4,5,False,False,0.5722284434490481,0.5955,1.6897362823486328,0.7897196261682243,0.4742441209406495,0.479,0.6116071428571429,
58,fedavg,0,4,7,False,True,0.47592385218365063,0.504,1.8449353942871094,0.7383177570093458,0.08174692049272117,0.097,0.24107142857142858,
58,fedavg,0,4,8,False,False,0.42609182530795076,0.4015,3.203997589111328,0.19626168224299065,0.043673012318029114,0.0415,0.07589285714285714,
58,fedavg,0,4,9,False,True,0.4955207166853304,0.4785,2.6380992736816404,0.3364485981308411,0.024076147816349383,0.0265,0.017857142857142856,
58,fedavg,0,4,10,False,False,0.6797312430011198,0.607,2.244311599731445,0.0,0.0,0.0,0.0,
58,fedavg,0,4,6,True,False,0.526875699888018,0.485,2.1475589294433592,0.13551401869158877,1.0,0.982,0.9955357142857143,
58,fedavg,0,4,15,True,False,0.4686450167973124,0.432,2.1417430419921875,0.1261682242990654,1.0,0.9935,0.9955357142857143,
58,fedavg,0,4,17,True,True,0.45184770436730126,0.5025,1.8347648162841796,0.9252336448598131,1.0,0.9995,1.0,
58,fedavg,0,4,26,True,False,0.48544232922732367,0.4485,2.1251912994384767,0.14018691588785046,0.9944008958566629,0.978,1.0,
60,fedavg,0,4,0,False,False,0.6293393057110862,0.626,1.2694217224121094,0.5981308411214953,0.2026875699888018,0.202,0.1875,
60,fedavg,0,4,1,False,False,0.5907054871220605,0.539,1.7160281372070312,0.10747663551401869,0.0083986562150056,0.008,0.017857142857142856,
60,fedavg,0,4,2,False,False,0.49888017917133254,0.5455,1.70573876953125,0.9345794392523364,0.4232922732362822,0.442,0.49107142857142855,
60,fedavg,0,4,3,False,False,0.4955207166853304,0.5425,1.6980622406005859,0.9345794392523364,0.593505039193729,0.6065,0.5848214285714286,
60,fedavg,0,4,4,False,True,0.5263157894736843,0.5275,1.6924614715576172,0.5373831775700935,0.17469204927211646,0.167,0.16517857142857142,
60,fedavg,0,4,5,False,False,0.700447928331467,0.6895,1.074625961303711,0.5981308411214953,0.10022396416573348,0.093,0.11607142857142858,
60,fedavg,0,4,7,False,False,0.47592385218365063,0.504,1.8449353942871094,0.7383177570093458,0.08174692049272117,0.097,0.22321428571428573,
60,fedavg,0,4,8,False,False,0.42609182530795076,0.4015,3.203997589111328,0.19626168224299065,0.043673012318029114,0.0415,0.06696428571428571,
60,fedavg,0,4,9,False,False,0.4955207166853304,0.4785,2.6380992736816404,0.3364485981308411,0.024076147816349383,0.0265,0.03125,
60,fedavg,0,4,10,False,True,0.7183650615901456,0.6415,1.933474609375,0.0,0.0,0.0,0.0,
60,fedavg,0,4,6,True,False,0.526875699888018,0.485,2.1475589294433592,0.13551401869158877,1.0,0.982,0.9955357142857143,
60,fedavg,0,4,15,True,True,0.5162374020156775,0.483,1.933065185546875,0.205607476635514,0.9944008958566629,0.969,0.9553571428571429,
60,fedavg,0,4,17,True,False,0.20660694288913772,0.29,3.5651678771972657,0.985981308411215,1.0,0.9995,1.0,
60,fedavg,0,4,26,True,False,0.48264277715565507,0.446,2.140310348510742,0.14018691588785046,0.9949608062709966,0.979,1.0,
62,fedavg,0,4,0,False,False,0.6293393057110862,0.626,1.2694217224121094,0.5981308411214953,0.2026875699888018,0.202,0.22321428571428573,
62,fedavg,0,4,1,False,False,0.5907054871220605,0.539,1.7160281372070312,0.10747663551401869,0.0083986562150056,0.008,0.008928571428571428,
62,fedavg,0,4,2,False,False,0.5543113101903696,0.585,1.4849199371337891,0.8411214953271028,0.2648376259798432,0.289,0.4419642857142857,
62,fedavg,0,4,3,False,False,0.4955207166853304,0.5425,1.6980622406005859,0.9345794392523364,0.593505039193729,0.6065,0.59375,
62,fedavg,0,4,4,False,False,0.603023516237402,0.6175,1.2719015274047851,0.7383177570093458,0.3348264277715566,0.313,0.21875,
62,fedavg,0,4,5,False,True,0.7066069428891377,0.7025,1.041516845703125,0.6682242990654206,0.125979843225084,0.121,0.10267857142857142,
62,fedavg,0,4,7,False,False,0.47592385218365063,0.504,1.8449353942871094,0.7383177570093458,0.08174692049272117,0.097,0.24107142857142858,
62,fedavg,0,4,8,False,True,0.6685330347144457,0.658,1.1528333206176757,0.5700934579439252,0.1019036954087346,0.1035,0.125,
62,fedavg,0,4,9,False,False,0.4955207166853304,0.4785,2.6380992736816404,0.3364485981308411,0.024076147816349383,0.0265,0.03125,
62,fedavg,0,4,10,False,False,0.7228443449048152,0.6455,1.981443084716797,0.0,0.0,0.0,0.0,
62,fedavg,0,4,6,True,False,0.526875699888018,0.485,2.1475589294433592,0.13551401869158877,1.0,0.982,1.0,
62,fedavg,0,4,15,True,False,0.5162374020156775,0.483,1.933065185546875,0.205607476635514,0.9944008958566629,0.969,0.9732142857142857,
62,fedavg,0,4,17,True,False,0.20660694288913772,0.29,3.5651678771972657,0.985981308411215,1.0,0.9995,1.0,
62,fedavg,0,4,26,True,False,0.4815229563269877,0.445,2.133660339355469,0.14018691588785046,0.9949608062709966,0.9795,0.9955357142857143,
64,fedavg,0,4,0,False,False,0.6293393057110862,0.626,1.2694217224121094,0.5981308411214953,0.2026875699888018,0.202,0.20535714285714285,
64,fedavg,0,4,1,False,True,0.6153415453527435,0.568,1.472725845336914,0.17289719626168223,0.015117581187010079,0.015,0.004464285714285714,
64,fedavg,0,4,2,False,False,0.5543113101903696,0.585,1.4849199371337891,0.8411214953271028,0.2648376259798432,0.289,0.45089285714285715,
64,fedavg,0,4,3,False,True,0.5643896976483762,0.574,1.4665284423828124,0.6542056074766355,0.2698768197088466,0.278,0.35714285714285715,
64,fedavg,0,4,4,False,False,0.635498320268757,0.6195,1.2576773376464845,0.48598130841121495,0.1511758118701008,0.145,0.17410714285714285,
64,fedavg,0,4,5,False,False,0.7066069428891377,0.7025,1.041516845703125,0.6682242990654206,0.125979843225084,0.121,0.12053571428571429,
64,fedavg,0,4,7,False,False,0.47592385218365063,0.504,1.8449353942871094,0.7383177570093458,0.08174692049272117,0.097,0.23214285714285715,
64,fedavg,0,4,8,False,False,0.6847704367301232,0.6685,1.115605010986328,0.5327102803738317,0.11086226203807391,0.1075,0.125,
64,fedavg,0,4,9,False,False,0.4955207166853304,0.4785,2.6380992736816404,0.3364485981308411,0.024076147816349383,0.0265,0.04017857142857143,
64,fedavg,0,4,10,False,False,0.7228443449048152,0.6455,1.981443084716797,0.0,0.0,0.0,0.0,
64,fedavg,0,4,6,True,False,0.526875699888018,0.485,2.1475589294433592,0.13551401869158877,1.0,0.982,0.9955357142857143,
64,fedavg,0,4,15,True,False,0.5162374020156775,0.483,1.933065185546875,0.205607476635514,0.9944008958566629,0.969,0.9732142857142857,
64,fedavg,0,4,17,True,False,0.20660694288913772,0.29,3.5651678771972657,0.985981308411215,1.0,0.9995,1.0,
64,fedavg,0,4,26,True,False,0.48040313549832026,0.444,2.1265853271484376,0.14018691588785046,0.9949608062709966,0.98,1.0,
66,fedavg,0,4,0,False,True,0.6304591265397537,0.6365,1.2889535522460938,0.6869158878504673,0.1780515117581187,0.188,0.10714285714285714,
66,fedavg,0,4,1,False,False,0.6153415453527435,0.568,1.472725845336914,0.17289719626168223,0.015117581187010079,0.015,0.008928571428571428,
66,fedavg,0,4,2,False,False,0.5543113101903696,0.585,1.4849199371337891,0.8411214953271028,0.2648376259798432,0.289,0.45089285714285715,
66,fedavg,0,4,3,False,False,0.583986562150056,0.5785,1.5273477325439453,0.5327102803738317,0.29395296752519595,0.2825,0.38839285714285715,
66,fedavg,0,4,4,False,False,0.635498320268757,0.6195,1.2576773376464845,0.48598130841121495,0.1511758118701008,0.145,0.20535714285714285,
66,fedavg,0,4,5,False,False,0.6920492721164614,0.7015,1.0986231842041017,0.780373831775701,0.12430011198208286,0.1195,0.09821428571428571,
66,fedavg,0,4,7,False,False,0.47592385218365063,0.504,1.8449353942871094,0.7383177570093458,0.08174692049272117,0.097,0.22767857142857142,
66,fedavg,0,4,8,False,False,0.6847704367301232,0.6685,1.115605010986328,0.5327102803738317,0.11086226203807391,0.1075,0.09821428571428571,
66,fedavg,0,4,9,False,False,0.4955207166853304,0.4785,2.6380992736816404,0.3364485981308411,0.024076147816349383,0.0265,0.03571428571428571,
66,fedavg,0,4,10,False,False,0.7228443449048152,0.6455,1.981443084716797,0.0,0.0,0.0,0.0,
66,fedavg,0,4,6,True,False,0.448488241881299,0.434,2.5782012634277343,0.3130841121495327,0.9938409854423292,0.9735,0.9955357142857143,
66,fedavg,0,4,15,True,False,0.5162374020156775,0.483,1.933065185546875,0.205607476635514,0.9944008958566629,0.969,0.9464285714285714,
66,fedavg,0,4,17,True,False,0.5296752519596865,0.5555,1.5274176788330078,0.7710280373831776,0.9994400895856663,0.9965,1.0,
66,fedavg,0,4,26,True,False,0.48376259798432253,0.447,2.1315206298828127,0.14018691588785046,0.9949608062709966,0.9795,0.9955357142857143,
68,fedavg,0,4,0,False,True,0.66013437849944,0.6585,1.2035905075073243,0.6448598130841121,0.0845464725643897,0.0945,0.07589285714285714,
68,fedavg,0,4,1,False,False,0.6153415453527435,0.568,1.472725845336914,0.17289719626168223,0.015117581187010079,0.015,0.008928571428571428,
68,fedavg,0,4,2,False,False,0.5543113101903696,0.585,1.4849199371337891,0.8411214953271028,0.2648376259798432,0.289,0.45089285714285715,
68,fedavg,0,4,3,False,False,0.583986562150056,0.5785,1.5273477325439453,0.5327102803738317,0.29395296752519595,0.2825,0.38392857142857145,
68,fedavg,0,4,4,False,False,0.635498320268757,0.6195,1.2576773376464845,0.48598130841121495,0.1511758118701008,0.145,0.17857142857142858,
68,fedavg,0,4,5,False,False,0.6920492721164614,0.7015,1.0986231842041017,0.780373831775701,0.12430011198208286,0.1195,0.08928571428571429,
68,fedavg,0,4,7,False,False,0.47592385218365063,0.504,1.8449353942871094,0.7383177570093458,0.08174692049272117,0.097,0.23660714285714285,
68,fedavg,0,4,8,False,False,0.6394176931690929,0.627,1.3527824096679688,0.5233644859813084,0.06159014557670773,0.0605,0.049107142857142856,
68,fedavg,0,4,9,False,False,0.5543113101903696,0.5425,1.8796393280029298,0.4439252336448598,0.0083986562150056,0.0095,0.017857142857142856,
68,fedavg,0,4,10,False,False,0.7228443449048152,0.6455,1.981443084716797,0.0,0.0,0.0,0.0,
68,fedavg,0,4,6,True,False,0.448488241881299,0.434,2.5782012634277343,0.3130841121495327,0.9938409854423292,0.9735,1.0,
68,fedavg,0,4,15,True,False,0.5162374020156775,0.483,1.933065185546875,0.205607476635514,0.9944008958566629,0.969,0.9508928571428571,
68,fedavg,0,4,17,True,False,0.5296752519596865,0.5555,1.5274176788330078,0.7710280373831776,0.9994400895856663,0.9965,1.0,
68,fedavg,0,4,26,True,False,0.48544232922732367,0.4485,2.1289861450195313,0.14018691588785046,0.9944008958566629,0.9785,1.0,
70,fedavg,0,4,0,False,False,0.66013437849944,0.6585,1.2035905075073243,0.6448598130841121,0.0845464725643897,0.0945,0.07142857142857142,
70,fedavg,0,4,1,False,False,0.6153415453527435,0.568,1.472725845336914,0.17289719626168223,0.015117581187010079,0.015,0.004464285714285714,
70,fedavg,0,4,2,False,False,0.5543113101903696,0.585,1.4849199371337891,0.8411214953271028,0.2648376259798432,0.289,0.45535714285714285,
70,fedavg,0,4,3,False,False,0.583986562150056,0.5785,1.5273477325439453,0.5327102803738317,0.29395296752519595,0.2825,0.38392857142857145,
70,fedavg,0,4,4,False,False,0.635498320268757,0.6195,1.2576773376464845,0.48598130841121495,0.1511758118701008,0.145,0.18303571428571427,
70,fedavg,0,4,5,False,False,0.6920492721164614,0.7015,1.0986231842041017,0.780373831775701,0.12430011198208286,0.1195,0.10267857142857142,
70,fedavg,0,4,7,False,False,0.47592385218365063,0.504,1.8449353942871094,0.7383177570093458,0.08174692049272117,0.097,0.22767857142857142,
70,fedavg,0,4,8,False,True,0.6730123180291153,0.658,1.2630862350463867,0.5327102803738317,0.10078387458006718,0.0935,0.07142857142857142,
70,fedavg,0,4,9,False,False,0.648936170212766,0.6335,1.461700210571289,0.5046728971962616,0.025195968645016796,0.028,0.03571428571428571,
70,fedavg,0,4,10,False,False,0.7228443449048152,0.6455,1.981443084716797,0.0,0.0,0.0,0.0,
70,fedavg,0,4,6,True,True,0.46192609182530797,0.466,2.311341766357422,0.5,0.9994400895856663,0.9905,1.0,
70,fedavg,0,4,15,True,False,0.6052631578947368,0.579,1.5365061645507812,0.3598130841121495,0.9966405375139977,0.969,0.9776785714285714,
70,fedavg,0,4,17,True,False,0.5296752519596865,0.5555,1.5274176788330078,0.7710280373831776,0.9994400895856663,0.9965,0.9910714285714286,
70,fedavg,0,4,26,True,False,0.48264277715565507,0.446,2.115161590576172,0.14018691588785046,0.9944008958566629,0.979,0.9955357142857143,
72,fedavg,0,4,0,False,False,0.66013437849944,0.6585,1.2035905075073243,0.6448598130841121,0.0845464725643897,0.0945,0.05803571428571429,
72,fedavg,0,4,1,False,False,0.6153415453527435,0.568,1.472725845336914,0.17289719626168223,0.015117581187010079,0.015,0.013392857142857142,
72,fedavg,0,4,2,False,False,0.5543113101903696,0.585,1.4849199371337891,0.8411214953271028,0.2648376259798432,0.289,0.4330357142857143,
72,fedavg,0,4,3,False,False,0.528555431131019,0.5565,2.023490478515625,0.7897196261682243,0.16573348264277715,0.1845,0.2544642857142857,
72,fedavg,0,4,4,False,False,0.6494960806270997,0.614,1.3914324951171875,0.3177570093457944,0.052071668533034715,0.051,0.06696428571428571,
72,fedavg,0,4,5,False,False,0.6920492721164614,0.7015,1.0986231842041017,0.780373831775701,0.12430011198208286,0.1195,0.11607142857142858,
72,fedavg,0,4,7,False,False,0.42049272116461367,0.4735,2.210956024169922,0.9158878504672897,0.28499440089585665,0.3005,0.3482142857142857,
72,fedavg,0,4,8,False,False,0.6730123180291153,0.658,1.2630862350463867,0.5327102803738317,0.10078387458006718,0.0935,0.09821428571428571,
72,fedavg,0,4,9,False,False,0.648936170212766,0.6335,1.461700210571289,0.5046728971962616,0.025195968645016796,0.028,0.026785714285714284,
72,fedavg,0,4,10,False,False,0.7228443449048152,0.6455,1.981443084716797,0.0,0.0,0.0,0.0,
72,fedavg,0,4,6,True,True,0.6455767077267638,0.611,1.3935011749267578,0.32242990654205606,1.0,0.9925,0.9955357142857143,
72,fedavg,0,4,15,True,False,0.5291153415453527,0.4775,1.980347671508789,0.04672897196261682,1.0,0.9765,0.9910714285714286,
72,fedavg,0,4,17,True,False,0.5296752519596865,0.5555,1.5274176788330078,0.7710280373831776,0.9994400895856663,0.9965,0.9776785714285714,
72,fedavg,0,4,26,True,False,0.5067189249720045,0.48,1.7759104614257812,0.2570093457943925,1.0,0.9915,1.0,
74,fedavg,0,4,0,False,True,0.6506159014557671,0.6565,1.2467034149169922,0.705607476635514,0.16517357222844345,0.1875,0.11160714285714286,
74,fedavg,0,4,1,False,False,0.6153415453527435,0.568,1.472725845336914,0.17289719626168223,0.015117581187010079,0.015,0.004464285714285714,
74,fedavg,0,4,2,False,False,0.5543113101903696,0.585,1.4849199371337891,0.8411214953271028,0.2648376259798432,0.289,0.48214285714285715,
74,fedavg,0,4,3,False,False,0.5492721164613662,0.589,1.5879716339111327,0.9205607476635514,0.5940649496080627,0.607,0.5580357142857143,
74,fedavg,0,4,4,False,True,0.6131019036954087,0.607,1.407672393798828,0.5560747663551402,0.13213885778275475,0.1315,0.16964285714285715,
74,fedavg,0,4,5,False,False,0.6920492721164614,0.7015,1.0986231842041017,0.780373831775701,0.12430011198208286,0.1195,0.08482142857142858,
74,fedavg,0,4,7,False,True,0.5005599104143337,0.543,1.8225401306152345,0.897196261682243,0.41937290033594626,0.4315,0.5178571428571429,
74,fedavg,0,4,8,False,False,0.6730123180291153,0.658,1.2630862350463867,0.5327102803738317,0.10078387458006718,0.0935,0.09821428571428571,
74,fedavg,0,4,9,False,False,0.648936170212766,0.6335,1.461700210571289,0.5046728971962616,0.025195968645016796,0.028,0.026785714285714284,
74,fedavg,0,4,10,False,False,0.62989921612542,0.5625,3.159293273925781,0.0,0.0,0.0,0.0,
74,fedavg,0,4,6,True,False,0.3734602463605823,0.3795,2.9755445251464843,0.42990654205607476,1.0,0.9985,1.0,
74,fedavg,0,4,15,True,False,0.5291153415453527,0.4775,1.980347671508789,0.04672897196261682,1.0,0.9765,0.9821428571428571,
74,fedavg,0,4,17,True,False,0.5296752519596865,0.5555,1.5274176788330078,0.7710280373831776,0.9994400895856663,0.9965,1.0,
74,fedavg,0,4,26,True,True,0.4462486002239642,0.4425,1.9018570861816406,0.411214953271028,1.0,0.999,1.0,
76,fedavg,0,4,0,False,False,0.6506159014557671,0.6565,1.2467034149169922,0.705607476635514,0.16517357222844345,0.1875,0.08928571428571429,
76,fedavg,0,4,1,False,False,0.6153415453527435,0.568,1.472725845336914,0.17289719626168223,0.015117581187010079,0.015,0.004464285714285714,
76,fedavg,0,4,2,False,False,0.6293393057110862,0.6425,1.342382095336914,0.7523364485981309,0.07502799552071669,0.0735,0.20982142857142858,
76,fedavg,0,4,3,False,False,0.5492721164613662,0.589,1.5879716339111327,0.9205607476635514,0.5940649496080627,0.607,0.6026785714285714,
76,fedavg,0,4,4,False,True,0.7194848824188129,0.7045,1.0022140579223633,0.5794392523364486,0.16349384098544234,0.1565,0.16964285714285715,
76,fedavg,0,4,5,False,False,0.6920492721164614,0.7015,1.0986231842041017,0.780373831775701,0.12430011198208286,0.1195,0.10267857142857142,
76,fedavg,0,4,7,False,False,0.5005599104143337,0.543,1.8225401306152345,0.897196261682243,0.41937290033594626,0.4315,0.5669642857142857,
76,fedavg,0,4,8,False,False,0.6730123180291153,0.658,1.2630862350463867,0.5327102803738317,0.10078387458006718,0.0935,0.0625,
76,fedavg,0,4,9,False,False,0.648936170212766,0.6335,1.461700210571289,0.5046728971962616,0.025195968645016796,0.028,0.03571428571428571,
76,fedavg,0,4,10,False,False,0.62989921612542,0.5625,3.159293273925781,0.0,0.0,0.0,0.0,
76,fedavg,0,4,6,True,True,0.541993281075028,0.5335,1.699537368774414,0.46261682242990654,1.0,0.999,0.9955357142857143,
76,fedavg,0,4,15,True,False,0.5291153415453527,0.4775,1.980347671508789,0.04672897196261682,1.0,0.9765,0.9642857142857143,
76,fedavg,0,4,17,True,False,0.5296752519596865,0.5555,1.5274176788330078,0.7710280373831776,0.9994400895856663,0.9965,0.9910714285714286,
76,fedavg,0,4,26,True,False,0.5487122060470324,0.527,1.6984070739746093,0.34579439252336447,0.9994400895856663,0.9965,1.0,
78,fedavg,0,4,0,False,False,0.6506159014557671,0.6565,1.2467034149169922,0.705607476635514,0.16517357222844345,0.1875,0.10714285714285714,
78,fedavg,0,4,1,False,False,0.6153415453527435,0.568,1.472725845336914,0.17289719626168223,0.015117581187010079,0.015,0.004464285714285714,
78,fedavg,0,4,2,False,False,0.6293393057110862,0.6425,1.342382095336914,0.7523364485981309,0.07502799552071669,0.0735,0.1875,
78,fedavg,0,4,3,False,True,0.5291153415453527,0.548,1.953314193725586,0.705607476635514,0.13269876819708848,0.144,0.24553571428571427,
78,fedavg,0,4,4,False,False,0.7194848824188129,0.7045,1.0022140579223633,0.5794392523364486,0.1629339305711086,0.156,0.21875,
78,fedavg,0,4,5,False,False,0.6920492721164614,0.7015,1.0986231842041017,0.780373831775701,0.12430011198208286,0.1195,0.09821428571428571,
78,fedavg,0,4,7,False,True,0.41265397536394177,0.46,2.311568801879883,0.8551401869158879,0.16685330347144456,0.169,0.2544642857142857,
78,fedavg,0,4,8,False,False,0.6987681970884658,0.685,1.0627995681762696,0.5700934579439252,0.1103023516237402,0.109,0.11160714285714286,
78,fedavg,0,4,9,False,False,0.648936170212766,0.6335,1.461700210571289,0.5046728971962616,0.025195968645016796,0.028,0.04017857142857143,
78,fedavg,0,4,10,False,False,0.62989921612542,0.5625,3.159293273925781,0.0,0.0,0.0,0.0,
78,fedavg,0,4,6,True,False,0.541993281075028,0.5335,1.699537368774414,0.46261682242990654,1.0,0.999,0.9955357142857143,
78,fedavg,0,4,15,True,False,0.5291153415453527,0.4775,1.980347671508789,0.04672897196261682,1.0,0.9765,0.9955357142857143,
78,fedavg,0,4,17,True,False,0.5296752519596865,0.5555,1.5274176788330078,0.7710280373831776,0.9994400895856663,0.9965,1.0,
78,fedavg,0,4,26,True,True,0.5509518477043673,0.5265,1.6553479614257813,0.32242990654205606,0.996080627099664,0.987,0.9955357142857143,
80,fedavg,0,4,0,False,False,0.6377379619260919,0.642,1.337834686279297,0.677570093457944,0.09742441209406495,0.111,0.08928571428571429,
80,fedavg,0,4,1,False,False,0.6153415453527435,0.568,1.472725845336914,0.17289719626168223,0.015117581187010079,0.015,0.008928571428571428,
80,fedavg,0,4,2,False,False,0.625979843225084,0.6575,1.2714277038574218,0.9205607476635514,0.28499440089585665,0.298,0.41517857142857145,
80,fedavg,0,4,3,False,False,0.5291153415453527,0.548,1.953314193725586,0.705607476635514,0.13269876819708848,0.144,0.22321428571428573,
80,fedavg,0,4,4,False,False,0.7194848824188129,0.7045,1.0022140579223633,0.5794392523364486,0.16349384098544234,0.1565,0.20089285714285715,
80,fedavg,0,4,5,False,False,0.6920492721164614,0.7015,1.0986231842041017,0.780373831775701,0.12430011198208286,0.1195,0.09375,
80,fedavg,0,4,7,False,False,0.41265397536394177,0.46,2.311568801879883,0.8551401869158879,0.16629339305711086,0.1685,0.2544642857142857,
80,fedavg,0,4,8,False,False,0.6987681970884658,0.685,1.0627995681762696,0.5700934579439252,0.1103023516237402,0.109,0.11160714285714286,
80,fedavg,0,4,9,False,True,0.6886898096304591,0.6825,1.1433159790039062,0.6308411214953271,0.05767077267637178,0.0605,0.0625,
80,fedavg,0,4,10,False,False,0.62989921612542,0.5625,3.159293273925781,0.0,0.0,0.0,0.0,
80,fedavg,0,4,6,True,False,0.541993281075028,0.5335,1.699537368774414,0.46261682242990654,1.0,0.999,0.9955357142857143,
80,fedavg,0,4,15,True,False,0.46024636058230683,0.474,1.8961172332763672,0.5887850467289719,0.9994400895856663,0.9975,0.9955357142857143,
80,fedavg,0,4,17,True,False,0.5296752519596865,0.5555,1.5274176788330078,0.7710280373831776,0.9994400895856663,0.9965,1.0,
80,fedavg,0,4,26,True,False,0.4977603583426652,0.475,2.0931370697021485,0.2850467289719626,0.9966405375139977,0.987,1.0,
