run_id,round_from,round_to,kind,phase,span_rounds,bin,x_low,x_high,count,x_mean,y_mean,y_median,y_std
attack_a0.5_s0_e1b_persist_s0,50,100,segment,mixed,50,0,0.0,0.00169954450102523,1117397,0.0008458048977010405,0.0008403356394128223,0.0005572608060901985,0.0009859045355038883
attack_a0.5_s0_e1b_persist_s0,50,100,segment,mixed,50,1,0.00169954450102523,0.003408066788688302,1117396,0.002553779615569278,0.0008431872265742915,0.0005600667209364474,0.0009854820251884778
attack_a0.5_s0_e1b_persist_s0,50,100,segment,mixed,50,2,0.003408066788688302,0.00511750765144825,1117395,0.004262005614002485,0.0008437362468749513,0.0005599327851086855,0.0009868243687483683
attack_a0.5_s0_e1b_persist_s0,50,100,segment,mixed,50,3,0.00511750765144825,0.006823718734085561,1117397,0.005970799620231044,0.0008461110183577218,0.0005612708628177643,0.000992794362489822
attack_a0.5_s0_e1b_persist_s0,50,100,segment,mixed,50,4,0.006823718734085561,0.008532117586582899,1117396,0.007678592081822288,0.000843790327282398,0.0005592592060565948,0.0009897814056636022
attack_a0.5_s0_e1b_persist_s0,50,100,segment,mixed,50,5,0.008532117586582899,0.010238565504550934,1117394,0.009384800383318787,0.0008429934294736729,0.0005585942417383194,0.0009890558964680551
attack_a0.5_s0_e1b_persist_s0,50,100,segment,mixed,50,6,0.010238565504550934,0.011954044084995988,1117398,0.011095261192850217,0.0008422861045790542,0.0005566799081861973,0.0009936382871599024
attack_a0.5_s0_e1b_persist_s0,50,100,segment,mixed,50,7,0.011954044084995988,0.013741823658347134,1117396,0.012830992698910654,0.0008423066967988,0.0005547245964407921,0.0009994677170204688
attack_a0.5_s0_e1b_persist_s0,50,100,segment,mixed,50,8,0.013741823658347134,0.017128968425095082,1117396,0.01507337393571704,0.0010486966350828379,0.0006755921058356762,0.001219836531968164
attack_a0.5_s0_e1b_persist_s0,50,100,segment,mixed,50,9,0.017128968425095082,1.0,1117397,0.02907690187201953,0.0019491811395051092,0.0012647584080696106,0.0023399098150239453
attack_a0.5_s0_e1b_persist_s0,100,150,segment,mixed,50,0,0.0,0.001700400037225336,1117397,0.0008462800756761003,0.0008423631231724923,0.0005430227611213923,0.0009548734143898361
attack_a0.5_s0_e1b_persist_s0,100,150,segment,mixed,50,1,0.001700400037225336,0.0034094212576746942,1117396,0.0025558154905505424,0.0008469694181318897,0.0005456644576042891,0.0009568267309850198
attack_a0.5_s0_e1b_persist_s0,100,150,segment,mixed,50,2,0.0034094212576746942,0.0051227178890258076,1117396,0.0042656179665239895,0.0008456128407470467,0.0005457599181681871,0.0009580021783917363
attack_a0.5_s0_e1b_persist_s0,100,150,segment,mixed,50,3,0.0051227178890258076,0.006833723466843367,1117396,0.0059779574247052405,0.0008447713719033008,0.0005450474563986063,0.000955419999645299
attack_a0.5_s0_e1b_persist_s0,100,150,segment,mixed,50,4,0.006833723466843367,0.00854280823841691,1117396,0.007688750063756589,0.0008441728898087609,0.0005450029857456684,0.0009540821435192363
attack_a0.5_s0_e1b_persist_s0,100,150,segment,mixed,50,5,0.00854280823841691,0.010258889757096767,1117395,0.009399662940985272,0.0008444878194724933,0.0005440032109618187,0.0009576252805130853
attack_a0.5_s0_e1b_persist_s0,100,150,segment,mixed,50,6,0.010258889757096767,0.011998193338513374,1117396,0.011123930158822057,0.0008430410768103884,0.0005418937653303146,0.0009586453435575332
attack_a0.5_s0_e1b_persist_s0,100,150,segment,mixed,50,7,0.011998193338513374,0.013901981338858605,1117397,0.012920349166203002,0.000857324934720681,0.0005431082099676132,0.000983908288872472
attack_a0.5_s0_e1b_persist_s0,100,150,segment,mixed,50,8,0.013901981338858605,0.017359130829572682,1117396,0.015331664655646388,0.001102834987100494,0.0007211277261376381,0.001175009337843602
attack_a0.5_s0_e1b_persist_s0,100,150,segment,mixed,50,9,0.017359130829572682,1.0,1117397,0.02974347995668095,0.0019086094027094872,0.0013928934931755066,0.0019121204202871987
attack_a0.5_s0_e1b_persist_s0,150,200,segment,attack,50,0,0.0,0.0017036758828908205,1117397,0.0008480641839131134,0.0008186930041542683,0.0005009360029362142,0.0009559668588912979
attack_a0.5_s0_e1b_persist_s0,150,200,segment,attack,50,1,0.0017036758828908205,0.0034162467811256654,1117396,0.0025598303070052267,0.0008231018924338327,0.0005045034340582788,0.0009581969286429094
attack_a0.5_s0_e1b_persist_s0,150,200,segment,attack,50,2,0.0034162467811256654,0.005131092155352236,1117396,0.004273769978714302,0.000823608369113229,0.0005048410966992378,0.0009598736974717743
attack_a0.5_s0_e1b_persist_s0,150,200,segment,attack,50,3,0.005131092155352236,0.006846086494624616,1117396,0.005988202840188865,0.0008228397635392139,0.0005038883537054062,0.0009587624527406717
attack_a0.5_s0_e1b_persist_s0,150,200,segment,attack,50,4,0.006846086494624616,0.008562076836824417,1117395,0.007704412451209948,0.0008206349538147314,0.0005026902072131634,0.000956378537984294
attack_a0.5_s0_e1b_persist_s0,150,200,segment,attack,50,5,0.008562076836824417,0.010291044786572457,1117397,0.00942541324753662,0.0008198075429387904,0.0005009816959500313,0.0009571225211751902
attack_a0.5_s0_e1b_persist_s0,150,200,segment,attack,50,6,0.010291044786572457,0.012072709761559965,1117396,0.011174190917195476,0.0008222509184992059,0.0004989770241081715,0.0009658673185735113
attack_a0.5_s0_e1b_persist_s0,150,200,segment,attack,50,7,0.012072709761559965,0.01409521121531725,1117396,0.013043644944736685,0.0008541328609735605,0.0005136327818036079,0.0009991495824370827
attack_a0.5_s0_e1b_persist_s0,150,200,segment,attack,50,8,0.01409521121531725,0.017714514955878266,1117396,0.015618774939866664,0.0011117624728726949,0.0007155630737543106,0.0011771387511484053
attack_a0.5_s0_e1b_persist_s0,150,200,segment,attack,50,9,0.017714514955878266,1.0,1117397,0.03055123949748726,0.0018835720192488716,0.0014218222349882126,0.0017477807894304134
attack_a0.5_s0_e1b_persist_s0,200,250,anchor,clean,50,0,0.0,0.0017076902673579754,1117397,0.0008496672033628957,0.0007296618804910395,0.0004317164421081543,0.0008690399998050444
attack_a0.5_s0_e1b_persist_s0,200,250,anchor,clean,50,1,0.0017076902673579754,0.0034237554762512447,1117396,0.0025659239490731733,0.0007324646440144103,0.00043494882993400097,0.0008694658178930739
attack_a0.5_s0_e1b_persist_s0,200,250,anchor,clean,50,2,0.0034237554762512447,0.005144833587110043,1117395,0.0042832127221308185,0.0007325516163302931,0.00043478095903992653,0.0008691706377822594
attack_a0.5_s0_e1b_persist_s0,200,250,anchor,clean,50,3,0.005144833587110043,0.006863995641469956,1117397,0.006004081258167459,0.0007324322200345457,0.0004349942319095135,0.0008682586487758161
attack_a0.5_s0_e1b_persist_s0,200,250,anchor,clean,50,4,0.006863995641469956,0.008591377176344395,1117396,0.007727925086427552,0.0007307108433117285,0.0004332305397838354,0.0008673882979328769
attack_a0.5_s0_e1b_persist_s0,200,250,anchor,clean,50,5,0.008591377176344395,0.010341065004467964,1117395,0.00946280133094241,0.0007310381990055018,0.00043172575533390045,0.0008708554185530956
attack_a0.5_s0_e1b_persist_s0,200,250,anchor,clean,50,6,0.010341065004467964,0.01216469313949347,1117397,0.011241914032791117,0.000736209074928435,0.00043127313256263733,0.0008809561668200373
attack_a0.5_s0_e1b_persist_s0,200,250,anchor,clean,50,7,0.01216469313949347,0.014299026876688006,1117396,0.013183780427322173,0.0007729412395600743,0.0004502078518271446,0.000917819773022108
attack_a0.5_s0_e1b_persist_s0,200,250,anchor,clean,50,8,0.014299026876688006,0.018141831643879416,1117396,0.01592323251026075,0.00101157678338393,0.0006459290161728859,0.0010726242443587356
attack_a0.5_s0_e1b_persist_s0,200,250,anchor,clean,50,9,0.018141831643879416,1.0,1117397,0.03142363890873834,0.0016686338829119296,0.0012799166142940521,0.0015110334964177324
attack_a0.5_s0_e1b_persist_s0,200,300,anchor,clean,100,0,0.0,0.0017076902673579754,1117397,0.0008496672033628957,0.0009755813385169088,0.0005866927094757557,0.0011427642765527934
attack_a0.5_s0_e1b_persist_s0,200,300,anchor,clean,100,1,0.0017076902673579754,0.0034237554762512447,1117396,0.0025659239490731733,0.0009800507939605888,0.0005910833133384585,0.001143900168563911
attack_a0.5_s0_e1b_persist_s0,200,300,anchor,clean,100,2,0.0034237554762512447,0.005144833587110043,1117395,0.0042832127221308185,0.0009784006096305287,0.0005898324307054281,0.0011420875151309069
attack_a0.5_s0_e1b_persist_s0,200,300,anchor,clean,100,3,0.005144833587110043,0.006863995641469956,1117397,0.006004081258167459,0.0009789027308349442,0.0005909251049160957,0.001140433841220069
attack_a0.5_s0_e1b_persist_s0,200,300,anchor,clean,100,4,0.006863995641469956,0.008591377176344395,1117396,0.007727925086427552,0.0009770385101507918,0.0005890745669603348,0.0011414101971949705
attack_a0.5_s0_e1b_persist_s0,200,300,anchor,clean,100,5,0.008591377176344395,0.010341065004467964,1117395,0.00946280133094241,0.0009755467106216261,0.0005863644182682037,0.0011417890305781958
attack_a0.5_s0_e1b_persist_s0,200,300,anchor,clean,100,6,0.010341065004467964,0.01216469313949347,1117397,0.011241914032791117,0.0009836143288264167,0.0005863159894943237,0.0011565875787826118
attack_a0.5_s0_e1b_persist_s0,200,300,anchor,clean,100,7,0.01216469313949347,0.014299026876688006,1117396,0.013183780427322173,0.0010312227772747034,0.000609890092164278,0.0012057466786518946
attack_a0.5_s0_e1b_persist_s0,200,300,anchor,clean,100,8,0.014299026876688006,0.018141831643879416,1117396,0.01592323251026075,0.001346811227306302,0.0008726869709789753,0.0014072959274228306
attack_a0.5_s0_e1b_persist_s0,200,300,anchor,clean,100,9,0.018141831643879416,1.0,1117397,0.03142363890873834,0.0022077624143832715,0.0016969889402389526,0.0020484861757232636
attack_a0.5_s0_e1b_persist_s0,200,350,anchor,clean,150,0,0.0,0.0017076902673579754,1117397,0.0008496672033628957,0.0010732209414303082,0.0006519548769574612,0.001245748530940668
attack_a0.5_s0_e1b_persist_s0,200,350,anchor,clean,150,1,0.0017076902673579754,0.0034237554762512447,1117396,0.0025659239490731733,0.0010780664899749856,0.0006577532622031868,0.0012446333959277955
attack_a0.5_s0_e1b_persist_s0,200,350,anchor,clean,150,2,0.0034237554762512447,0.005144833587110043,1117395,0.0042832127221308185,0.0010764024706173758,0.000657177995890379,0.0012417828954484802
attack_a0.5_s0_e1b_persist_s0,200,350,anchor,clean,150,3,0.005144833587110043,0.006863995641469956,1117397,0.006004081258167459,0.001075440959318052,0.0006565717048943043,0.0012403847529062473
attack_a0.5_s0_e1b_persist_s0,200,350,anchor,clean,150,4,0.006863995641469956,0.008591377176344395,1117396,0.007727925086427552,0.0010744706544868335,0.0006553672719746828,0.0012424983502328077
attack_a0.5_s0_e1b_persist_s0,200,350,anchor,clean,150,5,0.008591377176344395,0.010341065004467964,1117395,0.00946280133094241,0.0010742768534460225,0.000651816837489605,0.0012438112844469476
attack_a0.5_s0_e1b_persist_s0,200,350,anchor,clean,150,6,0.010341065004467964,0.01216469313949347,1117397,0.011241914032791117,0.0010810636333241411,0.0006526913493871689,0.0012569166199773137
attack_a0.5_s0_e1b_persist_s0,200,350,anchor,clean,150,7,0.01216469313949347,0.014299026876688006,1117396,0.013183780427322173,0.0011330340760325726,0.0006779218092560768,0.0013115127714359287
attack_a0.5_s0_e1b_persist_s0,200,350,anchor,clean,150,8,0.014299026876688006,0.018141831643879416,1117396,0.01592323251026075,0.0014738590981693948,0.0009618429467082024,0.0015308365297756104
attack_a0.5_s0_e1b_persist_s0,200,350,anchor,clean,150,9,0.018141831643879416,1.0,1117397,0.03142363890873834,0.0024090051324437514,0.001851402223110199,0.0022917645743852307
attack_a0.5_s0_e1b_persist_s0,200,400,anchor,clean,200,0,0.0,0.0017076902673579754,1117397,0.0008496672033628957,0.00112028418262025,0.0006838054832769558,0.0012945469697333498
attack_a0.5_s0_e1b_persist_s0,200,400,anchor,clean,200,1,0.0017076902673579754,0.0034237554762512447,1117396,0.0025659239490731733,0.0011249301490741765,0.0006900613661855459,0.0012921150458953137
attack_a0.5_s0_e1b_persist_s0,200,400,anchor,clean,200,2,0.0034237554762512447,0.005144833587110043,1117395,0.0042832127221308185,0.001123292650264544,0.0006890189833939075,0.0012905612148666346
attack_a0.5_s0_e1b_persist_s0,200,400,anchor,clean,200,3,0.005144833587110043,0.006863995641469956,1117397,0.006004081258167459,0.0011224245012218508,0.0006886650808155537,0.0012893847487711108
attack_a0.5_s0_e1b_persist_s0,200,400,anchor,clean,200,4,0.006863995641469956,0.008591377176344395,1117396,0.007727925086427552,0.0011214581456422304,0.0006869083736091852,0.0012915168693043444
attack_a0.5_s0_e1b_persist_s0,200,400,anchor,clean,200,5,0.008591377176344395,0.010341065004467964,1117395,0.00946280133094241,0.0011219302432084047,0.0006848564371466637,0.0012926571047723518
attack_a0.5_s0_e1b_persist_s0,200,400,anchor,clean,200,6,0.010341065004467964,0.01216469313949347,1117397,0.011241914032791117,0.0011278661529588454,0.0006832247599959373,0.001305945019065161
attack_a0.5_s0_e1b_persist_s0,200,400,anchor,clean,200,7,0.01216469313949347,0.014299026876688006,1117396,0.013183780427322173,0.001182411591743267,0.0007111411541700363,0.0013618697923618755
attack_a0.5_s0_e1b_persist_s0,200,400,anchor,clean,200,8,0.014299026876688006,0.018141831643879416,1117396,0.01592323251026075,0.0015351301056917544,0.001003999263048172,0.0015888134987965719
attack_a0.5_s0_e1b_persist_s0,200,400,anchor,clean,200,9,0.018141831643879416,1.0,1117397,0.03142363890873834,0.0025068205084873606,0.0019276812672615051,0.0024216777374849157
attack_a0.5_s0_e1b_persist_s0,250,300,segment,clean,50,0,0.0,0.0017119148978963494,1117396,0.0008523125034183916,0.0005679780359911749,0.00032723290496505797,0.0006883249939728291
attack_a0.5_s0_e1b_persist_s0,250,300,segment,clean,50,1,0.0017119148978963494,0.0034315561875700963,1117397,0.0025717813228641278,0.0005720529198900031,0.00032970914617180824,0.000691678883524732
attack_a0.5_s0_e1b_persist_s0,250,300,segment,clean,50,2,0.0034315561875700963,0.0051553761586546915,1117396,0.004292975837908156,0.0005705226319905238,0.0003291777102276683,0.0006889262169791756
attack_a0.5_s0_e1b_persist_s0,250,300,segment,clean,50,3,0.0051553761586546915,0.00688384771347046,1117396,0.006019126880376968,0.0005699565687310375,0.00032932450994849205,0.0006880415851680676
attack_a0.5_s0_e1b_persist_s0,250,300,segment,clean,50,4,0.00688384771347046,0.008620161563158035,1117396,0.007750760313110266,0.0005690111085418339,0.0003281119279563427,0.0006880747364297892
attack_a0.5_s0_e1b_persist_s0,250,300,segment,clean,50,5,0.008620161563158035,0.010387174040079118,1117396,0.009499527998217829,0.0005691796840223782,0.00032653147354722023,0.0006903494101379088
attack_a0.5_s0_e1b_persist_s0,250,300,segment,clean,50,6,0.010387174040079118,0.012251213006675248,1117396,0.011305875405092546,0.0005750961192964893,0.00032803090289235115,0.0006983572572533865
attack_a0.5_s0_e1b_persist_s0,250,300,segment,clean,50,7,0.012251213006675248,0.014467910304665571,1117396,0.013305587366575389,0.0006099128842727707,0.0003475514240562916,0.0007303631473909983
attack_a0.5_s0_e1b_persist_s0,250,300,segment,clean,50,8,0.014467910304665571,0.01851911507546903,1117396,0.016178777348534866,0.0008003082035872704,0.0005083074793219566,0.0008541182583735418
attack_a0.5_s0_e1b_persist_s0,250,300,segment,clean,50,9,0.01851911507546903,1.0,1117397,0.032133887806145095,0.0012972354858156617,0.000998329371213913,0.0011630733411581637
attack_a0.5_s0_e1b_persist_s0,300,350,segment,clean,50,0,0.0,0.0017138648545369506,1117396,0.0008525134129911866,0.00038216275657713185,0.00021808423480251804,0.0004662067659515018
attack_a0.5_s0_e1b_persist_s0,300,350,segment,clean,50,1,0.0017138648545369506,0.0034369414672255514,1117397,0.0025751619212588932,0.00038353978075981836,0.00021959003061056137,0.0004663966878507143
attack_a0.5_s0_e1b_persist_s0,300,350,segment,clean,50,2,0.0034369414672255514,0.0051636383403092624,1117396,0.004299573303850894,0.00038430686278550727,0.00021953845862299204,0.00046769544987340406
attack_a0.5_s0_e1b_persist_s0,300,350,segment,clean,50,3,0.0051636383403092624,0.006895460840314628,1117396,0.006028628345465709,0.0003829320470357886,0.00021888269111514091,0.0004657679747808127
attack_a0.5_s0_e1b_persist_s0,300,350,segment,clean,50,4,0.006895460840314628,0.008638284169137478,1117396,0.007764997625702858,0.00038248617102908615,0.00021833088248968124,0.0004660014978204807
attack_a0.5_s0_e1b_persist_s0,300,350,segment,clean,50,5,0.008638284169137478,0.010417040251195431,1117396,0.00952233256181723,0.0003828467551894802,0.00021771341562271118,0.00046687434625338186
attack_a0.5_s0_e1b_persist_s0,300,350,segment,clean,50,6,0.010417040251195431,0.012302341684699063,1117396,0.01134463095265455,0.00038767066896354727,0.00021874718368053436,0.00047407417236565734
attack_a0.5_s0_e1b_persist_s0,300,350,segment,clean,50,7,0.012302341684699063,0.014565180242061618,1117396,0.013377493393755654,0.0004125394268248985,0.00023345369845628738,0.00049726235403678
attack_a0.5_s0_e1b_persist_s0,300,350,segment,clean,50,8,0.014565180242061618,0.01873918417841196,1117396,0.016328341381005095,0.0005423987756944359,0.0003439895808696747,0.0005796146201183621
attack_a0.5_s0_e1b_persist_s0,300,350,segment,clean,50,9,0.01873918417841196,1.0,1117397,0.03253784825208196,0.0008693399486427402,0.0006682351231575012,0.0007800115877696887
attack_a0.5_s0_e1b_persist_s0,350,400,segment,clean,50,0,0.0,0.0017142014694400132,1117397,0.0008530269168162627,0.00026965022745927496,0.0001508511631982401,0.00033245280318107114
attack_a0.5_s0_e1b_persist_s0,350,400,segment,clean,50,1,0.0017142014694400132,0.003438218450173736,1117396,0.002576350497440752,0.0002706270923304265,0.00015226437244564295,0.00033248363648639436
attack_a0.5_s0_e1b_persist_s0,350,400,segment,clean,50,2,0.003438218450173736,0.005167166655883193,1117396,0.0043021900617667775,0.00027095707973473824,0.00015226018149405718,0.00033271070537355796
attack_a0.5_s0_e1b_persist_s0,350,400,segment,clean,50,3,0.005167166655883193,0.006898974813520909,1117396,0.006032248134354699,0.00027067252576977154,0.00015181489288806915,0.00033307167129358224
attack_a0.5_s0_e1b_persist_s0,350,400,segment,clean,50,4,0.006898974813520909,0.008644107263535261,1117396,0.007769719822101337,0.0002698228932180012,0.00015155482105910778,0.0003319080603427962
attack_a0.5_s0_e1b_persist_s0,350,400,segment,clean,50,5,0.008644107263535261,0.010426348075270653,1117395,0.009529854128729141,0.0002703766250008863,0.00015086401253938675,0.00033385922499077454
attack_a0.5_s0_e1b_persist_s0,350,400,segment,clean,50,6,0.010426348075270653,0.012321144994348289,1117397,0.011359126167525687,0.0002731143578143579,0.0001515587791800499,0.0003375553184389803
attack_a0.5_s0_e1b_persist_s0,350,400,segment,clean,50,7,0.012321144994348289,0.0146024689078331,1117396,0.01340411303299204,0.00029207922914131014,0.00016227178275585175,0.00035490816163386333
attack_a0.5_s0_e1b_persist_s0,350,400,segment,clean,50,8,0.0146024689078331,0.018821665458381178,1117396,0.016384094637933024,0.0003849762953305744,0.00024302303791046143,0.00041376087874188654
attack_a0.5_s0_e1b_persist_s0,350,400,segment,clean,50,9,0.018821665458381178,1.0,1117397,0.03269252846914084,0.0006159398642950046,0.0004749707877635956,0.0005450048396695102
