run_id,round_from,round_to,kind,phase,span_rounds,scope,group,n_params,l2_delta,energy,energy_share,mean_abs_delta,l2_base,relative_displacement,cos_theta_delta
attack_a0.5_s0_e1b_persist_s0,50,100,bn_affine,mixed,50,layer,bn1,128,0.0,0.0,0.0,0.0,8.0,0.0,nan
attack_a0.5_s0_e1b_persist_s0,50,100,weight,mixed,50,layer,conv1,1728,0.7454687675733443,0.5557236834273209,0.019583701394748687,0.013736529129198937,4.960121578863779,0.15029243854625632,0.4060833994837195
attack_a0.5_s0_e1b_persist_s0,50,100,bn_affine,mixed,50,layer,layer1.0.bn1,128,0.0,0.0,0.0,0.0,8.0,0.0,nan
attack_a0.5_s0_e1b_persist_s0,50,100,bn_affine,mixed,50,layer,layer1.0.bn2,128,0.0,0.0,0.0,0.0,8.0,0.0,nan
attack_a0.5_s0_e1b_persist_s0,50,100,weight,mixed,50,layer,layer1.0.conv1,36864,1.180907955712695,1.394543599865536,0.049143713424796426,0.0046453030492539914,4.989019489912949,0.23670141159005573,0.13998600307908401
attack_a0.5_s0_e1b_persist_s0,50,100,weight,mixed,50,layer,layer1.0.conv2,36864,1.1622047939903832,1.3507199831742291,0.04759936926795302,0.004625187325715337,4.922510635369207,0.23610000669977496,0.13145371534434724
attack_a0.5_s0_e1b_persist_s0,50,100,bn_affine,mixed,50,layer,layer1.1.bn1,128,0.0,0.0,0.0,0.0,8.0,0.0,nan
attack_a0.5_s0_e1b_persist_s0,50,100,bn_affine,mixed,50,layer,layer1.1.bn2,128,0.0,0.0,0.0,0.0,8.0,0.0,nan
attack_a0.5_s0_e1b_persist_s0,50,100,weight,mixed,50,layer,layer1.1.conv1,36864,1.0129739385866863,1.0261162002558235,0.03616033266423185,0.003989713610346736,4.796262331985698,0.21120069513948073,0.11332815992937494
attack_a0.5_s0_e1b_persist_s0,50,100,weight,mixed,50,layer,layer1.1.conv2,36864,0.9016863707929963,0.8130383112738448,0.028651468320154964,0.003674077504381359,4.802542379468042,0.18775188213807548,0.12597374246028978
attack_a0.5_s0_e1b_persist_s0,50,100,bn_affine,mixed,50,layer,layer2.0.bn1,256,0.0,0.0,0.0,0.0,11.313708498984761,0.0,nan
attack_a0.5_s0_e1b_persist_s0,50,100,bn_affine,mixed,50,layer,layer2.0.bn2,256,0.0,0.0,0.0,0.0,11.313708498984761,0.0,nan
attack_a0.5_s0_e1b_persist_s0,50,100,weight,mixed,50,layer,layer2.0.conv1,73728,1.0066927782865926,1.0134303498543786,0.03571328332368878,0.0028842617616628274,6.666901541928319,0.15099859686774664,0.0937913453255893
attack_a0.5_s0_e1b_persist_s0,50,100,weight,mixed,50,layer,layer2.0.conv2,147456,1.372987997556095,1.8850960414330953,0.06643078039821684,0.00279086555366709,6.707988370719261,0.20467954350506382,0.09008433805961137
attack_a0.5_s0_e1b_persist_s0,50,100,weight,mixed,50,layer,layer2.0.shortcut.0,8192,0.47872756835870944,0.2291800847066428,0.008076305686376387,0.004081690929280679,6.567260228038543,0.07289608630320593,0.05989894984069918
attack_a0.5_s0_e1b_persist_s0,50,100,bn_affine,mixed,50,layer,layer2.0.shortcut.1,256,0.0,0.0,0.0,0.0,11.313708498984761,0.0,nan
attack_a0.5_s0_e1b_persist_s0,50,100,bn_affine,mixed,50,layer,layer2.1.bn1,256,0.0,0.0,0.0,0.0,11.313708498984761,0.0,nan
attack_a0.5_s0_e1b_persist_s0,50,100,bn_affine,mixed,50,layer,layer2.1.bn2,256,0.0,0.0,0.0,0.0,11.313708498984761,0.0,nan
attack_a0.5_s0_e1b_persist_s0,50,100,weight,mixed,50,layer,layer2.1.conv1,147456,1.2154467057874985,1.4773106946096817,0.05206042566348259,0.0024622154010412625,6.659633017985374,0.18250956208923158,0.08754236148011876
attack_a0.5_s0_e1b_persist_s0,50,100,weight,mixed,50,layer,layer2.1.conv2,147456,1.1686818557877172,1.3658172800474229,0.04813139797691332,0.002391018908569262,6.673977640376008,0.1751102444091908,0.09686644203345796
attack_a0.5_s0_e1b_persist_s0,50,100,bn_affine,mixed,50,layer,layer3.0.bn1,512,0.0,0.0,0.0,0.0,16.0,0.0,nan
attack_a0.5_s0_e1b_persist_s0,50,100,bn_affine,mixed,50,layer,layer3.0.bn2,512,0.0,0.0,0.0,0.0,16.0,0.0,nan
attack_a0.5_s0_e1b_persist_s0,50,100,weight,mixed,50,layer,layer3.0.conv1,294912,1.3670472775399394,1.8688182590293603,0.06585715138172896,0.0019674807420375488,9.335345604769648,0.14643777910498382,0.06652986378359144
attack_a0.5_s0_e1b_persist_s0,50,100,weight,mixed,50,layer,layer3.0.conv2,589824,1.7713165711261074,3.1375623951459506,0.1105676919777466,0.001783055336738779,9.374776740301016,0.1889449338576176,0.0594204034837112
attack_a0.5_s0_e1b_persist_s0,50,100,weight,mixed,50,layer,layer3.0.shortcut.0,32768,0.5954505180828473,0.3545613194851313,0.012494740127146312,0.0025562275739889548,9.266775497562275,0.06425649550261436,0.0407213761367422
attack_a0.5_s0_e1b_persist_s0,50,100,bn_affine,mixed,50,layer,layer3.0.shortcut.1,512,0.0,0.0,0.0,0.0,16.0,0.0,nan
attack_a0.5_s0_e1b_persist_s0,50,100,bn_affine,mixed,50,layer,layer3.1.bn1,512,0.0,0.0,0.0,0.0,16.0,0.0,nan
attack_a0.5_s0_e1b_persist_s0,50,100,bn_affine,mixed,50,layer,layer3.1.bn2,512,0.0,0.0,0.0,0.0,16.0,0.0,nan
attack_a0.5_s0_e1b_persist_s0,50,100,weight,mixed,50,layer,layer3.1.conv1,589824,1.2032133293173797,1.4477223158470134,0.051017731260269164,0.0012039674467424902,9.292800861199376,0.12947800639322932,0.04037752911950713
attack_a0.5_s0_e1b_persist_s0,50,100,weight,mixed,50,layer,layer3.1.conv2,589824,1.0932576009243127,1.1952121819787838,0.04211927469220361,0.001071045900887301,9.299965992827417,0.11755501060622003,0.05103981940528009
attack_a0.5_s0_e1b_persist_s0,50,100,bn_affine,mixed,50,layer,layer4.0.bn1,1024,0.0,0.0,0.0,0.0,22.627416997969522,0.0,nan
attack_a0.5_s0_e1b_persist_s0,50,100,bn_affine,mixed,50,layer,layer4.0.bn2,1024,0.0,0.0,0.0,0.0,22.627416997969522,0.0,nan
attack_a0.5_s0_e1b_persist_s0,50,100,weight,mixed,50,layer,layer4.0.conv1,1179648,1.1535173433305166,1.330602261364293,0.04689042079514614,0.000771878168647912,13.100461534581907,0.08805165682793102,0.032025968159642995
attack_a0.5_s0_e1b_persist_s0,50,100,weight,mixed,50,layer,layer4.0.conv2,2359296,1.3655526072323108,1.8647339231189615,0.06571321939313383,0.0006539209306856104,13.15106238972549,0.10383591581917928,0.04315612102597243
attack_a0.5_s0_e1b_persist_s0,50,100,weight,mixed,50,layer,layer4.0.shortcut.0,131072,0.8684185069153947,0.7541507031531633,0.026576269138118974,0.001787288720208982,13.134834372247386,0.06611568005381763,0.06812245898418252
attack_a0.5_s0_e1b_persist_s0,50,100,bn_affine,mixed,50,layer,layer4.0.shortcut.1,1024,0.0,0.0,0.0,0.0,22.627416997969522,0.0,nan
attack_a0.5_s0_e1b_persist_s0,50,100,bn_affine,mixed,50,layer,layer4.1.bn1,1024,0.0,0.0,0.0,0.0,22.627416997969522,0.0,nan
attack_a0.5_s0_e1b_persist_s0,50,100,bn_affine,mixed,50,layer,layer4.1.bn2,1024,0.0,0.0,0.0,0.0,22.627416997969522,0.0,nan
attack_a0.5_s0_e1b_persist_s0,50,100,weight,mixed,50,layer,layer4.1.conv1,2359296,1.5894024073916617,2.5262000126224096,0.08902328294791446,0.0007345485297435494,13.214572824490478,0.12027648782153844,0.060751497495122514
attack_a0.5_s0_e1b_persist_s0,50,100,weight,mixed,50,layer,layer4.1.conv2,2359296,1.1442821759845054,1.3093816982758346,0.04614260819808388,0.000558156830339655,13.236954166377785,0.08644603294699112,0.07718880813957847
attack_a0.5_s0_e1b_persist_s0,50,100,bias+weight,mixed,50,layer,linear,5130,1.2152880104614123,1.4769249483712579,0.052046831966879904,0.01366388934904932,2.9022785495762973,0.41873582762716965,0.8438941333122402
attack_a0.5_s0_e1b_persist_s0,50,100,bias,mixed,50,kind,bias,10,0.051760653916455755,0.002679165293859106,9.441377912585012e-05,0.013580193254165351,0.09102975121843887,0.5686124945266376,0.44801314625001765
attack_a0.5_s0_e1b_persist_s0,50,100,bn_affine,mixed,50,kind,bn_affine,9600,0.0,0.0,0.0,0.0,69.2820323027551,0.0,nan
attack_a0.5_s0_e1b_persist_s0,50,100,bn_buffer,mixed,50,kind,bn_buffer,9600,0.0,0.0,0.0,0.0,69.2820323027551,0.0,nan
attack_a0.5_s0_e1b_persist_s0,50,100,weight,mixed,50,kind,weight,11164352,5.326740756013617,28.37416708177652,0.9999055862208761,0.0009750889791055428,40.624697560855836,0.1311207486045688,0.08212895380012998
attack_a0.5_s0_e1b_persist_s0,100,150,bn_affine,mixed,50,layer,bn1,128,0.0,0.0,0.0,0.0,8.0,0.0,nan
attack_a0.5_s0_e1b_persist_s0,100,150,weight,mixed,50,layer,conv1,1728,0.4755484046585217,0.2261462851732651,0.008801220541995251,0.00893897111107149,5.3067514058974075,0.08961196187370742,0.5049789461608275
attack_a0.5_s0_e1b_persist_s0,100,150,bn_affine,mixed,50,layer,layer1.0.bn1,128,0.0,0.0,0.0,0.0,8.0,0.0,nan
attack_a0.5_s0_e1b_persist_s0,100,150,bn_affine,mixed,50,layer,layer1.0.bn2,128,0.0,0.0,0.0,0.0,8.0,0.0,nan
attack_a0.5_s0_e1b_persist_s0,100,150,weight,mixed,50,layer,layer1.0.conv1,36864,0.7445372723432414,0.554335749908314,0.021573784356074707,0.0029770672545781857,5.285294176179393,0.14086959921717143,0.22896673840020532
attack_a0.5_s0_e1b_persist_s0,100,150,weight,mixed,50,layer,layer1.0.conv2,36864,0.7983061295959891,0.6372926765505282,0.02480232382248626,0.003234478499246,5.204413057046298,0.15339023264403578,0.2102390454473346
attack_a0.5_s0_e1b_persist_s0,100,150,bn_affine,mixed,50,layer,layer1.1.bn1,128,0.0,0.0,0.0,0.0,8.0,0.0,nan
attack_a0.5_s0_e1b_persist_s0,100,150,bn_affine,mixed,50,layer,layer1.1.bn2,128,0.0,0.0,0.0,0.0,8.0,0.0,nan
attack_a0.5_s0_e1b_persist_s0,100,150,weight,mixed,50,layer,layer1.1.conv1,36864,0.6840700265224108,0.4679518011863718,0.018211871143979624,0.002768718628469625,5.013128338321384,0.13645571793828593,0.19823978482137752
attack_a0.5_s0_e1b_persist_s0,100,150,weight,mixed,50,layer,layer1.1.conv2,36864,0.6888110553027537,0.4744606699072932,0.018465185006941526,0.002829833807339812,4.996847179316245,0.13784913378059496,0.1825555506367309
attack_a0.5_s0_e1b_persist_s0,100,150,bn_affine,mixed,50,layer,layer2.0.bn1,256,0.0,0.0,0.0,0.0,11.313708498984761,0.0,nan
attack_a0.5_s0_e1b_persist_s0,100,150,bn_affine,mixed,50,layer,layer2.0.bn2,256,0.0,0.0,0.0,0.0,11.313708498984761,0.0,nan
attack_a0.5_s0_e1b_persist_s0,100,150,weight,mixed,50,layer,layer2.0.conv1,73728,0.8258042365672718,0.6819526371324546,0.026540411901966314,0.0023790992060154273,6.83520093387377,0.12081638046290132,0.14617154677738406
attack_a0.5_s0_e1b_persist_s0,100,150,weight,mixed,50,layer,layer2.0.conv2,147456,1.2139792198613117,1.4737455462550788,0.057355616367682036,0.0024873887730129294,6.96717699515556,0.1742426266342049,0.14544528656418132
attack_a0.5_s0_e1b_persist_s0,100,150,weight,mixed,50,layer,layer2.0.shortcut.0,8192,0.4245388440864383,0.1802332301382492,0.0070143642033632,0.003652606322565033,6.61322334575944,0.06419544931272629,0.10423200715228369
attack_a0.5_s0_e1b_persist_s0,100,150,bn_affine,mixed,50,layer,layer2.0.shortcut.1,256,0.0,0.0,0.0,0.0,11.313708498984761,0.0,nan
attack_a0.5_s0_e1b_persist_s0,100,150,bn_affine,mixed,50,layer,layer2.1.bn1,256,0.0,0.0,0.0,0.0,11.313708498984761,0.0,nan
attack_a0.5_s0_e1b_persist_s0,100,150,bn_affine,mixed,50,layer,layer2.1.bn2,256,0.0,0.0,0.0,0.0,11.313708498984761,0.0,nan
attack_a0.5_s0_e1b_persist_s0,100,150,weight,mixed,50,layer,layer2.1.conv1,147456,1.0809376737491188,1.1684262545301562,0.045473119955512335,0.002218204390708013,6.873516821118166,0.15726122476750914,0.14440359116524284
attack_a0.5_s0_e1b_persist_s0,100,150,weight,mixed,50,layer,layer2.1.conv2,147456,1.1313095351455313,1.2798612643111984,0.04980997694359385,0.0023285039717371022,6.886135647838622,0.16428801188379433,0.14747451099254902
attack_a0.5_s0_e1b_persist_s0,100,150,bn_affine,mixed,50,layer,layer3.0.bn1,512,0.0,0.0,0.0,0.0,16.0,0.0,nan
attack_a0.5_s0_e1b_persist_s0,100,150,bn_affine,mixed,50,layer,layer3.0.bn2,512,0.0,0.0,0.0,0.0,16.0,0.0,nan
attack_a0.5_s0_e1b_persist_s0,100,150,weight,mixed,50,layer,layer3.0.conv1,294912,1.4189746134003016,2.0134889534745355,0.07836149209713214,0.0020563148764255706,9.524472965675733,0.148981956115997,0.10514664234681304
attack_a0.5_s0_e1b_persist_s0,100,150,weight,mixed,50,layer,layer3.0.conv2,589824,1.9070926749675172,3.63700247091476,0.1415458177160749,0.001956272222076106,9.643517812696935,0.19775902445646792,0.10608496080747068
attack_a0.5_s0_e1b_persist_s0,100,150,weight,mixed,50,layer,layer3.0.shortcut.0,32768,0.639029503851727,0.40835870679298436,0.015892611439429105,0.0027663376748103888,9.310052787992209,0.06863865526905773,0.07014332737508283
attack_a0.5_s0_e1b_persist_s0,100,150,bn_affine,mixed,50,layer,layer3.0.shortcut.1,512,0.0,0.0,0.0,0.0,16.0,0.0,nan
attack_a0.5_s0_e1b_persist_s0,100,150,bn_affine,mixed,50,layer,layer3.1.bn1,512,0.0,0.0,0.0,0.0,16.0,0.0,nan
attack_a0.5_s0_e1b_persist_s0,100,150,bn_affine,mixed,50,layer,layer3.1.bn2,512,0.0,0.0,0.0,0.0,16.0,0.0,nan
attack_a0.5_s0_e1b_persist_s0,100,150,weight,mixed,50,layer,layer3.1.conv1,589824,1.4814831967008883,2.194792462107083,0.08541750968013169,0.0015140070243688472,9.418429294976718,0.15729620622528126,0.07521200957696451
attack_a0.5_s0_e1b_persist_s0,100,150,weight,mixed,50,layer,layer3.1.conv2,589824,1.3602287205203791,1.8502221721285075,0.07200743260547535,0.0013681951925008256,9.419259510498673,0.14440930510559488,0.08319166057518863
attack_a0.5_s0_e1b_persist_s0,100,150,bn_affine,mixed,50,layer,layer4.0.bn1,1024,0.0,0.0,0.0,0.0,22.627416997969522,0.0,nan
attack_a0.5_s0_e1b_persist_s0,100,150,bn_affine,mixed,50,layer,layer4.0.bn2,1024,0.0,0.0,0.0,0.0,22.627416997969522,0.0,nan
attack_a0.5_s0_e1b_persist_s0,100,150,weight,mixed,50,layer,layer4.0.conv1,1179648,1.3847871134306124,1.917635349523488,0.07463103635485947,0.0009592845860015419,13.187896820012451,0.10500439397806155,0.05769377385430925
attack_a0.5_s0_e1b_persist_s0,100,150,weight,mixed,50,layer,layer4.0.conv2,2359296,1.4624169315706452,2.1386632817445013,0.0832330594919094,0.0007151336519718044,13.280256454536627,0.11011963033824347,0.07048020074033023
attack_a0.5_s0_e1b_persist_s0,100,150,weight,mixed,50,layer,layer4.0.shortcut.0,131072,0.8459487000142162,0.7156292030557424,0.02785104534244406,0.0017537687306087985,13.222409269003766,0.06397840838260134,0.09007981212669565
attack_a0.5_s0_e1b_persist_s0,100,150,bn_affine,mixed,50,layer,layer4.0.shortcut.1,1024,0.0,0.0,0.0,0.0,22.627416997969522,0.0,nan
attack_a0.5_s0_e1b_persist_s0,100,150,bn_affine,mixed,50,layer,layer4.1.bn1,1024,0.0,0.0,0.0,0.0,22.627416997969522,0.0,nan
attack_a0.5_s0_e1b_persist_s0,100,150,bn_affine,mixed,50,layer,layer4.1.bn2,1024,0.0,0.0,0.0,0.0,22.627416997969522,0.0,nan
attack_a0.5_s0_e1b_persist_s0,100,150,weight,mixed,50,layer,layer4.1.conv1,2359296,1.4346106107579844,2.058107604499397,0.08009797248041704,0.0006797537593676025,13.40533832564332,0.10701785929667221,0.09393879677331123
attack_a0.5_s0_e1b_persist_s0,100,150,weight,mixed,50,layer,layer4.1.conv2,2359296,0.8430383553750453,0.7107136686334613,0.02765974128233483,0.0004136107021622516,13.374029528671224,0.06303547884111822,0.11024431969214174
attack_a0.5_s0_e1b_persist_s0,100,150,bias+weight,mixed,50,layer,linear,5130,0.95176556042521,0.9058576820115141,0.03525440726534854,0.010874315776421846,3.981601564879226,0.23904088465820159,0.9145808244959558
attack_a0.5_s0_e1b_persist_s0,100,150,bias,mixed,50,kind,bias,10,0.021109772514611363,0.0004456224956186413,1.734285336329564e-05,0.0060272540897130964,0.12323733708140806,0.1712936437491073,0.39969161256409264
attack_a0.5_s0_e1b_persist_s0,100,150,bn_affine,mixed,50,kind,bn_affine,9600,0.0,0.0,0.0,0.0,69.2820323027551,0.0,nan
attack_a0.5_s0_e1b_persist_s0,100,150,bn_buffer,mixed,50,kind,bn_buffer,9600,0.0,0.0,0.0,0.0,69.2820323027551,0.0,nan
attack_a0.5_s0_e1b_persist_s0,100,150,weight,mixed,50,kind,weight,11164352,5.0689675524218005,25.69443204750506,0.9999826571466367,0.0009788553147012616,41.40392705485959,0.12242721676389522,0.11805021692160814
attack_a0.5_s0_e1b_persist_s0,150,200,bn_affine,attack,50,layer,bn1,128,0.0,0.0,0.0,0.0,8.0,0.0,nan
attack_a0.5_s0_e1b_persist_s0,150,200,weight,attack,50,layer,conv1,1728,0.3713097077938062,0.13787089910192174,0.005579762948648885,0.006967129822176806,5.562059316669623,0.06675759582084682,0.5351104868672032
attack_a0.5_s0_e1b_persist_s0,150,200,bn_affine,attack,50,layer,layer1.0.bn1,128,0.0,0.0,0.0,0.0,8.0,0.0,nan
attack_a0.5_s0_e1b_persist_s0,150,200,bn_affine,attack,50,layer,layer1.0.bn2,128,0.0,0.0,0.0,0.0,8.0,0.0,nan
attack_a0.5_s0_e1b_persist_s0,150,200,weight,attack,50,layer,layer1.0.conv1,36864,0.5624114238740265,0.3163066097040099,0.012801221379824729,0.0022787136495746843,5.503697268260236,0.10218792867068603,0.26264303848169507
attack_a0.5_s0_e1b_persist_s0,150,200,weight,attack,50,layer,layer1.0.conv2,36864,0.6157497222383053,0.3791477204365501,0.015344459319095423,0.002523194035070971,5.428643892436227,0.1134260663323734,0.24753517026156457
attack_a0.5_s0_e1b_persist_s0,150,200,bn_affine,attack,50,layer,layer1.1.bn1,128,0.0,0.0,0.0,0.0,8.0,0.0,nan
attack_a0.5_s0_e1b_persist_s0,150,200,bn_affine,attack,50,layer,layer1.1.bn2,128,0.0,0.0,0.0,0.0,8.0,0.0,nan
attack_a0.5_s0_e1b_persist_s0,150,200,weight,attack,50,layer,layer1.1.conv1,36864,0.5442840650944678,0.2962451435157588,0.01198931526720828,0.0022157659871325907,5.192212163561095,0.10482700782418893,0.2175898865221103
attack_a0.5_s0_e1b_persist_s0,150,200,weight,attack,50,layer,layer1.1.conv2,36864,0.5845620223386382,0.3417127579606385,0.01382943172467364,0.0024125262529747843,5.1671667582194685,0.11313008650413092,0.2063750914822964
attack_a0.5_s0_e1b_persist_s0,150,200,bn_affine,attack,50,layer,layer2.0.bn1,256,0.0,0.0,0.0,0.0,11.313708498984761,0.0,nan
attack_a0.5_s0_e1b_persist_s0,150,200,bn_affine,attack,50,layer,layer2.0.bn2,256,0.0,0.0,0.0,0.0,11.313708498984761,0.0,nan
attack_a0.5_s0_e1b_persist_s0,150,200,weight,attack,50,layer,layer2.0.conv1,73728,0.7514080404079754,0.5646140431897535,0.022850453134044407,0.002159873227079086,7.003718020574022,0.1072870207225148,0.1626107959777976
attack_a0.5_s0_e1b_persist_s0,150,200,weight,attack,50,layer,layer2.0.conv2,147456,1.143711067452531,1.308075005813408,0.052939006701448243,0.002350679274645293,7.244008258543021,0.15788373323618551,0.16746823952447154
attack_a0.5_s0_e1b_persist_s0,150,200,weight,attack,50,layer,layer2.0.shortcut.0,8192,0.41509163956609213,0.17230106923766655,0.006973183814767169,0.0035822498871308506,6.670849541423148,0.06222470421324136,0.12600551358032977
attack_a0.5_s0_e1b_persist_s0,150,200,bn_affine,attack,50,layer,layer2.0.shortcut.1,256,0.0,0.0,0.0,0.0,11.313708498984761,0.0,nan
attack_a0.5_s0_e1b_persist_s0,150,200,bn_affine,attack,50,layer,layer2.1.bn1,256,0.0,0.0,0.0,0.0,11.313708498984761,0.0,nan
attack_a0.5_s0_e1b_persist_s0,150,200,bn_affine,attack,50,layer,layer2.1.bn2,256,0.0,0.0,0.0,0.0,11.313708498984761,0.0,nan
attack_a0.5_s0_e1b_persist_s0,150,200,weight,attack,50,layer,layer2.1.conv1,147456,1.0227386277500223,1.045994300691999,0.04233235789072884,0.002108022914311565,7.110516988832269,0.14383463668764576,0.16629323883550798
attack_a0.5_s0_e1b_persist_s0,150,200,weight,attack,50,layer,layer2.1.conv2,147456,1.1223228845315958,1.2596086571433216,0.050977528693201345,0.002315683454961754,7.141182101664821,0.15716205924365786,0.17322885786098835
attack_a0.5_s0_e1b_persist_s0,150,200,bn_affine,attack,50,layer,layer3.0.bn1,512,0.0,0.0,0.0,0.0,16.0,0.0,nan
attack_a0.5_s0_e1b_persist_s0,150,200,bn_affine,attack,50,layer,layer3.0.bn2,512,0.0,0.0,0.0,0.0,16.0,0.0,nan
attack_a0.5_s0_e1b_persist_s0,150,200,weight,attack,50,layer,layer3.0.conv1,294912,1.4662684119780776,2.1499430559647132,0.08701018622144935,0.002130158358847745,9.776051600109536,0.1499857480254757,0.13243611180511902
attack_a0.5_s0_e1b_persist_s0,150,200,weight,attack,50,layer,layer3.0.conv2,589824,1.9600858628025306,3.8419365895583413,0.15548673123273546,0.0020206348837083885,10.026787757780854,0.19548492599551545,0.1373341502141422
attack_a0.5_s0_e1b_persist_s0,150,200,weight,attack,50,layer,layer3.0.shortcut.0,32768,0.678687633214638,0.460616903478487,0.018641592593449746,0.002949458133943296,9.376569885798462,0.07238122698179456,0.09150761983676783
attack_a0.5_s0_e1b_persist_s0,150,200,bn_affine,attack,50,layer,layer3.0.shortcut.1,512,0.0,0.0,0.0,0.0,16.0,0.0,nan
attack_a0.5_s0_e1b_persist_s0,150,200,bn_affine,attack,50,layer,layer3.1.bn1,512,0.0,0.0,0.0,0.0,16.0,0.0,nan
attack_a0.5_s0_e1b_persist_s0,150,200,bn_affine,attack,50,layer,layer3.1.bn2,512,0.0,0.0,0.0,0.0,16.0,0.0,nan
attack_a0.5_s0_e1b_persist_s0,150,200,weight,attack,50,layer,layer3.1.conv1,589824,1.647320664716523,2.7136653724020876,0.10982455034812777,0.0016946212088084277,9.643676995865519,0.1708187308039008,0.10470588689810496
attack_a0.5_s0_e1b_persist_s0,150,200,weight,attack,50,layer,layer3.1.conv2,589824,1.4895188614867665,2.218666438724833,0.08979148515638453,0.001516686772814394,9.628314120124385,0.15470193877176122,0.11411149831038045
attack_a0.5_s0_e1b_persist_s0,150,200,bn_affine,attack,50,layer,layer4.0.bn1,1024,0.0,0.0,0.0,0.0,22.627416997969522,0.0,nan
attack_a0.5_s0_e1b_persist_s0,150,200,bn_affine,attack,50,layer,layer4.0.bn2,1024,0.0,0.0,0.0,0.0,22.627416997969522,0.0,nan
attack_a0.5_s0_e1b_persist_s0,150,200,weight,attack,50,layer,layer4.0.conv1,1179648,1.461688899146425,2.136534437887888,0.086467527032128,0.001031682778379909,13.339621990448483,0.10957498647210785,0.07917604133761721
attack_a0.5_s0_e1b_persist_s0,150,200,weight,attack,50,layer,layer4.0.conv2,2359296,1.4459350920223408,2.0907282903416555,0.0846137098265851,0.0007161943507508505,13.46259652012013,0.1074038793230831,0.09042025626764755
attack_a0.5_s0_e1b_persist_s0,150,200,weight,attack,50,layer,layer4.0.shortcut.0,131072,0.8156455560850361,0.6652776731612677,0.026924403448797433,0.001705890629034445,13.32527327831463,0.06121041865703473,0.1044613498408127
attack_a0.5_s0_e1b_persist_s0,150,200,bn_affine,attack,50,layer,layer4.0.shortcut.1,1024,0.0,0.0,0.0,0.0,22.627416997969522,0.0,nan
attack_a0.5_s0_e1b_persist_s0,150,200,bn_affine,attack,50,layer,layer4.1.bn1,1024,0.0,0.0,0.0,0.0,22.627416997969522,0.0,nan
attack_a0.5_s0_e1b_persist_s0,150,200,bn_affine,attack,50,layer,layer4.1.bn2,1024,0.0,0.0,0.0,0.0,22.627416997969522,0.0,nan
attack_a0.5_s0_e1b_persist_s0,150,200,weight,attack,50,layer,layer4.1.conv1,2359296,1.2773123640843587,1.631526875442773,0.06602940336662806,0.000614340224297174,13.615225301490389,0.0938150001781122,0.11161304488916002
attack_a0.5_s0_e1b_persist_s0,150,200,weight,attack,50,layer,layer4.1.conv2,2359296,0.640820160421957,0.41065047800322263,0.016619405087896447,0.0003161853278632572,13.493011123997736,0.04749274676593415,0.12132689711112342
attack_a0.5_s0_e1b_persist_s0,150,200,bias+weight,attack,50,layer,linear,5130,0.7534413129162405,0.5676738120089482,0.02297428481135981,0.008532047099610278,4.867310397674929,0.15479623269478615,0.9162685384029289
attack_a0.5_s0_e1b_persist_s0,150,200,bias,attack,50,kind,bias,10,0.02282979984903905,0.0005211997611471834,2.109343694019018e-05,0.006188393197953701,0.13308895115706534,0.17153790491666276,0.7388774678485414
attack_a0.5_s0_e1b_persist_s0,150,200,bn_affine,attack,50,kind,bn_affine,9600,0.0,0.0,0.0,0.0,69.2820323027551,0.0,nan
attack_a0.5_s0_e1b_persist_s0,150,200,bn_buffer,attack,50,kind,bn_buffer,9600,0.0,0.0,0.0,0.0,69.2820323027551,0.0,nan
attack_a0.5_s0_e1b_persist_s0,150,200,weight,attack,50,kind,weight,11164352,4.9707720661913655,24.708574934028377,0.9999789065630652,0.0009608612859318416,42.30285125848818,0.1175044215298364,0.13525301123976424
attack_a0.5_s0_e1b_persist_s0,200,250,bn_affine,clean,50,layer,bn1,128,0.0,0.0,0.0,0.0,8.0,0.0,nan
attack_a0.5_s0_e1b_persist_s0,200,250,weight,clean,50,layer,conv1,1728,0.26545340203588524,0.07046550865242532,0.003554620082801837,0.004927103814988295,5.769284616786382,0.046011493567767264,0.479484058153535
attack_a0.5_s0_e1b_persist_s0,200,250,bn_affine,clean,50,layer,layer1.0.bn1,128,0.0,0.0,0.0,0.0,8.0,0.0,nan
attack_a0.5_s0_e1b_persist_s0,200,250,bn_affine,clean,50,layer,layer1.0.bn2,128,0.0,0.0,0.0,0.0,8.0,0.0,nan
attack_a0.5_s0_e1b_persist_s0,200,250,weight,clean,50,layer,layer1.0.conv1,36864,0.42086289465151017,0.17712557609444812,0.008935068262527896,0.0017164852463599685,5.677405252445753,0.07412944398679448,0.22733978556614004
attack_a0.5_s0_e1b_persist_s0,200,250,weight,clean,50,layer,layer1.0.conv2,36864,0.4642719361301346,0.2155484306780238,0.010873302345461062,0.0019003828159837558,5.612859067552478,0.08271576580535511,0.2207100843573047
attack_a0.5_s0_e1b_persist_s0,200,250,bn_affine,clean,50,layer,layer1.1.bn1,128,0.0,0.0,0.0,0.0,8.0,0.0,nan
attack_a0.5_s0_e1b_persist_s0,200,250,bn_affine,clean,50,layer,layer1.1.bn2,128,0.0,0.0,0.0,0.0,8.0,0.0,nan
attack_a0.5_s0_e1b_persist_s0,200,250,weight,clean,50,layer,layer1.1.conv1,36864,0.3924616332571654,0.15402613357888179,0.007769820982864179,0.0016103302714416895,5.337147835666775,0.07353396333420747,0.20814542796832303
attack_a0.5_s0_e1b_persist_s0,200,250,weight,clean,50,layer,layer1.1.conv2,36864,0.4678264669475056,0.2188616031765856,0.01104043474436654,0.001925954501346003,5.318651064727218,0.08795960879067358,0.19609733718603994
attack_a0.5_s0_e1b_persist_s0,200,250,bn_affine,clean,50,layer,layer2.0.bn1,256,0.0,0.0,0.0,0.0,11.313708498984761,0.0,nan
attack_a0.5_s0_e1b_persist_s0,200,250,bn_affine,clean,50,layer,layer2.0.bn2,256,0.0,0.0,0.0,0.0,11.313708498984761,0.0,nan
attack_a0.5_s0_e1b_persist_s0,200,250,weight,clean,50,layer,layer2.0.conv1,73728,0.5940338687127131,0.3528762371777929,0.01780077918124209,0.0017196397918702944,7.164370703465423,0.08291501002668351,0.14835222345773033
attack_a0.5_s0_e1b_persist_s0,200,250,weight,clean,50,layer,layer2.0.conv2,147456,0.9658967703035702,0.932956570882868,0.047062828703898614,0.0019887836078090254,7.520551638096646,0.12843429801221684,0.15720353626468636
attack_a0.5_s0_e1b_persist_s0,200,250,weight,clean,50,layer,layer2.0.shortcut.0,8192,0.35632339705179644,0.12696636328653216,0.006404795671095854,0.0030883353264421487,6.735752126081607,0.052900313191762395,0.12726279817687758
attack_a0.5_s0_e1b_persist_s0,200,250,bn_affine,clean,50,layer,layer2.0.shortcut.1,256,0.0,0.0,0.0,0.0,11.313708498984761,0.0,nan
attack_a0.5_s0_e1b_persist_s0,200,250,bn_affine,clean,50,layer,layer2.1.bn1,256,0.0,0.0,0.0,0.0,11.313708498984761,0.0,nan
attack_a0.5_s0_e1b_persist_s0,200,250,bn_affine,clean,50,layer,layer2.1.bn2,256,0.0,0.0,0.0,0.0,11.313708498984761,0.0,nan
attack_a0.5_s0_e1b_persist_s0,200,250,weight,clean,50,layer,layer2.1.conv1,147456,0.8838901429569723,0.7812617848164969,0.03941061213270251,0.0018205841517464289,7.350107595201889,0.12025540191193543,0.1490687642421272
attack_a0.5_s0_e1b_persist_s0,200,250,weight,clean,50,layer,layer2.1.conv2,147456,0.995806156997296,0.9916299023137234,0.05002259449878908,0.0020549052819564153,7.418412856601494,0.13423439437064338,0.16168184163500998
attack_a0.5_s0_e1b_persist_s0,200,250,bn_affine,clean,50,layer,layer3.0.bn1,512,0.0,0.0,0.0,0.0,16.0,0.0,nan
attack_a0.5_s0_e1b_persist_s0,200,250,bn_affine,clean,50,layer,layer3.0.bn2,512,0.0,0.0,0.0,0.0,16.0,0.0,nan
attack_a0.5_s0_e1b_persist_s0,200,250,weight,clean,50,layer,layer3.0.conv1,294912,1.3402230728448672,1.7961978849857383,0.09060888364759905,0.0019523151715378927,10.075608666749071,0.13301658660759547,0.12668454734214124
attack_a0.5_s0_e1b_persist_s0,200,250,weight,clean,50,layer,layer3.0.conv2,589824,1.7806808575831203,3.1708243165629573,0.1599516701183021,0.001838416843403399,10.4774312535603,0.16995395288115428,0.13322011368097297
attack_a0.5_s0_e1b_persist_s0,200,250,weight,clean,50,layer,layer3.0.shortcut.0,32768,0.6343584229806091,0.4024106088064453,0.020299531770238226,0.0027668372781997283,9.462840226839445,0.06703678893165488,0.09409354399164903
attack_a0.5_s0_e1b_persist_s0,200,250,bn_affine,clean,50,layer,layer3.0.shortcut.1,512,0.0,0.0,0.0,0.0,16.0,0.0,nan
attack_a0.5_s0_e1b_persist_s0,200,250,bn_affine,clean,50,layer,layer3.1.bn1,512,0.0,0.0,0.0,0.0,16.0,0.0,nan
attack_a0.5_s0_e1b_persist_s0,200,250,bn_affine,clean,50,layer,layer3.1.bn2,512,0.0,0.0,0.0,0.0,16.0,0.0,nan
attack_a0.5_s0_e1b_persist_s0,200,250,weight,clean,50,layer,layer3.1.conv1,589824,1.6019181405643887,2.566141729069269,0.1294485642679243,0.0016499063743431195,9.951931201580138,0.16096555614351926,0.10647705668041518
attack_a0.5_s0_e1b_persist_s0,200,250,weight,clean,50,layer,layer3.1.conv2,589824,1.4175289701318325,2.0093883811630135,0.10136324040548712,0.0014513598951421708,9.909398165569185,0.14304894671173113,0.11577513545755572
attack_a0.5_s0_e1b_persist_s0,200,250,bn_affine,clean,50,layer,layer4.0.bn1,1024,0.0,0.0,0.0,0.0,22.627416997969522,0.0,nan
attack_a0.5_s0_e1b_persist_s0,200,250,bn_affine,clean,50,layer,layer4.0.bn2,1024,0.0,0.0,0.0,0.0,22.627416997969522,0.0,nan
attack_a0.5_s0_e1b_persist_s0,200,250,weight,clean,50,layer,layer4.0.conv1,1179648,1.3522800492663416,1.8286613316437794,0.09224649645497737,0.0009647408942824941,13.534018544143159,0.09991711219071296,0.08106678379032314
attack_a0.5_s0_e1b_persist_s0,200,250,weight,clean,50,layer,layer4.0.conv2,2359296,1.30544027038586,1.7041742995451072,0.08596677020579906,0.0006511546359661387,13.669399479787648,0.09550092323486181,0.08864550414750846
attack_a0.5_s0_e1b_persist_s0,200,250,weight,clean,50,layer,layer4.0.shortcut.0,131072,0.7276187342165468,0.5294290223828898,0.02670695310897455,0.0015256334456609285,13.434988044169412,0.05415849510430511,0.09509355439803822
attack_a0.5_s0_e1b_persist_s0,200,250,bn_affine,clean,50,layer,layer4.0.shortcut.1,1024,0.0,0.0,0.0,0.0,22.627416997969522,0.0,nan
attack_a0.5_s0_e1b_persist_s0,200,250,bn_affine,clean,50,layer,layer4.1.bn1,1024,0.0,0.0,0.0,0.0,22.627416997969522,0.0,nan
attack_a0.5_s0_e1b_persist_s0,200,250,bn_affine,clean,50,layer,layer4.1.bn2,1024,0.0,0.0,0.0,0.0,22.627416997969522,0.0,nan
attack_a0.5_s0_e1b_persist_s0,200,250,weight,clean,50,layer,layer4.1.conv1,2359296,1.0744525246334848,1.1544482276912693,0.058235936037128615,0.0005222972925333328,13.816221933372363,0.07776746275609549,0.10064112195211633
attack_a0.5_s0_e1b_persist_s0,200,250,weight,clean,50,layer,layer4.1.conv2,2359296,0.4890723000840132,0.23919171470946704,0.012065983613911162,0.00024293138306196048,13.585658924140455,0.03599915932049325,0.1007967995799569
attack_a0.5_s0_e1b_persist_s0,200,250,bias+weight,clean,50,layer,linear,5130,0.6332884926051554,0.40105431486611,0.020231113763035883,0.007134049078353445,5.565853418663088,0.11378102241817044,0.9090078058391956
attack_a0.5_s0_e1b_persist_s0,200,250,bias,clean,50,kind,bias,10,0.013876134393968675,0.00019254710571948042,9.7130045885545e-06,0.003844985645264387,0.15074438823477104,0.0920507526446545,0.4599554683899171
attack_a0.5_s0_e1b_persist_s0,200,250,bn_affine,clean,50,kind,bn_affine,9600,0.0,0.0,0.0,0.0,69.2820323027551,0.0,nan
attack_a0.5_s0_e1b_persist_s0,200,250,bn_buffer,clean,50,kind,bn_buffer,9600,0.0,0.0,0.0,0.0,69.2820323027551,0.0,nan
attack_a0.5_s0_e1b_persist_s0,200,250,weight,clean,50,kind,weight,11164352,4.452353017786823,19.823447394995434,0.9999902869954133,0.0008585570481528588,43.256458700493965,0.10292920760376484,0.12702890592838278
attack_a0.5_s0_e1b_persist_s0,200,300,bn_affine,clean,100,layer,bn1,128,0.0,0.0,0.0,0.0,8.0,0.0,nan
attack_a0.5_s0_e1b_persist_s0,200,300,weight,clean,100,layer,conv1,1728,0.34796020410257633,0.12107630363910657,0.0034676877561762394,0.0064615557613563026,5.769284616786382,0.060312539112760535,0.5518817467950446
attack_a0.5_s0_e1b_persist_s0,200,300,bn_affine,clean,100,layer,layer1.0.bn1,128,0.0,0.0,0.0,0.0,8.0,0.0,nan
attack_a0.5_s0_e1b_persist_s0,200,300,bn_affine,clean,100,layer,layer1.0.bn2,128,0.0,0.0,0.0,0.0,8.0,0.0,nan
attack_a0.5_s0_e1b_persist_s0,200,300,weight,clean,100,layer,layer1.0.conv1,36864,0.5449873349587284,0.2970111952654173,0.008506553754226898,0.002225759353141522,5.677405252445753,0.09599232584708568,0.26194999292118587
attack_a0.5_s0_e1b_persist_s0,200,300,weight,clean,100,layer,layer1.0.conv2,36864,0.5983918021681226,0.3580727489020136,0.01025538813019089,0.0024560425885479676,5.612859067552478,0.10661087245667386,0.2574261522682232
attack_a0.5_s0_e1b_persist_s0,200,300,bn_affine,clean,100,layer,layer1.1.bn1,128,0.0,0.0,0.0,0.0,8.0,0.0,nan
attack_a0.5_s0_e1b_persist_s0,200,300,bn_affine,clean,100,layer,layer1.1.bn2,128,0.0,0.0,0.0,0.0,8.0,0.0,nan
attack_a0.5_s0_e1b_persist_s0,200,300,weight,clean,100,layer,layer1.1.conv1,36864,0.5107536351284648,0.260869275796941,0.00747143054796259,0.002090998669773642,5.337147835666775,0.09569786163973776,0.24031508744099944
attack_a0.5_s0_e1b_persist_s0,200,300,weight,clean,100,layer,layer1.1.conv2,36864,0.6108114008048594,0.3730905673531946,0.010685506192952905,0.0025127493073660518,5.318651064727218,0.11484329266413092,0.22452541148170693
attack_a0.5_s0_e1b_persist_s0,200,300,bn_affine,clean,100,layer,layer2.0.bn1,256,0.0,0.0,0.0,0.0,11.313708498984761,0.0,nan
attack_a0.5_s0_e1b_persist_s0,200,300,bn_affine,clean,100,layer,layer2.0.bn2,256,0.0,0.0,0.0,0.0,11.313708498984761,0.0,nan
attack_a0.5_s0_e1b_persist_s0,200,300,weight,clean,100,layer,layer2.0.conv1,73728,0.7583069896093082,0.5750294904903315,0.016469141059651016,0.002199584327683828,7.164370703465423,0.10584418660001964,0.1779515983372407
attack_a0.5_s0_e1b_persist_s0,200,300,weight,clean,100,layer,layer2.0.conv2,147456,1.2509705831981033,1.5649274000270026,0.044820327522995036,0.0025812817618320596,7.520551638096646,0.16634026909157792,0.18363585080394138
attack_a0.5_s0_e1b_persist_s0,200,300,weight,clean,100,layer,layer2.0.shortcut.0,8192,0.44700793093512253,0.1998160903188993,0.005722835840373741,0.0038694053034321607,6.735752126081607,0.06636347694628732,0.1592869625604643
attack_a0.5_s0_e1b_persist_s0,200,300,bn_affine,clean,100,layer,layer2.0.shortcut.1,256,0.0,0.0,0.0,0.0,11.313708498984761,0.0,nan
attack_a0.5_s0_e1b_persist_s0,200,300,bn_affine,clean,100,layer,layer2.1.bn1,256,0.0,0.0,0.0,0.0,11.313708498984761,0.0,nan
attack_a0.5_s0_e1b_persist_s0,200,300,bn_affine,clean,100,layer,layer2.1.bn2,256,0.0,0.0,0.0,0.0,11.313708498984761,0.0,nan
attack_a0.5_s0_e1b_persist_s0,200,300,weight,clean,100,layer,layer2.1.conv1,147456,1.1516576096093147,1.3263152497710406,0.03798635252501508,0.002376112839985916,7.350107595201889,0.1566858164581306,0.1738031424323191
attack_a0.5_s0_e1b_persist_s0,200,300,weight,clean,100,layer,layer2.1.conv2,147456,1.3024148084080995,1.6962843331607067,0.048582457807995603,0.002692952051767993,7.418412856601494,0.17556515572587839,0.1882037574411909
attack_a0.5_s0_e1b_persist_s0,200,300,bn_affine,clean,100,layer,layer3.0.bn1,512,0.0,0.0,0.0,0.0,16.0,0.0,nan
attack_a0.5_s0_e1b_persist_s0,200,300,bn_affine,clean,100,layer,layer3.0.bn2,512,0.0,0.0,0.0,0.0,16.0,0.0,nan
attack_a0.5_s0_e1b_persist_s0,200,300,weight,clean,100,layer,layer3.0.conv1,294912,1.7413071543907366,3.032150605932365,0.08684235655570442,0.002539831236552282,10.075608666749071,0.17282401609515619,0.14988327114366026
attack_a0.5_s0_e1b_persist_s0,200,300,weight,clean,100,layer,layer3.0.conv2,589824,2.340356542915028,5.477268747965182,0.15687180070527776,0.0024190397179193117,10.4774312535603,0.22337121440140775,0.1511685490448979
attack_a0.5_s0_e1b_persist_s0,200,300,weight,clean,100,layer,layer3.0.shortcut.0,32768,0.8139077434238756,0.6624458148053453,0.018972789654843142,0.003552210990998235,9.462840226839445,0.08601093581981759,0.11560288707548476
attack_a0.5_s0_e1b_persist_s0,200,300,bn_affine,clean,100,layer,layer3.0.shortcut.1,512,0.0,0.0,0.0,0.0,16.0,0.0,nan
attack_a0.5_s0_e1b_persist_s0,200,300,bn_affine,clean,100,layer,layer3.1.bn1,512,0.0,0.0,0.0,0.0,16.0,0.0,nan
attack_a0.5_s0_e1b_persist_s0,200,300,bn_affine,clean,100,layer,layer3.1.bn2,512,0.0,0.0,0.0,0.0,16.0,0.0,nan
attack_a0.5_s0_e1b_persist_s0,200,300,weight,clean,100,layer,layer3.1.conv1,589824,2.1210980392798,4.499056892236611,0.12885530884765242,0.0021894379527780316,9.951931201580138,0.213134314970246,0.12229765103732382
attack_a0.5_s0_e1b_persist_s0,200,300,weight,clean,100,layer,layer3.1.conv2,589824,1.886680109274606,3.559561834732439,0.10194768605131983,0.0019348705134068177,9.909398165569185,0.19039300649256302,0.1315083396850418
attack_a0.5_s0_e1b_persist_s0,200,300,bn_affine,clean,100,layer,layer4.0.bn1,1024,0.0,0.0,0.0,0.0,22.627416997969522,0.0,nan
attack_a0.5_s0_e1b_persist_s0,200,300,bn_affine,clean,100,layer,layer4.0.bn2,1024,0.0,0.0,0.0,0.0,22.627416997969522,0.0,nan
attack_a0.5_s0_e1b_persist_s0,200,300,weight,clean,100,layer,layer4.0.conv1,1179648,1.8100417200468808,3.276251028310271,0.09383351849669312,0.0012953235143075442,13.534018544143159,0.1337401536833401,0.09063543413609748
attack_a0.5_s0_e1b_persist_s0,200,300,weight,clean,100,layer,layer4.0.conv2,2359296,1.7584024293898508,3.091979103684129,0.0885558755754344,0.0008796115183972673,13.669399479787648,0.12863786971694877,0.09810519454018726
attack_a0.5_s0_e1b_persist_s0,200,300,weight,clean,100,layer,layer4.0.shortcut.0,131072,0.9522993441388576,0.9068740408472984,0.025973340061766794,0.0020049193401435917,13.434988044169412,0.07088203882340942,0.10966541749906754
attack_a0.5_s0_e1b_persist_s0,200,300,bn_affine,clean,100,layer,layer4.0.shortcut.1,1024,0.0,0.0,0.0,0.0,22.627416997969522,0.0,nan
attack_a0.5_s0_e1b_persist_s0,200,300,bn_affine,clean,100,layer,layer4.1.bn1,1024,0.0,0.0,0.0,0.0,22.627416997969522,0.0,nan
attack_a0.5_s0_e1b_persist_s0,200,300,bn_affine,clean,100,layer,layer4.1.bn2,1024,0.0,0.0,0.0,0.0,22.627416997969522,0.0,nan
attack_a0.5_s0_e1b_persist_s0,200,300,weight,clean,100,layer,layer4.1.conv1,2359296,1.4385123679613767,2.0693178327778474,0.05926632955156709,0.0007004254468402091,13.816221933372363,0.10411763613080977,0.10873103244012466
attack_a0.5_s0_e1b_persist_s0,200,300,weight,clean,100,layer,layer4.1.conv2,2359296,0.6811724299108147,0.46399587927060376,0.013289081191798217,0.00033810884703369584,13.585658924140455,0.05013907928311335,0.09908990345553313
attack_a0.5_s0_e1b_persist_s0,200,300,bias+weight,clean,100,layer,linear,5130,1.0507988268684485,1.1041781745481074,0.03162423216957862,0.011849014592872197,5.565853418663088,0.18879383767904712,0.9104019925857674
attack_a0.5_s0_e1b_persist_s0,200,300,bias,clean,100,kind,bias,10,0.01649584030526476,0.0002721127473767973,7.793449370494525e-06,0.003707825019955635,0.15074438823477104,0.10942921655945127,0.6598791680395066
attack_a0.5_s0_e1b_persist_s0,200,300,bn_affine,clean,100,kind,bn_affine,9600,0.0,0.0,0.0,0.0,69.2820323027551,0.0,nan
attack_a0.5_s0_e1b_persist_s0,200,300,bn_buffer,clean,100,kind,bn_buffer,9600,0.0,0.0,0.0,0.0,69.2820323027551,0.0,nan
attack_a0.5_s0_e1b_persist_s0,200,300,weight,clean,100,kind,weight,11164352,5.9089170325124964,34.91530049711629,0.9999922065506316,0.0011444741948907025,43.256458700493965,0.136601959800399,0.1458559264239471
attack_a0.5_s0_e1b_persist_s0,200,350,bn_affine,clean,150,layer,bn1,128,0.0,0.0,0.0,0.0,8.0,0.0,nan
attack_a0.5_s0_e1b_persist_s0,200,350,weight,clean,150,layer,conv1,1728,0.3636895178247851,0.1322700653756247,0.0031537813440833677,0.006797045127276154,5.769284616786382,0.06303892804431759,0.5856555720682718
attack_a0.5_s0_e1b_persist_s0,200,350,bn_affine,clean,150,layer,layer1.0.bn1,128,0.0,0.0,0.0,0.0,8.0,0.0,nan
attack_a0.5_s0_e1b_persist_s0,200,350,bn_affine,clean,150,layer,layer1.0.bn2,128,0.0,0.0,0.0,0.0,8.0,0.0,nan
attack_a0.5_s0_e1b_persist_s0,200,350,weight,clean,150,layer,layer1.0.conv1,36864,0.5828479544981019,0.33971173806262145,0.008099916929998504,0.002378991935226233,5.677405252445753,0.10266097426232143,0.27181843457791804
attack_a0.5_s0_e1b_persist_s0,200,350,weight,clean,150,layer,layer1.0.conv2,36864,0.6422888082894855,0.41253491325392755,0.009836276329859964,0.0026395892019930806,5.612859067552478,0.11443166496064537,0.2652327099931153
attack_a0.5_s0_e1b_persist_s0,200,350,bn_affine,clean,150,layer,layer1.1.bn1,128,0.0,0.0,0.0,0.0,8.0,0.0,nan
attack_a0.5_s0_e1b_persist_s0,200,350,bn_affine,clean,150,layer,layer1.1.bn2,128,0.0,0.0,0.0,0.0,8.0,0.0,nan
attack_a0.5_s0_e1b_persist_s0,200,350,weight,clean,150,layer,layer1.1.conv1,36864,0.549566896770481,0.3020237740259365,0.007201303948007146,0.0022457243179463526,5.337147835666775,0.10297014691964647,0.24643032773966483
attack_a0.5_s0_e1b_persist_s0,200,350,weight,clean,150,layer,layer1.1.conv2,36864,0.6542658788253168,0.4280638401950641,0.010206540304112261,0.0026962055662771373,5.318651064727218,0.12301349926193601,0.23305488939335434
attack_a0.5_s0_e1b_persist_s0,200,350,bn_affine,clean,150,layer,layer2.0.bn1,256,0.0,0.0,0.0,0.0,11.313708498984761,0.0,nan
attack_a0.5_s0_e1b_persist_s0,200,350,bn_affine,clean,150,layer,layer2.0.bn2,256,0.0,0.0,0.0,0.0,11.313708498984761,0.0,nan
attack_a0.5_s0_e1b_persist_s0,200,350,weight,clean,150,layer,layer2.0.conv1,73728,0.810892509836755,0.6575466625093518,0.015678214047881143,0.0023508226929235664,7.164370703465423,0.11318405250087414,0.18527345174751078
attack_a0.5_s0_e1b_persist_s0,200,350,weight,clean,150,layer,layer2.0.conv2,147456,1.3481606604859193,1.81753716648183,0.043336447982771475,0.002780842080260267,7.520551638096646,0.17926353349621058,0.18936140993443068
attack_a0.5_s0_e1b_persist_s0,200,350,weight,clean,150,layer,layer2.0.shortcut.0,8192,0.4786914247754953,0.2291454801535937,0.005463630325857593,0.0041532158629894456,6.735752126081607,0.07106725660553141,0.16686572618974457
attack_a0.5_s0_e1b_persist_s0,200,350,bn_affine,clean,150,layer,layer2.0.shortcut.1,256,0.0,0.0,0.0,0.0,11.313708498984761,0.0,nan
attack_a0.5_s0_e1b_persist_s0,200,350,bn_affine,clean,150,layer,layer2.1.bn1,256,0.0,0.0,0.0,0.0,11.313708498984761,0.0,nan
attack_a0.5_s0_e1b_persist_s0,200,350,bn_affine,clean,150,layer,layer2.1.bn2,256,0.0,0.0,0.0,0.0,11.313708498984761,0.0,nan
attack_a0.5_s0_e1b_persist_s0,200,350,weight,clean,150,layer,layer2.1.conv1,147456,1.2444374803316542,1.5486246424541963,0.0369246321341871,0.0025698422782942385,7.350107595201889,0.16930874333649434,0.17855823367965395
attack_a0.5_s0_e1b_persist_s0,200,350,weight,clean,150,layer,layer2.1.conv2,147456,1.4139564650618064,1.9992728850900794,0.04766966364477798,0.002923542555948729,7.418412856601494,0.19060094017328189,0.19226940493901676
attack_a0.5_s0_e1b_persist_s0,200,350,bn_affine,clean,150,layer,layer3.0.bn1,512,0.0,0.0,0.0,0.0,16.0,0.0,nan
attack_a0.5_s0_e1b_persist_s0,200,350,bn_affine,clean,150,layer,layer3.0.bn2,512,0.0,0.0,0.0,0.0,16.0,0.0,nan
attack_a0.5_s0_e1b_persist_s0,200,350,weight,clean,150,layer,layer3.0.conv1,294912,1.8821478504480194,3.5424805309461,0.08446513561892605,0.002747536296117675,10.075608666749071,0.18680239702633278,0.1552093278107155
attack_a0.5_s0_e1b_persist_s0,200,350,weight,clean,150,layer,layer3.0.conv2,589824,2.5425490547597405,6.464555695859649,0.15413763570383165,0.002629645024611225,10.4774312535603,0.24266912311123642,0.15403251260361045
attack_a0.5_s0_e1b_persist_s0,200,350,weight,clean,150,layer,layer3.0.shortcut.0,32768,0.8795163792484524,0.7735490613663075,0.01844411728037024,0.003836437410076464,9.462840226839445,0.09294422796592094,0.12017764792264655
attack_a0.5_s0_e1b_persist_s0,200,350,bn_affine,clean,150,layer,layer3.0.shortcut.1,512,0.0,0.0,0.0,0.0,16.0,0.0,nan
attack_a0.5_s0_e1b_persist_s0,200,350,bn_affine,clean,150,layer,layer3.1.bn1,512,0.0,0.0,0.0,0.0,16.0,0.0,nan
attack_a0.5_s0_e1b_persist_s0,200,350,bn_affine,clean,150,layer,layer3.1.bn2,512,0.0,0.0,0.0,0.0,16.0,0.0,nan
attack_a0.5_s0_e1b_persist_s0,200,350,weight,clean,150,layer,layer3.1.conv1,589824,2.321666739160199,5.3901364477227505,0.12851972003352857,0.00239714571527991,9.951931201580138,0.23328806159668503,0.12456090707589756
attack_a0.5_s0_e1b_persist_s0,200,350,weight,clean,150,layer,layer3.1.conv2,589824,2.0698053780593573,4.284094303043438,0.10214780381988166,0.002125046271445629,9.909398165569185,0.20887296518682877,0.13336986306505513
attack_a0.5_s0_e1b_persist_s0,200,350,bn_affine,clean,150,layer,layer4.0.bn1,1024,0.0,0.0,0.0,0.0,22.627416997969522,0.0,nan
attack_a0.5_s0_e1b_persist_s0,200,350,bn_affine,clean,150,layer,layer4.0.bn2,1024,0.0,0.0,0.0,0.0,22.627416997969522,0.0,nan
attack_a0.5_s0_e1b_persist_s0,200,350,weight,clean,150,layer,layer4.0.conv1,1179648,1.9836111140070403,3.9347130516122517,0.0938173318449337,0.0014216082699648662,13.534018544143159,0.14656482902969328,0.09169156920876158
attack_a0.5_s0_e1b_persist_s0,200,350,weight,clean,150,layer,layer4.0.conv2,2359296,1.93502790115455,3.7443329782465824,0.08927800450763491,0.0009700661818055757,13.669399479787648,0.1415591009697092,0.0983647506567837
attack_a0.5_s0_e1b_persist_s0,200,350,weight,clean,150,layer,layer4.0.shortcut.0,131072,1.04077353757805,1.0832095565227289,0.025827507390978836,0.0021945137683821647,13.434988044169412,0.07746739588873178,0.11045089581085897
attack_a0.5_s0_e1b_persist_s0,200,350,bn_affine,clean,150,layer,layer4.0.shortcut.1,1024,0.0,0.0,0.0,0.0,22.627416997969522,0.0,nan
attack_a0.5_s0_e1b_persist_s0,200,350,bn_affine,clean,150,layer,layer4.1.bn1,1024,0.0,0.0,0.0,0.0,22.627416997969522,0.0,nan
attack_a0.5_s0_e1b_persist_s0,200,350,bn_affine,clean,150,layer,layer4.1.bn2,1024,0.0,0.0,0.0,0.0,22.627416997969522,0.0,nan
attack_a0.5_s0_e1b_persist_s0,200,350,weight,clean,150,layer,layer4.1.conv1,2359296,1.5900454489729,2.528244529799431,0.06028219921657095,0.0007749494105643604,13.816221933372363,0.11508540154036091,0.10602758297138125
attack_a0.5_s0_e1b_persist_s0,200,350,weight,clean,150,layer,layer4.1.conv2,2359296,0.7723802738932397,0.5965712874993959,0.014224347675253459,0.0003830683674767912,13.585658924140455,0.05685261776451576,0.09156874001241554
attack_a0.5_s0_e1b_persist_s0,200,350,bias+weight,clean,150,layer,linear,5130,1.315876991885243,1.7315322577729564,0.04128578991576772,0.014801817619819227,5.565853418663088,0.23641962748658144,0.9033240696635538
attack_a0.5_s0_e1b_persist_s0,200,350,bias,clean,150,kind,bias,10,0.016456813342372548,0.0002708267053856911,6.457456632378423e-06,0.0037200510036200286,0.15074438823477104,0.10917032159593575,0.7121950154133766
attack_a0.5_s0_e1b_persist_s0,200,350,bn_affine,clean,150,kind,bn_affine,9600,0.0,0.0,0.0,0.0,69.2820323027551,0.0,nan
attack_a0.5_s0_e1b_persist_s0,200,350,bn_buffer,clean,150,kind,bn_buffer,9600,0.0,0.0,0.0,0.0,69.2820323027551,0.0,nan
attack_a0.5_s0_e1b_persist_s0,200,350,weight,clean,150,kind,weight,11164352,6.4761006818394495,41.93988004132139,0.9999935425433679,0.0012559609598236144,43.256458700493965,0.14971407453115196,0.1498395495324551
attack_a0.5_s0_e1b_persist_s0,200,400,bn_affine,clean,200,layer,bn1,128,0.0,0.0,0.0,0.0,8.0,0.0,nan
attack_a0.5_s0_e1b_persist_s0,200,400,weight,clean,200,layer,conv1,1728,0.3758942028486522,0.1412964517352237,0.003096952873148889,0.00706879357034672,5.769284616786382,0.06515438703698996,0.5951844680787359
attack_a0.5_s0_e1b_persist_s0,200,400,bn_affine,clean,200,layer,layer1.0.bn1,128,0.0,0.0,0.0,0.0,8.0,0.0,nan
attack_a0.5_s0_e1b_persist_s0,200,400,bn_affine,clean,200,layer,layer1.0.bn2,128,0.0,0.0,0.0,0.0,8.0,0.0,nan
attack_a0.5_s0_e1b_persist_s0,200,400,weight,clean,200,layer,layer1.0.conv1,36864,0.6006055860722072,0.3607270700211394,0.007906459944358627,0.0024550370703366126,5.677405252445753,0.10578874668379082,0.27665553375685914
attack_a0.5_s0_e1b_persist_s0,200,400,weight,clean,200,layer,layer1.0.conv2,36864,0.6640667350059878,0.44098462854151277,0.009665554906752673,0.0027304471983932155,5.612859067552478,0.11831167093521168,0.268713117300409
attack_a0.5_s0_e1b_persist_s0,200,400,bn_affine,clean,200,layer,layer1.1.bn1,128,0.0,0.0,0.0,0.0,8.0,0.0,nan
attack_a0.5_s0_e1b_persist_s0,200,400,bn_affine,clean,200,layer,layer1.1.bn2,128,0.0,0.0,0.0,0.0,8.0,0.0,nan
attack_a0.5_s0_e1b_persist_s0,200,400,weight,clean,200,layer,layer1.1.conv1,36864,0.5691919202264855,0.32397944205111384,0.00710102094977978,0.002329222609436743,5.337147835666775,0.10664720891235642,0.24933565748279127
attack_a0.5_s0_e1b_persist_s0,200,400,weight,clean,200,layer,layer1.1.conv2,36864,0.6757066239001934,0.4565794415825974,0.010007363922199922,0.002785789844086253,5.318651064727218,0.12704473665915306,0.23659388481412866
attack_a0.5_s0_e1b_persist_s0,200,400,bn_affine,clean,200,layer,layer2.0.bn1,256,0.0,0.0,0.0,0.0,11.313708498984761,0.0,nan
attack_a0.5_s0_e1b_persist_s0,200,400,bn_affine,clean,200,layer,layer2.0.bn2,256,0.0,0.0,0.0,0.0,11.313708498984761,0.0,nan
attack_a0.5_s0_e1b_persist_s0,200,400,weight,clean,200,layer,layer2.0.conv1,73728,0.8389432296077075,0.7038257425046107,0.015426538520092396,0.002433777131591125,7.164370703465423,0.11709936075779953,0.18737334161954397
attack_a0.5_s0_e1b_persist_s0,200,400,weight,clean,200,layer,layer2.0.conv2,147456,1.396123684946798,1.949161343669426,0.042721956208918395,0.0028803605867347227,7.520551638096646,0.18564112742401684,0.19113986251293208
attack_a0.5_s0_e1b_persist_s0,200,400,weight,clean,200,layer,layer2.0.shortcut.0,8192,0.49505327961822826,0.24507774966076368,0.005371644026695379,0.004289564008396529,6.735752126081607,0.07349636244797741,0.1697599121150029
attack_a0.5_s0_e1b_persist_s0,200,400,bn_affine,clean,200,layer,layer2.0.shortcut.1,256,0.0,0.0,0.0,0.0,11.313708498984761,0.0,nan
attack_a0.5_s0_e1b_persist_s0,200,400,bn_affine,clean,200,layer,layer2.1.bn1,256,0.0,0.0,0.0,0.0,11.313708498984761,0.0,nan
attack_a0.5_s0_e1b_persist_s0,200,400,bn_affine,clean,200,layer,layer2.1.bn2,256,0.0,0.0,0.0,0.0,11.313708498984761,0.0,nan
attack_a0.5_s0_e1b_persist_s0,200,400,weight,clean,200,layer,layer2.1.conv1,147456,1.287763095956347,1.658333791307076,0.036347562423239846,0.0026570785068160746,7.350107595201889,0.17520329862885162,0.1805545530564152
attack_a0.5_s0_e1b_persist_s0,200,400,weight,clean,200,layer,layer2.1.conv2,147456,1.4682681974688172,2.1558114996983293,0.047251339548633475,0.003035146365090424,7.418412856601494,0.19792214667079838,0.19361777128942154
attack_a0.5_s0_e1b_persist_s0,200,400,bn_affine,clean,200,layer,layer3.0.bn1,512,0.0,0.0,0.0,0.0,16.0,0.0,nan
attack_a0.5_s0_e1b_persist_s0,200,400,bn_affine,clean,200,layer,layer3.0.bn2,512,0.0,0.0,0.0,0.0,16.0,0.0,nan
attack_a0.5_s0_e1b_persist_s0,200,400,weight,clean,200,layer,layer3.0.conv1,294912,1.9511517907635487,3.806993310599803,0.08344214399250566,0.002849282731121796,10.075608666749071,0.19365100961122325,0.15697544986220438
attack_a0.5_s0_e1b_persist_s0,200,400,weight,clean,200,layer,layer3.0.conv2,589824,2.638564911005145,6.962024789587587,0.15259450899340685,0.0027289929004009872,10.4774312535603,0.2518331876535619,0.15473730147340653
attack_a0.5_s0_e1b_persist_s0,200,400,weight,clean,200,layer,layer3.0.shortcut.0,32768,0.9093533777813535,0.826923565682357,0.018124611631532457,0.003968867502443955,9.462840226839445,0.09609729806090939,0.12275510294734478
attack_a0.5_s0_e1b_persist_s0,200,400,bn_affine,clean,200,layer,layer3.0.shortcut.1,512,0.0,0.0,0.0,0.0,16.0,0.0,nan
attack_a0.5_s0_e1b_persist_s0,200,400,bn_affine,clean,200,layer,layer3.1.bn1,512,0.0,0.0,0.0,0.0,16.0,0.0,nan
attack_a0.5_s0_e1b_persist_s0,200,400,bn_affine,clean,200,layer,layer3.1.bn2,512,0.0,0.0,0.0,0.0,16.0,0.0,nan
attack_a0.5_s0_e1b_persist_s0,200,400,weight,clean,200,layer,layer3.1.conv1,589824,2.414170018508767,5.82821687826662,0.12774356882157328,0.0024930007490756977,9.951931201580138,0.2425830695177487,0.1255535847242277
attack_a0.5_s0_e1b_persist_s0,200,400,weight,clean,200,layer,layer3.1.conv2,589824,2.1574752398658643,4.654699410634269,0.10202226974829715,0.002216163014013278,9.909398165569185,0.2177201081052677,0.1334363281490382
attack_a0.5_s0_e1b_persist_s0,200,400,bn_affine,clean,200,layer,layer4.0.bn1,1024,0.0,0.0,0.0,0.0,22.627416997969522,0.0,nan
attack_a0.5_s0_e1b_persist_s0,200,400,bn_affine,clean,200,layer,layer4.0.bn2,1024,0.0,0.0,0.0,0.0,22.627416997969522,0.0,nan
attack_a0.5_s0_e1b_persist_s0,200,400,weight,clean,200,layer,layer4.0.conv1,1179648,2.0688406147699365,4.280101489321648,0.09381178679251377,0.001483884641224756,13.534018544143159,0.15286225654428606,0.09175552106161673
attack_a0.5_s0_e1b_persist_s0,200,400,weight,clean,200,layer,layer4.0.conv2,2359296,2.021831299576773,4.087801803948302,0.08959693881997867,0.0010140597196803417,13.669399479787648,0.14790929934898514,0.09781228797205718
attack_a0.5_s0_e1b_persist_s0,200,400,weight,clean,200,layer,layer4.0.shortcut.0,131072,1.0825106962401,1.1718294074742261,0.025684299964717154,0.0022852633536625073,13.434988044169412,0.08057399773495845,0.11085254901850491
attack_a0.5_s0_e1b_persist_s0,200,400,bn_affine,clean,200,layer,layer4.0.shortcut.1,1024,0.0,0.0,0.0,0.0,22.627416997969522,0.0,nan
attack_a0.5_s0_e1b_persist_s0,200,400,bn_affine,clean,200,layer,layer4.1.bn1,1024,0.0,0.0,0.0,0.0,22.627416997969522,0.0,nan
attack_a0.5_s0_e1b_persist_s0,200,400,bn_affine,clean,200,layer,layer4.1.bn2,1024,0.0,0.0,0.0,0.0,22.627416997969522,0.0,nan
attack_a0.5_s0_e1b_persist_s0,200,400,weight,clean,200,layer,layer4.1.conv1,2359296,1.6622565574447323,2.7630968627680126,0.06056189425034843,0.0008103977090269643,13.816221933372363,0.1203119467435333,0.10432570599087973
attack_a0.5_s0_e1b_persist_s0,200,400,weight,clean,200,layer,layer4.1.conv2,2359296,0.8164063295334381,0.6665192949022607,0.014608851248613133,0.0004051804707565664,13.585658924140455,0.060093244949846324,0.08758536018552675
attack_a0.5_s0_e1b_persist_s0,200,400,bias+weight,clean,200,layer,linear,5130,1.462997870908628,2.1403627702831782,0.046912732411927685,0.016443840630661365,5.565853418663088,0.26285238953706375,0.9013460730394398
attack_a0.5_s0_e1b_persist_s0,200,400,bias,clean,200,kind,bias,10,0.01900122222276373,0.0003610464459588502,7.913460065138455e-06,0.004364265175536275,0.15074438823477104,0.12604928412440142,0.7256450207517926
attack_a0.5_s0_e1b_persist_s0,200,400,bn_affine,clean,200,kind,bn_affine,9600,0.0,0.0,0.0,0.0,69.2820323027551,0.0,nan
attack_a0.5_s0_e1b_persist_s0,200,400,bn_buffer,clean,200,kind,bn_buffer,9600,0.0,0.0,0.0,0.0,69.2820323027551,0.0,nan
attack_a0.5_s0_e1b_persist_s0,200,400,weight,clean,200,kind,weight,11164352,6.754552960620641,45.62398569782907,0.9999920865399347,0.001309777462816434,43.256458700493965,0.15615131620895975,0.15141200146631764
attack_a0.5_s0_e1b_persist_s0,250,300,bn_affine,clean,50,layer,bn1,128,0.0,0.0,0.0,0.0,8.0,0.0,nan
attack_a0.5_s0_e1b_persist_s0,250,300,weight,clean,50,layer,conv1,1728,0.18674959614745207,0.03487541166123645,0.002856186716026155,0.0034810997406185397,5.901164916563462,0.03164622558222039,0.34612316087846534
attack_a0.5_s0_e1b_persist_s0,250,300,bn_affine,clean,50,layer,layer1.0.bn1,128,0.0,0.0,0.0,0.0,8.0,0.0,nan
attack_a0.5_s0_e1b_persist_s0,250,300,bn_affine,clean,50,layer,layer1.0.bn2,128,0.0,0.0,0.0,0.0,8.0,0.0,nan
attack_a0.5_s0_e1b_persist_s0,250,300,weight,clean,50,layer,layer1.0.conv1,36864,0.2986972050550954,0.0892200203077257,0.007306839537316458,0.0012164434189851513,5.787613630058885,0.05160973488343525,0.16348756624097577
attack_a0.5_s0_e1b_persist_s0,250,300,weight,clean,50,layer,layer1.0.conv2,36864,0.3447275244861485,0.11883706613834813,0.009732382601611933,0.0014159761325322146,5.73323896649951,0.06012788347048886,0.152454117405442
attack_a0.5_s0_e1b_persist_s0,250,300,bn_affine,clean,50,layer,layer1.1.bn1,128,0.0,0.0,0.0,0.0,8.0,0.0,nan
attack_a0.5_s0_e1b_persist_s0,250,300,bn_affine,clean,50,layer,layer1.1.bn2,128,0.0,0.0,0.0,0.0,8.0,0.0,nan
attack_a0.5_s0_e1b_persist_s0,250,300,weight,clean,50,layer,layer1.1.conv1,36864,0.2915485781043678,0.08500057339467866,0.006961280083019962,0.0011935509105029816,5.432416285815217,0.053668305734529416,0.14523534700171292
attack_a0.5_s0_e1b_persist_s0,250,300,weight,clean,50,layer,layer1.1.conv2,36864,0.3497007949164458,0.12229064596519408,0.010015219946156803,0.0014370965140310234,5.4298040287023985,0.06440394405910381,0.1355865739964411
attack_a0.5_s0_e1b_persist_s0,250,300,bn_affine,clean,50,layer,layer2.0.bn1,256,0.0,0.0,0.0,0.0,11.313708498984761,0.0,nan
attack_a0.5_s0_e1b_persist_s0,250,300,bn_affine,clean,50,layer,layer2.0.bn2,256,0.0,0.0,0.0,0.0,11.313708498984761,0.0,nan
attack_a0.5_s0_e1b_persist_s0,250,300,weight,clean,50,layer,layer2.0.conv1,73728,0.46577432584265555,0.21694572261418027,0.01776717353326715,0.0013454538270906246,7.276250544954798,0.0640129587299071,0.09973435179290506
attack_a0.5_s0_e1b_persist_s0,250,300,weight,clean,50,layer,layer2.0.conv2,147456,0.7472379946108807,0.5583646205900905,0.04572830931773609,0.0015379644437421129,7.731463674566845,0.09664896920734026,0.10775184299655523
attack_a0.5_s0_e1b_persist_s0,250,300,weight,clean,50,layer,layer2.0.shortcut.0,8192,0.28455100640289677,0.08096927524490141,0.006631129421700818,0.0024567748540739176,6.790302754549048,0.041905496218451625,0.08803423173615814
attack_a0.5_s0_e1b_persist_s0,250,300,bn_affine,clean,50,layer,layer2.0.shortcut.1,256,0.0,0.0,0.0,0.0,11.313708498984761,0.0,nan
attack_a0.5_s0_e1b_persist_s0,250,300,bn_affine,clean,50,layer,layer2.1.bn1,256,0.0,0.0,0.0,0.0,11.313708498984761,0.0,nan
attack_a0.5_s0_e1b_persist_s0,250,300,bn_affine,clean,50,layer,layer2.1.bn2,256,0.0,0.0,0.0,0.0,11.313708498984761,0.0,nan
attack_a0.5_s0_e1b_persist_s0,250,300,weight,clean,50,layer,layer2.1.conv1,147456,0.6978040882640978,0.48693054559808885,0.039878082858888386,0.0014361481913756334,7.53274517331378,0.09263609377577314,0.1011757783345686
attack_a0.5_s0_e1b_persist_s0,250,300,weight,clean,50,layer,layer2.1.conv2,147456,0.7788865474378279,0.6066642537796199,0.049683897628632,0.001607703050841569,7.642857066440146,0.10191039040333827,0.11305366215123594
attack_a0.5_s0_e1b_persist_s0,250,300,bn_affine,clean,50,layer,layer3.0.bn1,512,0.0,0.0,0.0,0.0,16.0,0.0,nan
attack_a0.5_s0_e1b_persist_s0,250,300,bn_affine,clean,50,layer,layer3.0.bn2,512,0.0,0.0,0.0,0.0,16.0,0.0,nan
attack_a0.5_s0_e1b_persist_s0,250,300,weight,clean,50,layer,layer3.0.conv1,294912,1.068509884084615,1.1417133723865172,0.09350274053809353,0.001555450617225418,10.331286148176877,0.10342467227792068,0.08751528248359154
attack_a0.5_s0_e1b_persist_s0,250,300,weight,clean,50,layer,layer3.0.conv2,589824,1.3943153563309287,1.9441153129002446,0.15921694014871013,0.0014410010968902013,10.85902182483625,0.1284015612844534,0.0926282187502288
attack_a0.5_s0_e1b_persist_s0,250,300,weight,clean,50,layer,layer3.0.shortcut.0,32768,0.5197407231883298,0.270130419340328,0.022122833210080187,0.0022629113134142315,9.543448607139355,0.054460472789628386,0.06461217302741054
attack_a0.5_s0_e1b_persist_s0,250,300,bn_affine,clean,50,layer,layer3.0.shortcut.1,512,0.0,0.0,0.0,0.0,16.0,0.0,nan
attack_a0.5_s0_e1b_persist_s0,250,300,bn_affine,clean,50,layer,layer3.1.bn1,512,0.0,0.0,0.0,0.0,16.0,0.0,nan
attack_a0.5_s0_e1b_persist_s0,250,300,bn_affine,clean,50,layer,layer3.1.bn2,512,0.0,0.0,0.0,0.0,16.0,0.0,nan
attack_a0.5_s0_e1b_persist_s0,250,300,weight,clean,50,layer,layer3.1.conv1,589824,1.2899383005672571,1.6639408192703435,0.1362715287898953,0.0013294519103083209,10.24704977009264,0.12588387189570516,0.07706081579769324
attack_a0.5_s0_e1b_persist_s0,250,300,weight,clean,50,layer,layer3.1.conv2,589824,1.1318280690572253,1.281034777905807,0.10491272621991361,0.001161341430364415,10.171436200773698,0.1112751480436098,0.0839930333392951
attack_a0.5_s0_e1b_persist_s0,250,300,bn_affine,clean,50,layer,layer4.0.bn1,1024,0.0,0.0,0.0,0.0,22.627416997969522,0.0,nan
attack_a0.5_s0_e1b_persist_s0,250,300,bn_affine,clean,50,layer,layer4.0.bn2,1024,0.0,0.0,0.0,0.0,22.627416997969522,0.0,nan
attack_a0.5_s0_e1b_persist_s0,250,300,weight,clean,50,layer,layer4.0.conv1,1179648,1.0771569498386113,1.1602670945856206,0.09502223213270658,0.0007729618489837142,13.710056626377522,0.07856692201884934,0.05960931324808563
attack_a0.5_s0_e1b_persist_s0,250,300,weight,clean,50,layer,layer4.0.conv2,2359296,1.0334604712080777,1.0680405455496218,0.08746916733220307,0.0005179886245760227,13.846311451991642,0.07463796223213119,0.06541939120965548
attack_a0.5_s0_e1b_persist_s0,250,300,weight,clean,50,layer,layer4.0.shortcut.0,131072,0.5657022853418444,0.32001907564098553,0.026208557524689778,0.0011891595346191362,13.523591097396979,0.041830774183251575,0.06564359308570795
attack_a0.5_s0_e1b_persist_s0,250,300,bn_affine,clean,50,layer,layer4.0.shortcut.1,1024,0.0,0.0,0.0,0.0,22.627416997969522,0.0,nan
attack_a0.5_s0_e1b_persist_s0,250,300,bn_affine,clean,50,layer,layer4.1.bn1,1024,0.0,0.0,0.0,0.0,22.627416997969522,0.0,nan
attack_a0.5_s0_e1b_persist_s0,250,300,bn_affine,clean,50,layer,layer4.1.bn2,1024,0.0,0.0,0.0,0.0,22.627416997969522,0.0,nan
attack_a0.5_s0_e1b_persist_s0,250,300,weight,clean,50,layer,layer4.1.conv1,2359296,0.8062407215112468,0.6500241010229758,0.053234932980081265,0.0003932544560606932,13.965330157114735,0.057731590477329446,0.07100066124111853
attack_a0.5_s0_e1b_persist_s0,250,300,weight,clean,50,layer,layer4.1.conv2,2359296,0.3396547153369109,0.11536532565059798,0.0094480579559584,0.00016883196749795508,13.643635236659312,0.024894737322226773,0.06516519867974661
attack_a0.5_s0_e1b_persist_s0,250,300,bias+weight,clean,50,layer,linear,5130,0.4424153384219733,0.19573133167102913,0.01602978152227158,0.004900409022281492,6.147186634243314,0.07197037681554502,0.8729943393109509
attack_a0.5_s0_e1b_persist_s0,250,300,bias,clean,50,kind,bias,10,0.012190067097341613,0.00014859773583769057,1.2169688009816872e-05,0.002776415552943945,0.15760913942762986,0.07734365622203644,0.3353332929780783
attack_a0.5_s0_e1b_persist_s0,250,300,bn_affine,clean,50,kind,bn_affine,9600,0.0,0.0,0.0,0.0,69.2820323027551,0.0,nan
attack_a0.5_s0_e1b_persist_s0,250,300,bn_buffer,clean,50,kind,bn_buffer,9600,0.0,0.0,0.0,0.0,69.2820323027551,0.0,nan
attack_a0.5_s0_e1b_persist_s0,250,300,weight,clean,50,kind,weight,11164352,3.49432850680857,12.210331713495012,0.9999878303119935,0.0006706997521974038,44.04400559746009,0.07933720967036838,0.09263217480037222
attack_a0.5_s0_e1b_persist_s0,300,350,bn_affine,clean,50,layer,bn1,128,0.0,0.0,0.0,0.0,8.0,0.0,nan
attack_a0.5_s0_e1b_persist_s0,300,350,weight,clean,50,layer,conv1,1728,0.14021973342512664,0.019661573641813576,0.0035383966470502485,0.0025860311601870003,5.968375493781202,0.023493785464944315,0.1394611910455538
attack_a0.5_s0_e1b_persist_s0,300,350,bn_affine,clean,50,layer,layer1.0.bn1,128,0.0,0.0,0.0,0.0,8.0,0.0,nan
attack_a0.5_s0_e1b_persist_s0,300,350,bn_affine,clean,50,layer,layer1.0.bn2,128,0.0,0.0,0.0,0.0,8.0,0.0,nan
attack_a0.5_s0_e1b_persist_s0,300,350,weight,clean,50,layer,layer1.0.conv1,36864,0.20274197189537282,0.04110430716802414,0.00739733987280402,0.0008194574773365085,5.843881232071775,0.034693034277066694,0.07575927993598218
attack_a0.5_s0_e1b_persist_s0,300,350,weight,clean,50,layer,layer1.0.conv2,36864,0.23000552030831303,0.0529025393722978,0.009520609659508208,0.0009422001426666666,5.795816453025965,0.039684748848150354,0.06927596145946814
attack_a0.5_s0_e1b_persist_s0,300,350,bn_affine,clean,50,layer,layer1.1.bn1,128,0.0,0.0,0.0,0.0,8.0,0.0,nan
attack_a0.5_s0_e1b_persist_s0,300,350,bn_affine,clean,50,layer,layer1.1.bn2,128,0.0,0.0,0.0,0.0,8.0,0.0,nan
attack_a0.5_s0_e1b_persist_s0,300,350,weight,clean,50,layer,layer1.1.conv1,36864,0.18919522655996482,0.03579483375307642,0.006441820072033864,0.0007741857289994794,5.482353382251421,0.03450985614544033,0.06787115462971062
attack_a0.5_s0_e1b_persist_s0,300,350,weight,clean,50,layer,layer1.1.conv2,36864,0.24042092861541317,0.057802222916297594,0.01040238159391869,0.0009907459028529802,5.488166164523244,0.04380715186241058,0.060750633397236464
attack_a0.5_s0_e1b_persist_s0,300,350,bn_affine,clean,50,layer,layer2.0.bn1,256,0.0,0.0,0.0,0.0,11.313708498984761,0.0,nan
attack_a0.5_s0_e1b_persist_s0,300,350,bn_affine,clean,50,layer,layer2.0.bn2,256,0.0,0.0,0.0,0.0,11.313708498984761,0.0,nan
attack_a0.5_s0_e1b_persist_s0,300,350,weight,clean,50,layer,layer2.0.conv1,73728,0.30916651831948777,0.09558393604979416,0.017201770569940013,0.0008900127865484569,7.337355466534572,0.042135960255651465,0.04542501828831705
attack_a0.5_s0_e1b_persist_s0,300,350,weight,clean,50,layer,layer2.0.conv2,147456,0.4980076618040781,0.24801163121556502,0.04463343272058014,0.0010239337412873857,7.847223230023083,0.06346291512375049,0.04978884433147647
attack_a0.5_s0_e1b_persist_s0,300,350,weight,clean,50,layer,layer2.0.shortcut.0,8192,0.1983147652302873,0.03932874610834397,0.007077800887031069,0.0017084082093345998,6.821244611863795,0.029073105644880397,0.039497704455006354
attack_a0.5_s0_e1b_persist_s0,300,350,bn_affine,clean,50,layer,layer2.0.shortcut.1,256,0.0,0.0,0.0,0.0,11.313708498984761,0.0,nan
attack_a0.5_s0_e1b_persist_s0,300,350,bn_affine,clean,50,layer,layer2.1.bn1,256,0.0,0.0,0.0,0.0,11.313708498984761,0.0,nan
attack_a0.5_s0_e1b_persist_s0,300,350,bn_affine,clean,50,layer,layer2.1.bn2,256,0.0,0.0,0.0,0.0,11.313708498984761,0.0,nan
attack_a0.5_s0_e1b_persist_s0,300,350,weight,clean,50,layer,layer2.1.conv1,147456,0.4632561048324635,0.21460621866454638,0.03862162502312913,0.0009528547809917226,7.634973290298472,0.060675537060635026,0.04689604815256992
attack_a0.5_s0_e1b_persist_s0,300,350,weight,clean,50,layer,layer2.1.conv2,147456,0.5199240790468378,0.2703210479727024,0.04864834866216192,0.0010739702612232518,7.769551266169251,0.06691816055204235,0.053151872218831844
attack_a0.5_s0_e1b_persist_s0,300,350,bn_affine,clean,50,layer,layer3.0.bn1,512,0.0,0.0,0.0,0.0,16.0,0.0,nan
attack_a0.5_s0_e1b_persist_s0,300,350,bn_affine,clean,50,layer,layer3.0.bn2,512,0.0,0.0,0.0,0.0,16.0,0.0,nan
attack_a0.5_s0_e1b_persist_s0,300,350,weight,clean,50,layer,layer3.0.conv1,294912,0.7187779714489694,0.5166417722402954,0.09297747718084165,0.0010462831015413813,10.478996301930282,0.06859225356502578,0.0412288941272316
attack_a0.5_s0_e1b_persist_s0,300,350,weight,clean,50,layer,layer3.0.conv2,589824,0.929899288293607,0.8647126863689569,0.15561808662165177,0.0009607440410411688,11.07553247765956,0.08395978163301,0.04445284277983933
attack_a0.5_s0_e1b_persist_s0,300,350,weight,clean,50,layer,layer3.0.shortcut.0,32768,0.3627060839442003,0.13155570333013727,0.023675432498126214,0.001579482451040684,9.591064062718697,0.03781708490031575,0.02863671322361536
attack_a0.5_s0_e1b_persist_s0,300,350,bn_affine,clean,50,layer,layer3.0.shortcut.1,512,0.0,0.0,0.0,0.0,16.0,0.0,nan
attack_a0.5_s0_e1b_persist_s0,300,350,bn_affine,clean,50,layer,layer3.1.bn1,512,0.0,0.0,0.0,0.0,16.0,0.0,nan
attack_a0.5_s0_e1b_persist_s0,300,350,bn_affine,clean,50,layer,layer3.1.bn2,512,0.0,0.0,0.0,0.0,16.0,0.0,nan
attack_a0.5_s0_e1b_persist_s0,300,350,weight,clean,50,layer,layer3.1.conv1,589824,0.8891866509415971,0.7906529002127336,0.14228991138042182,0.0009156050195690906,10.42608071553233,0.08528484242568013,0.03738839009417344
attack_a0.5_s0_e1b_persist_s0,300,350,weight,clean,50,layer,layer3.1.conv2,589824,0.7780217764206069,0.6053178845846767,0.10893608071425993,0.0008002952112622304,10.328265005053154,0.07532937778416374,0.04186751020923274
attack_a0.5_s0_e1b_persist_s0,300,350,bn_affine,clean,50,layer,layer4.0.bn1,1024,0.0,0.0,0.0,0.0,22.627416997969522,0.0,nan
attack_a0.5_s0_e1b_persist_s0,300,350,bn_affine,clean,50,layer,layer4.0.bn2,1024,0.0,0.0,0.0,0.0,22.627416997969522,0.0,nan
attack_a0.5_s0_e1b_persist_s0,300,350,weight,clean,50,layer,layer4.0.conv1,1179648,0.7298208981347193,0.5326385433541683,0.0958563373526736,0.0005250812278106798,13.816169023795544,0.05282368049187521,0.03016621857956737
attack_a0.5_s0_e1b_persist_s0,300,350,weight,clean,50,layer,layer4.0.conv2,2359296,0.6963763756902419,0.4849400566194769,0.08727227543544881,0.00035017529264830976,13.95208350202788,0.04991199884870431,0.033700836731830996
attack_a0.5_s0_e1b_persist_s0,300,350,weight,clean,50,layer,layer4.0.shortcut.0,131072,0.37565077410029624,0.14111350408215179,0.025395502862289754,0.0007911420733299874,13.572469379970942,0.027677408110763444,0.031175380260205585
attack_a0.5_s0_e1b_persist_s0,300,350,bn_affine,clean,50,layer,layer4.0.shortcut.1,1024,0.0,0.0,0.0,0.0,22.627416997969522,0.0,nan
attack_a0.5_s0_e1b_persist_s0,300,350,bn_affine,clean,50,layer,layer4.1.bn1,1024,0.0,0.0,0.0,0.0,22.627416997969522,0.0,nan
attack_a0.5_s0_e1b_persist_s0,300,350,bn_affine,clean,50,layer,layer4.1.bn2,1024,0.0,0.0,0.0,0.0,22.627416997969522,0.0,nan
attack_a0.5_s0_e1b_persist_s0,300,350,weight,clean,50,layer,layer4.1.conv1,2359296,0.5328490218697853,0.28392808010758697,0.051097139270660716,0.00025952562953550037,14.045615783048719,0.037937035306979325,0.034171979651482075
attack_a0.5_s0_e1b_persist_s0,300,350,weight,clean,50,layer,layer4.1.conv2,2359296,0.2213945965907304,0.04901556739957226,0.008821090442683114,0.00010983160045381461,13.669971293124952,0.016195688479761224,0.02829786123976699
attack_a0.5_s0_e1b_persist_s0,300,350,bias+weight,clean,50,layer,linear,5130,0.2846046883615672,0.08099982863738478,0.014577140532263635,0.0031193332991341074,6.536975027948448,0.04353767409922125,0.8409416931074051
attack_a0.5_s0_e1b_persist_s0,300,350,bias,clean,50,kind,bias,10,0.003768291172849564,1.4200018363375944e-05,2.55550742175421e-06,0.0010318421293050051,0.1621041870701676,0.023246106352690574,0.1934311581737745
attack_a0.5_s0_e1b_persist_s0,300,350,bn_affine,clean,50,kind,bn_affine,9600,0.0,0.0,0.0,0.0,69.2820323027551,0.0,nan
attack_a0.5_s0_e1b_persist_s0,300,350,bn_buffer,clean,50,kind,bn_buffer,9600,0.0,0.0,0.0,0.0,69.2820323027551,0.0,nan
attack_a0.5_s0_e1b_persist_s0,300,350,weight,clean,50,kind,weight,11164352,2.3572482651990976,5.556619383784154,0.9999974444925842,0.0004514096554807033,44.50390687120374,0.05296722087840687,0.051745058909791336
attack_a0.5_s0_e1b_persist_s0,350,400,bn_affine,clean,50,layer,bn1,128,0.0,0.0,0.0,0.0,8.0,0.0,nan
attack_a0.5_s0_e1b_persist_s0,350,400,weight,clean,50,layer,conv1,1728,0.10216301860352903,0.010437282370185017,0.003738546486035416,0.001937319360611885,5.989540324015088,0.017056904716695194,0.10000932809989403
attack_a0.5_s0_e1b_persist_s0,350,400,bn_affine,clean,50,layer,layer1.0.bn1,128,0.0,0.0,0.0,0.0,8.0,0.0,nan
attack_a0.5_s0_e1b_persist_s0,350,400,bn_affine,clean,50,layer,layer1.0.bn2,128,0.0,0.0,0.0,0.0,8.0,0.0,nan
attack_a0.5_s0_e1b_persist_s0,350,400,weight,clean,50,layer,layer1.0.conv1,36864,0.14180795332136087,0.02010949562519326,0.007203051669874306,0.0005787776794820627,5.862727296416642,0.02418805210469798,0.053345969929624475
attack_a0.5_s0_e1b_persist_s0,350,400,weight,clean,50,layer,layer1.0.conv2,36864,0.1692960518975996,0.028661153188114737,0.010266183258894595,0.0006935362861733266,5.8162780433700965,0.0291072831517362,0.04599288606419765
attack_a0.5_s0_e1b_persist_s0,350,400,bn_affine,clean,50,layer,layer1.1.bn1,128,0.0,0.0,0.0,0.0,8.0,0.0,nan
attack_a0.5_s0_e1b_persist_s0,350,400,bn_affine,clean,50,layer,layer1.1.bn2,128,0.0,0.0,0.0,0.0,8.0,0.0,nan
attack_a0.5_s0_e1b_persist_s0,350,400,weight,clean,50,layer,layer1.1.conv1,36864,0.13804797028486424,0.019057242099770756,0.006826143334891993,0.0005629893453930365,5.498435243597066,0.025106773867278196,0.047542092105818556
attack_a0.5_s0_e1b_persist_s0,350,400,weight,clean,50,layer,layer1.1.conv2,36864,0.16952204884820926,0.028737725045694645,0.01029361065224579,0.0006976210672856339,5.508002119600202,0.030777411694335732,0.04196529137277519
attack_a0.5_s0_e1b_persist_s0,350,400,bn_affine,clean,50,layer,layer2.0.bn1,256,0.0,0.0,0.0,0.0,11.313708498984761,0.0,nan
attack_a0.5_s0_e1b_persist_s0,350,400,bn_affine,clean,50,layer,layer2.0.bn2,256,0.0,0.0,0.0,0.0,11.313708498984761,0.0,nan
attack_a0.5_s0_e1b_persist_s0,350,400,weight,clean,50,layer,layer2.0.conv1,73728,0.22344378801129175,0.04992712640083509,0.017883475443462523,0.0006430433777690604,7.357884157429194,0.03036794046093841,0.029214621101114505
attack_a0.5_s0_e1b_persist_s0,350,400,weight,clean,50,layer,layer2.0.conv2,147456,0.3582727292754522,0.12835934854248146,0.04597723568484645,0.0007362473151330835,7.887716488259306,0.04542160330036371,0.03135569497479796
attack_a0.5_s0_e1b_persist_s0,350,400,weight,clean,50,layer,layer2.0.shortcut.0,8192,0.14439550600695059,0.020850062155003304,0.007468316352719875,0.0012421613606359294,6.831951999154757,0.021135322090204245,0.02593210183770081
attack_a0.5_s0_e1b_persist_s0,350,400,bn_affine,clean,50,layer,layer2.0.shortcut.1,256,0.0,0.0,0.0,0.0,11.313708498984761,0.0,nan
attack_a0.5_s0_e1b_persist_s0,350,400,bn_affine,clean,50,layer,layer2.1.bn1,256,0.0,0.0,0.0,0.0,11.313708498984761,0.0,nan
attack_a0.5_s0_e1b_persist_s0,350,400,bn_affine,clean,50,layer,layer2.1.bn2,256,0.0,0.0,0.0,0.0,11.313708498984761,0.0,nan
attack_a0.5_s0_e1b_persist_s0,350,400,weight,clean,50,layer,layer2.1.conv1,147456,0.3246570468440908,0.10540219806552617,0.03775417807262952,0.0006675228117152119,7.670668884031899,0.04232447675064326,0.031285140287565016
attack_a0.5_s0_e1b_persist_s0,350,400,weight,clean,50,layer,layer2.1.conv2,147456,0.37333228534402224,0.13937699528019043,0.04992366379081627,0.0007700788604767148,7.814452640074764,0.04777459184146395,0.0345288976836458
attack_a0.5_s0_e1b_persist_s0,350,400,bn_affine,clean,50,layer,layer3.0.bn1,512,0.0,0.0,0.0,0.0,16.0,0.0,nan
attack_a0.5_s0_e1b_persist_s0,350,400,bn_affine,clean,50,layer,layer3.0.bn2,512,0.0,0.0,0.0,0.0,16.0,0.0,nan
attack_a0.5_s0_e1b_persist_s0,350,400,weight,clean,50,layer,layer3.0.conv1,294912,0.5147635170213732,0.2649814784562136,0.09491412994409444,0.0007484869899064965,10.533142135272575,0.04887084123716254,0.026262304146522336
attack_a0.5_s0_e1b_persist_s0,350,400,weight,clean,50,layer,layer3.0.conv2,589824,0.6606373048597108,0.43644164857230255,0.15632971627657152,0.0006817904206747963,11.155616681420748,0.05922015104373181,0.027809988908836833
attack_a0.5_s0_e1b_persist_s0,350,400,weight,clean,50,layer,layer3.0.shortcut.0,32768,0.25422365462262686,0.06462966656968466,0.023149801287157483,0.0011075459221009526,9.608293540616,0.026458772678829737,0.020667210905787842
attack_a0.5_s0_e1b_persist_s0,350,400,bn_affine,clean,50,layer,layer3.0.shortcut.1,512,0.0,0.0,0.0,0.0,16.0,0.0,nan
attack_a0.5_s0_e1b_persist_s0,350,400,bn_affine,clean,50,layer,layer3.1.bn1,512,0.0,0.0,0.0,0.0,16.0,0.0,nan
attack_a0.5_s0_e1b_persist_s0,350,400,bn_affine,clean,50,layer,layer3.1.bn2,512,0.0,0.0,0.0,0.0,16.0,0.0,nan
attack_a0.5_s0_e1b_persist_s0,350,400,weight,clean,50,layer,layer3.1.conv1,589824,0.6307674391779508,0.39786756232710974,0.14251280403168068,0.0006489847091496392,10.497001831977787,0.060090247603501186,0.023957291166934607
attack_a0.5_s0_e1b_persist_s0,350,400,weight,clean,50,layer,layer3.1.conv2,589824,0.5487365239599274,0.30111177272762407,0.10785569652215883,0.000563914808602294,10.389958531800795,0.052814120699365294,0.026666221419726837
attack_a0.5_s0_e1b_persist_s0,350,400,bn_affine,clean,50,layer,layer4.0.bn1,1024,0.0,0.0,0.0,0.0,22.627416997969522,0.0,nan
attack_a0.5_s0_e1b_persist_s0,350,400,bn_affine,clean,50,layer,layer4.0.bn2,1024,0.0,0.0,0.0,0.0,22.627416997969522,0.0,nan
attack_a0.5_s0_e1b_persist_s0,350,400,weight,clean,50,layer,layer4.0.conv1,1179648,0.5226258767392736,0.27313780703749446,0.09783565802726704,0.0003763968561927985,13.857399353550985,0.037714571356807274,0.01983944861812326
attack_a0.5_s0_e1b_persist_s0,350,400,weight,clean,50,layer,layer4.0.conv2,2359296,0.49775496836049393,0.2477600085275563,0.08874554471255346,0.00024986880293649603,13.992871117603709,0.035572039803489226,0.021435771791773382
attack_a0.5_s0_e1b_persist_s0,350,400,weight,clean,50,layer,layer4.0.shortcut.0,131072,0.26684259787066794,0.07120497203836701,0.025505020230430747,0.000559441577401015,13.589368435099246,0.019636129459957432,0.021091626996104777
attack_a0.5_s0_e1b_persist_s0,350,400,bn_affine,clean,50,layer,layer4.0.shortcut.1,1024,0.0,0.0,0.0,0.0,22.627416997969522,0.0,nan
attack_a0.5_s0_e1b_persist_s0,350,400,bn_affine,clean,50,layer,layer4.1.bn1,1024,0.0,0.0,0.0,0.0,22.627416997969522,0.0,nan
attack_a0.5_s0_e1b_persist_s0,350,400,bn_affine,clean,50,layer,layer4.1.bn2,1024,0.0,0.0,0.0,0.0,22.627416997969522,0.0,nan
attack_a0.5_s0_e1b_persist_s0,350,400,weight,clean,50,layer,layer4.1.conv1,2359296,0.3711532393158631,0.13775472705465833,0.04934258099944761,0.00018012216239397395,14.073903160167099,0.026371734627699144,0.022062556699255637
attack_a0.5_s0_e1b_persist_s0,350,400,weight,clean,50,layer,layer4.1.conv2,2359296,0.1471839508388625,0.021663115384536687,0.0077595451598387434,7.308045705266482e-05,13.678026732203195,0.01076061289545051,0.01725150212798949
attack_a0.5_s0_e1b_persist_s0,350,400,bias+weight,clean,50,layer,linear,5130,0.15598342891313197,0.024330830095498093,0.00871509806189489,0.001724279154692769,6.7780608275443,0.023012987472649307,0.8662284752949626
attack_a0.5_s0_e1b_persist_s0,350,400,bias,clean,50,kind,bias,10,0.0034115292434122773,1.1638531778657146e-05,4.168823889253371e-06,0.0008722327649593354,0.16287505814265207,0.020945682428701467,0.6316568554210092
attack_a0.5_s0_e1b_persist_s0,350,400,bn_affine,clean,50,kind,bn_affine,9600,0.0,0.0,0.0,0.0,69.2820323027551,0.0,nan
attack_a0.5_s0_e1b_persist_s0,350,400,bn_buffer,clean,50,kind,bn_buffer,9600,0.0,0.0,0.0,0.0,69.2820323027551,0.0,nan
attack_a0.5_s0_e1b_persist_s0,350,400,weight,clean,50,kind,weight,11164352,1.6708652186916917,2.791790579033635,0.9999958311761182,0.0003190952940167809,44.687930796291894,0.03738963046439233,0.03629945357249789
