run_id,bad_client_num,poison_rate,seed,client_id,is_malicious,asr_std_filtered,asr_unfiltered,n_eligible,n_total
attack_a0.5_s0_e1_bad16_rho0p1_s0,16,0.1,0,0,False,0.8410041841004184,0.848,239,250
attack_a0.5_s0_e1_bad16_rho0p1_s0,16,0.1,0,1,True,0.9919678714859438,0.992,249,250
attack_a0.5_s0_e1_bad16_rho0p1_s0,16,0.1,0,2,False,0.9808917197452229,0.988,157,250
attack_a0.5_s0_e1_bad16_rho0p1_s0,16,0.1,0,3,False,1.0,1.0,200,250
attack_a0.5_s0_e1_bad16_rho0p1_s0,16,0.1,0,4,True,0.8755186721991701,0.876,241,250
attack_a0.5_s0_e1_bad16_rho0p1_s0,16,0.1,0,5,False,0.9869565217391304,0.988,230,250
attack_a0.5_s0_e1_bad16_rho0p1_s0,16,0.1,0,6,True,0.9744680851063829,0.968,235,250
attack_a0.5_s0_e1_bad16_rho0p1_s0,16,0.1,0,7,True,0.976878612716763,0.972,173,250
attack_a0.5_s0_e1_bad16_rho0p1_s0,16,0.1,0,8,False,0.8083333333333333,0.804,240,250
attack_a0.5_s0_e1_bad16_rho0p1_s0,16,0.1,0,9,False,0.6970954356846473,0.684,241,250
attack_a0.5_s0_e1_bad16_rho0p1_s0,16,0.1,0,10,False,0.984,0.984,250,250
attack_a0.5_s0_e1_bad16_rho0p1_s0,16,0.1,0,11,False,0.47280334728033474,0.472,239,250
attack_a0.5_s0_e1_bad16_rho0p1_s0,16,0.1,0,12,False,0.9879032258064516,0.988,248,250
attack_a0.5_s0_e1_bad16_rho0p1_s0,16,0.1,0,13,False,0.7695473251028807,0.772,243,250
attack_a0.5_s0_e1_bad16_rho0p1_s0,16,0.1,0,14,False,0.8648648648648649,0.832,148,250
attack_a0.5_s0_e1_bad16_rho0p1_s0,16,0.1,0,15,True,0.9715447154471545,0.968,246,250
attack_a0.5_s0_e1_bad16_rho0p1_s0,16,0.1,0,16,False,0.9872881355932204,0.988,236,250
attack_a0.5_s0_e1_bad16_rho0p1_s0,16,0.1,0,17,True,0.9907407407407407,0.992,216,250
attack_a0.5_s0_e1_bad16_rho0p1_s0,16,0.1,0,18,False,1.0,1.0,245,250
attack_a0.5_s0_e1_bad16_rho0p1_s0,16,0.1,0,19,False,0.6241610738255033,0.704,149,250
attack_a0.5_s0_e1_bad16_rho0p1_s0,16,0.1,0,20,False,0.5975609756097561,0.596,246,250
attack_a0.5_s0_e1_bad16_rho0p1_s0,16,0.1,0,21,True,1.0,1.0,148,250
attack_a0.5_s0_e1_bad16_rho0p1_s0,16,0.1,0,22,False,0.9678714859437751,0.968,249,250
attack_a0.5_s0_e1_bad16_rho0p1_s0,16,0.1,0,23,True,0.888,0.888,250,250
attack_a0.5_s0_e1_bad16_rho0p1_s0,16,0.1,0,24,False,0.6570247933884298,0.66,242,250
attack_a0.5_s0_e1_bad16_rho0p1_s0,16,0.1,0,25,False,0.3054393305439331,0.3,239,250
attack_a0.5_s0_e1_bad16_rho0p1_s0,16,0.1,0,26,True,0.9357429718875502,0.936,249,250
attack_a0.5_s0_e1_bad16_rho0p1_s0,16,0.1,0,27,False,0.008,0.008,250,250
attack_a0.5_s0_e1_bad16_rho0p1_s0,16,0.1,0,28,True,0.9917355371900827,0.992,242,250
attack_a0.5_s0_e1_bad16_rho0p1_s0,16,0.1,0,29,False,0.98,0.98,250,250
attack_a0.5_s0_e1_bad16_rho0p1_s0,16,0.1,0,30,False,0.0043859649122807015,0.004,228,250
attack_a0.5_s0_e1_bad16_rho0p1_s0,16,0.1,0,31,True,0.9854368932038835,0.988,206,250
attack_a0.5_s0_e1_bad16_rho0p1_s0,16,0.1,0,32,False,0.995575221238938,0.996,226,250
attack_a0.5_s0_e1_bad16_rho0p1_s0,16,0.1,0,33,True,1.0,1.0,242,250
attack_a0.5_s0_e1_bad16_rho0p1_s0,16,0.1,0,34,True,1.0,0.996,214,250
attack_a0.5_s0_e1_bad16_rho0p1_s0,16,0.1,0,35,True,0.9951219512195122,0.996,205,250
attack_a0.5_s0_e1_bad16_rho0p1_s0,16,0.1,0,36,False,0.9919028340080972,0.992,247,250
attack_a0.5_s0_e1_bad16_rho0p1_s0,16,0.1,0,37,False,0.9227053140096618,0.92,207,250
attack_a0.5_s0_e1_bad16_rho0p1_s0,16,0.1,0,38,True,0.9411764705882353,0.948,204,250
attack_a0.5_s0_e1_bad16_rho0p1_s0,16,0.1,0,39,True,0.9653679653679653,0.968,231,250
attack_a0.5_s0_e1_bad16_rho0p25_s0,16,0.25,0,0,False,0.8744769874476988,0.88,239,250
attack_a0.5_s0_e1_bad16_rho0p25_s0,16,0.25,0,1,True,1.0,1.0,249,250
attack_a0.5_s0_e1_bad16_rho0p25_s0,16,0.25,0,2,False,0.9171974522292994,0.936,157,250
attack_a0.5_s0_e1_bad16_rho0p25_s0,16,0.25,0,3,False,0.255,0.256,200,250
attack_a0.5_s0_e1_bad16_rho0p25_s0,16,0.25,0,4,True,1.0,1.0,241,250
attack_a0.5_s0_e1_bad16_rho0p25_s0,16,0.25,0,5,False,0.991304347826087,0.992,230,250
attack_a0.5_s0_e1_bad16_rho0p25_s0,16,0.25,0,6,True,1.0,1.0,235,250
attack_a0.5_s0_e1_bad16_rho0p25_s0,16,0.25,0,7,True,1.0,1.0,173,250
attack_a0.5_s0_e1_bad16_rho0p25_s0,16,0.25,0,8,False,0.2791666666666667,0.276,240,250
attack_a0.5_s0_e1_bad16_rho0p25_s0,16,0.25,0,9,False,0.979253112033195,0.976,241,250
attack_a0.5_s0_e1_bad16_rho0p25_s0,16,0.25,0,10,False,0.936,0.936,250,250
attack_a0.5_s0_e1_bad16_rho0p25_s0,16,0.25,0,11,False,0.7615062761506276,0.752,239,250
attack_a0.5_s0_e1_bad16_rho0p25_s0,16,0.25,0,12,False,0.6895161290322581,0.688,248,250
attack_a0.5_s0_e1_bad16_rho0p25_s0,16,0.25,0,13,False,0.6008230452674898,0.604,243,250
attack_a0.5_s0_e1_bad16_rho0p25_s0,16,0.25,0,14,False,0.668918918918919,0.708,148,250
attack_a0.5_s0_e1_bad16_rho0p25_s0,16,0.25,0,15,True,1.0,1.0,246,250
attack_a0.5_s0_e1_bad16_rho0p25_s0,16,0.25,0,16,False,0.7966101694915254,0.804,236,250
attack_a0.5_s0_e1_bad16_rho0p25_s0,16,0.25,0,17,True,1.0,0.996,216,250
attack_a0.5_s0_e1_bad16_rho0p25_s0,16,0.25,0,18,False,0.5510204081632653,0.548,245,250
attack_a0.5_s0_e1_bad16_rho0p25_s0,16,0.25,0,19,False,0.9865771812080537,0.992,149,250
attack_a0.5_s0_e1_bad16_rho0p25_s0,16,0.25,0,20,False,0.6626016260162602,0.66,246,250
attack_a0.5_s0_e1_bad16_rho0p25_s0,16,0.25,0,21,True,1.0,1.0,148,250
attack_a0.5_s0_e1_bad16_rho0p25_s0,16,0.25,0,22,False,0.7349397590361446,0.732,249,250
attack_a0.5_s0_e1_bad16_rho0p25_s0,16,0.25,0,23,True,0.992,0.992,250,250
attack_a0.5_s0_e1_bad16_rho0p25_s0,16,0.25,0,24,False,0.9752066115702479,0.976,242,250
attack_a0.5_s0_e1_bad16_rho0p25_s0,16,0.25,0,25,False,0.7698744769874477,0.76,239,250
attack_a0.5_s0_e1_bad16_rho0p25_s0,16,0.25,0,26,True,0.9437751004016064,0.944,249,250
attack_a0.5_s0_e1_bad16_rho0p25_s0,16,0.25,0,27,False,0.592,0.592,250,250
attack_a0.5_s0_e1_bad16_rho0p25_s0,16,0.25,0,28,True,0.9958677685950413,0.996,242,250
attack_a0.5_s0_e1_bad16_rho0p25_s0,16,0.25,0,29,False,0.592,0.592,250,250
attack_a0.5_s0_e1_bad16_rho0p25_s0,16,0.25,0,30,False,0.868421052631579,0.872,228,250
attack_a0.5_s0_e1_bad16_rho0p25_s0,16,0.25,0,31,True,1.0,1.0,206,250
attack_a0.5_s0_e1_bad16_rho0p25_s0,16,0.25,0,32,False,0.49557522123893805,0.516,226,250
attack_a0.5_s0_e1_bad16_rho0p25_s0,16,0.25,0,33,True,1.0,1.0,242,250
attack_a0.5_s0_e1_bad16_rho0p25_s0,16,0.25,0,34,True,1.0,1.0,214,250
attack_a0.5_s0_e1_bad16_rho0p25_s0,16,0.25,0,35,True,1.0,1.0,205,250
attack_a0.5_s0_e1_bad16_rho0p25_s0,16,0.25,0,36,False,1.0,1.0,247,250
attack_a0.5_s0_e1_bad16_rho0p25_s0,16,0.25,0,37,False,1.0,1.0,207,250
attack_a0.5_s0_e1_bad16_rho0p25_s0,16,0.25,0,38,True,1.0,1.0,204,250
attack_a0.5_s0_e1_bad16_rho0p25_s0,16,0.25,0,39,True,1.0,1.0,231,250
attack_a0.5_s0_e1_bad16_rho0p5_s0,16,0.5,0,0,False,0.6652719665271967,0.668,239,250
attack_a0.5_s0_e1_bad16_rho0p5_s0,16,0.5,0,1,True,0.9919678714859438,0.992,249,250
attack_a0.5_s0_e1_bad16_rho0p5_s0,16,0.5,0,2,False,0.6687898089171974,0.676,157,250
attack_a0.5_s0_e1_bad16_rho0p5_s0,16,0.5,0,3,False,0.85,0.86,200,250
attack_a0.5_s0_e1_bad16_rho0p5_s0,16,0.5,0,4,True,0.950207468879668,0.952,241,250
attack_a0.5_s0_e1_bad16_rho0p5_s0,16,0.5,0,5,False,0.5173913043478261,0.508,230,250
attack_a0.5_s0_e1_bad16_rho0p5_s0,16,0.5,0,6,True,0.9872340425531915,0.988,235,250
attack_a0.5_s0_e1_bad16_rho0p5_s0,16,0.5,0,7,True,0.9364161849710982,0.952,173,250
attack_a0.5_s0_e1_bad16_rho0p5_s0,16,0.5,0,8,False,0.03333333333333333,0.036,240,250
attack_a0.5_s0_e1_bad16_rho0p5_s0,16,0.5,0,9,False,0.7800829875518672,0.776,241,250
attack_a0.5_s0_e1_bad16_rho0p5_s0,16,0.5,0,10,False,0.028,0.028,250,250
attack_a0.5_s0_e1_bad16_rho0p5_s0,16,0.5,0,11,False,0.7531380753138075,0.764,239,250
attack_a0.5_s0_e1_bad16_rho0p5_s0,16,0.5,0,12,False,0.14516129032258066,0.144,248,250
attack_a0.5_s0_e1_bad16_rho0p5_s0,16,0.5,0,13,False,0.26337448559670784,0.272,243,250
attack_a0.5_s0_e1_bad16_rho0p5_s0,16,0.5,0,14,False,0.18243243243243243,0.308,148,250
attack_a0.5_s0_e1_bad16_rho0p5_s0,16,0.5,0,15,True,1.0,1.0,246,250
attack_a0.5_s0_e1_bad16_rho0p5_s0,16,0.5,0,16,False,0.06779661016949153,0.08,236,250
attack_a0.5_s0_e1_bad16_rho0p5_s0,16,0.5,0,17,True,0.9861111111111112,0.988,216,250
attack_a0.5_s0_e1_bad16_rho0p5_s0,16,0.5,0,18,False,0.21224489795918366,0.216,245,250
attack_a0.5_s0_e1_bad16_rho0p5_s0,16,0.5,0,19,False,0.4899328859060403,0.58,149,250
attack_a0.5_s0_e1_bad16_rho0p5_s0,16,0.5,0,20,False,0.2032520325203252,0.2,246,250
attack_a0.5_s0_e1_bad16_rho0p5_s0,16,0.5,0,21,True,1.0,1.0,148,250
attack_a0.5_s0_e1_bad16_rho0p5_s0,16,0.5,0,22,False,0.04819277108433735,0.048,249,250
attack_a0.5_s0_e1_bad16_rho0p5_s0,16,0.5,0,23,True,0.996,0.996,250,250
attack_a0.5_s0_e1_bad16_rho0p5_s0,16,0.5,0,24,False,0.3140495867768595,0.332,242,250
attack_a0.5_s0_e1_bad16_rho0p5_s0,16,0.5,0,25,False,0.5313807531380753,0.532,239,250
attack_a0.5_s0_e1_bad16_rho0p5_s0,16,0.5,0,26,True,1.0,1.0,249,250
attack_a0.5_s0_e1_bad16_rho0p5_s0,16,0.5,0,27,False,0.212,0.212,250,250
attack_a0.5_s0_e1_bad16_rho0p5_s0,16,0.5,0,28,True,0.9752066115702479,0.976,242,250
attack_a0.5_s0_e1_bad16_rho0p5_s0,16,0.5,0,29,False,0.044,0.044,250,250
attack_a0.5_s0_e1_bad16_rho0p5_s0,16,0.5,0,30,False,0.3026315789473684,0.332,228,250
attack_a0.5_s0_e1_bad16_rho0p5_s0,16,0.5,0,31,True,1.0,1.0,206,250
attack_a0.5_s0_e1_bad16_rho0p5_s0,16,0.5,0,32,False,0.5486725663716814,0.552,226,250
attack_a0.5_s0_e1_bad16_rho0p5_s0,16,0.5,0,33,True,0.9834710743801653,0.98,242,250
attack_a0.5_s0_e1_bad16_rho0p5_s0,16,0.5,0,34,True,1.0,0.996,214,250
attack_a0.5_s0_e1_bad16_rho0p5_s0,16,0.5,0,35,True,0.9902439024390244,0.992,205,250
attack_a0.5_s0_e1_bad16_rho0p5_s0,16,0.5,0,36,False,0.9311740890688259,0.932,247,250
attack_a0.5_s0_e1_bad16_rho0p5_s0,16,0.5,0,37,False,0.6811594202898551,0.704,207,250
attack_a0.5_s0_e1_bad16_rho0p5_s0,16,0.5,0,38,True,1.0,1.0,204,250
attack_a0.5_s0_e1_bad16_rho0p5_s0,16,0.5,0,39,True,0.9956709956709957,0.996,231,250
attack_a0.5_s0_e1_bad16_rho1p0_s0,16,1.0,0,0,False,0.008368200836820083,0.016,239,250
attack_a0.5_s0_e1_bad16_rho1p0_s0,16,1.0,0,1,True,1.0,1.0,249,250
attack_a0.5_s0_e1_bad16_rho1p0_s0,16,1.0,0,2,False,0.16560509554140126,0.22,157,250
attack_a0.5_s0_e1_bad16_rho1p0_s0,16,1.0,0,3,False,0.095,0.104,200,250
attack_a0.5_s0_e1_bad16_rho1p0_s0,16,1.0,0,4,True,1.0,1.0,241,250
attack_a0.5_s0_e1_bad16_rho1p0_s0,16,1.0,0,5,False,0.1782608695652174,0.172,230,250
attack_a0.5_s0_e1_bad16_rho1p0_s0,16,1.0,0,6,True,1.0,1.0,235,250
attack_a0.5_s0_e1_bad16_rho1p0_s0,16,1.0,0,7,True,1.0,1.0,173,250
attack_a0.5_s0_e1_bad16_rho1p0_s0,16,1.0,0,8,False,0.0,0.0,240,250
attack_a0.5_s0_e1_bad16_rho1p0_s0,16,1.0,0,9,False,0.02074688796680498,0.028,241,250
attack_a0.5_s0_e1_bad16_rho1p0_s0,16,1.0,0,10,False,0.0,0.0,250,250
attack_a0.5_s0_e1_bad16_rho1p0_s0,16,1.0,0,11,False,0.0041841004184100415,0.004,239,250
attack_a0.5_s0_e1_bad16_rho1p0_s0,16,1.0,0,12,False,0.0,0.0,248,250
attack_a0.5_s0_e1_bad16_rho1p0_s0,16,1.0,0,13,False,0.037037037037037035,0.036,243,250
attack_a0.5_s0_e1_bad16_rho1p0_s0,16,1.0,0,14,False,0.013513513513513514,0.008,148,250
attack_a0.5_s0_e1_bad16_rho1p0_s0,16,1.0,0,15,True,1.0,1.0,246,250
attack_a0.5_s0_e1_bad16_rho1p0_s0,16,1.0,0,16,False,0.08898305084745763,0.084,236,250
attack_a0.5_s0_e1_bad16_rho1p0_s0,16,1.0,0,17,True,1.0,1.0,216,250
attack_a0.5_s0_e1_bad16_rho1p0_s0,16,1.0,0,18,False,0.004081632653061225,0.004,245,250
attack_a0.5_s0_e1_bad16_rho1p0_s0,16,1.0,0,19,False,0.11409395973154363,0.26,149,250
attack_a0.5_s0_e1_bad16_rho1p0_s0,16,1.0,0,20,False,0.0,0.0,246,250
attack_a0.5_s0_e1_bad16_rho1p0_s0,16,1.0,0,21,True,1.0,1.0,148,250
attack_a0.5_s0_e1_bad16_rho1p0_s0,16,1.0,0,22,False,0.004016064257028112,0.004,249,250
attack_a0.5_s0_e1_bad16_rho1p0_s0,16,1.0,0,23,True,1.0,1.0,250,250
attack_a0.5_s0_e1_bad16_rho1p0_s0,16,1.0,0,24,False,0.008264462809917356,0.008,242,250
attack_a0.5_s0_e1_bad16_rho1p0_s0,16,1.0,0,25,False,0.0,0.0,239,250
attack_a0.5_s0_e1_bad16_rho1p0_s0,16,1.0,0,26,True,1.0,1.0,249,250
attack_a0.5_s0_e1_bad16_rho1p0_s0,16,1.0,0,27,False,0.0,0.0,250,250
attack_a0.5_s0_e1_bad16_rho1p0_s0,16,1.0,0,28,True,1.0,1.0,242,250
attack_a0.5_s0_e1_bad16_rho1p0_s0,16,1.0,0,29,False,0.0,0.0,250,250
attack_a0.5_s0_e1_bad16_rho1p0_s0,16,1.0,0,30,False,0.03508771929824561,0.036,228,250
attack_a0.5_s0_e1_bad16_rho1p0_s0,16,1.0,0,31,True,1.0,1.0,206,250
attack_a0.5_s0_e1_bad16_rho1p0_s0,16,1.0,0,32,False,0.12389380530973451,0.148,226,250
attack_a0.5_s0_e1_bad16_rho1p0_s0,16,1.0,0,33,True,1.0,1.0,242,250
attack_a0.5_s0_e1_bad16_rho1p0_s0,16,1.0,0,34,True,1.0,1.0,214,250
attack_a0.5_s0_e1_bad16_rho1p0_s0,16,1.0,0,35,True,1.0,1.0,205,250
attack_a0.5_s0_e1_bad16_rho1p0_s0,16,1.0,0,36,False,0.04048582995951417,0.044,247,250
attack_a0.5_s0_e1_bad16_rho1p0_s0,16,1.0,0,37,False,0.30917874396135264,0.324,207,250
attack_a0.5_s0_e1_bad16_rho1p0_s0,16,1.0,0,38,True,1.0,1.0,204,250
attack_a0.5_s0_e1_bad16_rho1p0_s0,16,1.0,0,39,True,1.0,1.0,231,250
attack_a0.5_s0_e1_bad1_rho0p1_s0,1,0.1,0,0,False,0.016736401673640166,0.024,239,250
attack_a0.5_s0_e1_bad1_rho0p1_s0,1,0.1,0,1,False,0.30120481927710846,0.304,249,250
attack_a0.5_s0_e1_bad1_rho0p1_s0,1,0.1,0,2,False,0.2929936305732484,0.424,157,250
attack_a0.5_s0_e1_bad1_rho0p1_s0,1,0.1,0,3,False,0.21,0.264,200,250
attack_a0.5_s0_e1_bad1_rho0p1_s0,1,0.1,0,4,False,0.06224066390041494,0.064,241,250
attack_a0.5_s0_e1_bad1_rho0p1_s0,1,0.1,0,5,False,0.02608695652173913,0.036,230,250
attack_a0.5_s0_e1_bad1_rho0p1_s0,1,0.1,0,6,False,0.0425531914893617,0.04,235,250
attack_a0.5_s0_e1_bad1_rho0p1_s0,1,0.1,0,7,False,0.47398843930635837,0.584,173,250
attack_a0.5_s0_e1_bad1_rho0p1_s0,1,0.1,0,8,False,0.14166666666666666,0.144,240,250
attack_a0.5_s0_e1_bad1_rho0p1_s0,1,0.1,0,9,False,0.02074688796680498,0.02,241,250
attack_a0.5_s0_e1_bad1_rho0p1_s0,1,0.1,0,10,False,0.016,0.016,250,250
attack_a0.5_s0_e1_bad1_rho0p1_s0,1,0.1,0,11,False,0.0794979079497908,0.084,239,250
attack_a0.5_s0_e1_bad1_rho0p1_s0,1,0.1,0,12,False,0.020161290322580645,0.02,248,250
attack_a0.5_s0_e1_bad1_rho0p1_s0,1,0.1,0,13,False,0.012345679012345678,0.012,243,250
attack_a0.5_s0_e1_bad1_rho0p1_s0,1,0.1,0,14,False,0.12162162162162163,0.12,148,250
attack_a0.5_s0_e1_bad1_rho0p1_s0,1,0.1,0,15,False,0.012195121951219513,0.012,246,250
attack_a0.5_s0_e1_bad1_rho0p1_s0,1,0.1,0,16,False,0.07203389830508475,0.084,236,250
attack_a0.5_s0_e1_bad1_rho0p1_s0,1,0.1,0,17,True,1.0,1.0,216,250
attack_a0.5_s0_e1_bad1_rho0p1_s0,1,0.1,0,18,False,0.1469387755102041,0.144,245,250
attack_a0.5_s0_e1_bad1_rho0p1_s0,1,0.1,0,19,False,0.8120805369127517,0.876,149,250
attack_a0.5_s0_e1_bad1_rho0p1_s0,1,0.1,0,20,False,0.0,0.0,246,250
attack_a0.5_s0_e1_bad1_rho0p1_s0,1,0.1,0,21,False,0.39864864864864863,0.568,148,250
attack_a0.5_s0_e1_bad1_rho0p1_s0,1,0.1,0,22,False,0.04819277108433735,0.048,249,250
attack_a0.5_s0_e1_bad1_rho0p1_s0,1,0.1,0,23,False,0.0,0.0,250,250
attack_a0.5_s0_e1_bad1_rho0p1_s0,1,0.1,0,24,False,0.36363636363636365,0.372,242,250
attack_a0.5_s0_e1_bad1_rho0p1_s0,1,0.1,0,25,False,0.012552301255230125,0.012,239,250
attack_a0.5_s0_e1_bad1_rho0p1_s0,1,0.1,0,26,False,0.0,0.0,249,250
attack_a0.5_s0_e1_bad1_rho0p1_s0,1,0.1,0,27,False,0.108,0.108,250,250
attack_a0.5_s0_e1_bad1_rho0p1_s0,1,0.1,0,28,False,0.11983471074380166,0.132,242,250
attack_a0.5_s0_e1_bad1_rho0p1_s0,1,0.1,0,29,False,0.052,0.052,250,250
attack_a0.5_s0_e1_bad1_rho0p1_s0,1,0.1,0,30,False,0.47368421052631576,0.5,228,250
attack_a0.5_s0_e1_bad1_rho0p1_s0,1,0.1,0,31,False,0.18932038834951456,0.264,206,250
attack_a0.5_s0_e1_bad1_rho0p1_s0,1,0.1,0,32,False,0.18584070796460178,0.224,226,250
attack_a0.5_s0_e1_bad1_rho0p1_s0,1,0.1,0,33,False,0.1446280991735537,0.144,242,250
attack_a0.5_s0_e1_bad1_rho0p1_s0,1,0.1,0,34,False,0.07009345794392523,0.068,214,250
attack_a0.5_s0_e1_bad1_rho0p1_s0,1,0.1,0,35,False,0.1024390243902439,0.156,205,250
attack_a0.5_s0_e1_bad1_rho0p1_s0,1,0.1,0,36,False,0.004048582995951417,0.004,247,250
attack_a0.5_s0_e1_bad1_rho0p1_s0,1,0.1,0,37,False,0.2946859903381642,0.368,207,250
attack_a0.5_s0_e1_bad1_rho0p1_s0,1,0.1,0,38,False,0.06372549019607843,0.128,204,250
attack_a0.5_s0_e1_bad1_rho0p1_s0,1,0.1,0,39,False,0.29004329004329005,0.328,231,250
attack_a0.5_s0_e1_bad1_rho0p25_s0,1,0.25,0,0,False,0.03765690376569038,0.056,239,250
attack_a0.5_s0_e1_bad1_rho0p25_s0,1,0.25,0,1,False,0.40963855421686746,0.412,249,250
attack_a0.5_s0_e1_bad1_rho0p25_s0,1,0.25,0,2,False,0.4840764331210191,0.612,157,250
attack_a0.5_s0_e1_bad1_rho0p25_s0,1,0.25,0,3,False,0.505,0.564,200,250
attack_a0.5_s0_e1_bad1_rho0p25_s0,1,0.25,0,4,False,0.03319502074688797,0.032,241,250
attack_a0.5_s0_e1_bad1_rho0p25_s0,1,0.25,0,5,False,0.06086956521739131,0.068,230,250
attack_a0.5_s0_e1_bad1_rho0p25_s0,1,0.25,0,6,False,0.05531914893617021,0.056,235,250
attack_a0.5_s0_e1_bad1_rho0p25_s0,1,0.25,0,7,False,0.13872832369942195,0.268,173,250
attack_a0.5_s0_e1_bad1_rho0p25_s0,1,0.25,0,8,False,0.12083333333333333,0.128,240,250
attack_a0.5_s0_e1_bad1_rho0p25_s0,1,0.25,0,9,False,0.04564315352697095,0.048,241,250
attack_a0.5_s0_e1_bad1_rho0p25_s0,1,0.25,0,10,False,0.008,0.008,250,250
attack_a0.5_s0_e1_bad1_rho0p25_s0,1,0.25,0,11,False,0.07531380753138076,0.08,239,250
attack_a0.5_s0_e1_bad1_rho0p25_s0,1,0.25,0,12,False,0.016129032258064516,0.016,248,250
attack_a0.5_s0_e1_bad1_rho0p25_s0,1,0.25,0,13,False,0.00823045267489712,0.008,243,250
attack_a0.5_s0_e1_bad1_rho0p25_s0,1,0.25,0,14,False,0.11486486486486487,0.18,148,250
attack_a0.5_s0_e1_bad1_rho0p25_s0,1,0.25,0,15,False,0.25203252032520324,0.256,246,250
attack_a0.5_s0_e1_bad1_rho0p25_s0,1,0.25,0,16,False,0.0211864406779661,0.02,236,250
attack_a0.5_s0_e1_bad1_rho0p25_s0,1,0.25,0,17,True,1.0,1.0,216,250
attack_a0.5_s0_e1_bad1_rho0p25_s0,1,0.25,0,18,False,0.14285714285714285,0.14,245,250
attack_a0.5_s0_e1_bad1_rho0p25_s0,1,0.25,0,19,False,0.7718120805369127,0.836,149,250
attack_a0.5_s0_e1_bad1_rho0p25_s0,1,0.25,0,20,False,0.0,0.0,246,250
attack_a0.5_s0_e1_bad1_rho0p25_s0,1,0.25,0,21,False,0.2635135135135135,0.448,148,250
attack_a0.5_s0_e1_bad1_rho0p25_s0,1,0.25,0,22,False,0.1646586345381526,0.164,249,250
attack_a0.5_s0_e1_bad1_rho0p25_s0,1,0.25,0,23,False,0.004,0.004,250,250
attack_a0.5_s0_e1_bad1_rho0p25_s0,1,0.25,0,24,False,0.2727272727272727,0.28,242,250
attack_a0.5_s0_e1_bad1_rho0p25_s0,1,0.25,0,25,False,0.0794979079497908,0.08,239,250
attack_a0.5_s0_e1_bad1_rho0p25_s0,1,0.25,0,26,False,0.07228915662650602,0.072,249,250
attack_a0.5_s0_e1_bad1_rho0p25_s0,1,0.25,0,27,False,0.036,0.036,250,250
attack_a0.5_s0_e1_bad1_rho0p25_s0,1,0.25,0,28,False,0.03305785123966942,0.044,242,250
attack_a0.5_s0_e1_bad1_rho0p25_s0,1,0.25,0,29,False,0.032,0.032,250,250
attack_a0.5_s0_e1_bad1_rho0p25_s0,1,0.25,0,30,False,0.2631578947368421,0.284,228,250
attack_a0.5_s0_e1_bad1_rho0p25_s0,1,0.25,0,31,False,0.47572815533980584,0.532,206,250
attack_a0.5_s0_e1_bad1_rho0p25_s0,1,0.25,0,32,False,0.19911504424778761,0.232,226,250
attack_a0.5_s0_e1_bad1_rho0p25_s0,1,0.25,0,33,False,0.11570247933884298,0.112,242,250
attack_a0.5_s0_e1_bad1_rho0p25_s0,1,0.25,0,34,False,0.08878504672897196,0.1,214,250
attack_a0.5_s0_e1_bad1_rho0p25_s0,1,0.25,0,35,False,0.35121951219512193,0.396,205,250
attack_a0.5_s0_e1_bad1_rho0p25_s0,1,0.25,0,36,False,0.0728744939271255,0.072,247,250
attack_a0.5_s0_e1_bad1_rho0p25_s0,1,0.25,0,37,False,0.24154589371980675,0.28,207,250
attack_a0.5_s0_e1_bad1_rho0p25_s0,1,0.25,0,38,False,0.27450980392156865,0.336,204,250
attack_a0.5_s0_e1_bad1_rho0p25_s0,1,0.25,0,39,False,0.29004329004329005,0.296,231,250
attack_a0.5_s0_e1_bad1_rho0p5_s0,1,0.5,0,0,False,0.058577405857740586,0.084,239,250
attack_a0.5_s0_e1_bad1_rho0p5_s0,1,0.5,0,1,False,0.5341365461847389,0.536,249,250
attack_a0.5_s0_e1_bad1_rho0p5_s0,1,0.5,0,2,False,0.34394904458598724,0.48,157,250
attack_a0.5_s0_e1_bad1_rho0p5_s0,1,0.5,0,3,False,0.68,0.7,200,250
attack_a0.5_s0_e1_bad1_rho0p5_s0,1,0.5,0,4,False,0.02074688796680498,0.02,241,250
attack_a0.5_s0_e1_bad1_rho0p5_s0,1,0.5,0,5,False,0.0,0.0,230,250
attack_a0.5_s0_e1_bad1_rho0p5_s0,1,0.5,0,6,False,0.06808510638297872,0.068,235,250
attack_a0.5_s0_e1_bad1_rho0p5_s0,1,0.5,0,7,False,0.30057803468208094,0.432,173,250
attack_a0.5_s0_e1_bad1_rho0p5_s0,1,0.5,0,8,False,0.17916666666666667,0.184,240,250
attack_a0.5_s0_e1_bad1_rho0p5_s0,1,0.5,0,9,False,0.17842323651452283,0.192,241,250
attack_a0.5_s0_e1_bad1_rho0p5_s0,1,0.5,0,10,False,0.004,0.004,250,250
attack_a0.5_s0_e1_bad1_rho0p5_s0,1,0.5,0,11,False,0.1087866108786611,0.112,239,250
attack_a0.5_s0_e1_bad1_rho0p5_s0,1,0.5,0,12,False,0.16129032258064516,0.16,248,250
attack_a0.5_s0_e1_bad1_rho0p5_s0,1,0.5,0,13,False,0.00411522633744856,0.004,243,250
attack_a0.5_s0_e1_bad1_rho0p5_s0,1,0.5,0,14,False,0.31756756756756754,0.344,148,250
attack_a0.5_s0_e1_bad1_rho0p5_s0,1,0.5,0,15,False,0.008130081300813009,0.008,246,250
attack_a0.5_s0_e1_bad1_rho0p5_s0,1,0.5,0,16,False,0.01694915254237288,0.024,236,250
attack_a0.5_s0_e1_bad1_rho0p5_s0,1,0.5,0,17,True,1.0,1.0,216,250
attack_a0.5_s0_e1_bad1_rho0p5_s0,1,0.5,0,18,False,0.08979591836734693,0.088,245,250
attack_a0.5_s0_e1_bad1_rho0p5_s0,1,0.5,0,19,False,0.5436241610738255,0.688,149,250
attack_a0.5_s0_e1_bad1_rho0p5_s0,1,0.5,0,20,False,0.06504065040650407,0.064,246,250
attack_a0.5_s0_e1_bad1_rho0p5_s0,1,0.5,0,21,False,0.47297297297297297,0.624,148,250
attack_a0.5_s0_e1_bad1_rho0p5_s0,1,0.5,0,22,False,0.285140562248996,0.284,249,250
attack_a0.5_s0_e1_bad1_rho0p5_s0,1,0.5,0,23,False,0.0,0.0,250,250
attack_a0.5_s0_e1_bad1_rho0p5_s0,1,0.5,0,24,False,0.35537190082644626,0.364,242,250
attack_a0.5_s0_e1_bad1_rho0p5_s0,1,0.5,0,25,False,0.12133891213389121,0.124,239,250
attack_a0.5_s0_e1_bad1_rho0p5_s0,1,0.5,0,26,False,0.23694779116465864,0.236,249,250
attack_a0.5_s0_e1_bad1_rho0p5_s0,1,0.5,0,27,False,0.108,0.108,250,250
attack_a0.5_s0_e1_bad1_rho0p5_s0,1,0.5,0,28,False,0.16942148760330578,0.184,242,250
attack_a0.5_s0_e1_bad1_rho0p5_s0,1,0.5,0,29,False,0.088,0.088,250,250
attack_a0.5_s0_e1_bad1_rho0p5_s0,1,0.5,0,30,False,0.40789473684210525,0.436,228,250
attack_a0.5_s0_e1_bad1_rho0p5_s0,1,0.5,0,31,False,0.2621359223300971,0.292,206,250
attack_a0.5_s0_e1_bad1_rho0p5_s0,1,0.5,0,32,False,0.336283185840708,0.376,226,250
attack_a0.5_s0_e1_bad1_rho0p5_s0,1,0.5,0,33,False,0.19421487603305784,0.2,242,250
attack_a0.5_s0_e1_bad1_rho0p5_s0,1,0.5,0,34,False,0.07009345794392523,0.064,214,250
attack_a0.5_s0_e1_bad1_rho0p5_s0,1,0.5,0,35,False,0.14634146341463414,0.212,205,250
attack_a0.5_s0_e1_bad1_rho0p5_s0,1,0.5,0,36,False,0.05668016194331984,0.064,247,250
attack_a0.5_s0_e1_bad1_rho0p5_s0,1,0.5,0,37,False,0.13526570048309178,0.188,207,250
attack_a0.5_s0_e1_bad1_rho0p5_s0,1,0.5,0,38,False,0.24019607843137256,0.296,204,250
attack_a0.5_s0_e1_bad1_rho0p5_s0,1,0.5,0,39,False,0.22510822510822512,0.264,231,250
attack_a0.5_s0_e1_bad1_rho1p0_s0,1,1.0,0,0,False,0.03765690376569038,0.052,239,250
attack_a0.5_s0_e1_bad1_rho1p0_s0,1,1.0,0,1,False,0.040160642570281124,0.04,249,250
attack_a0.5_s0_e1_bad1_rho1p0_s0,1,1.0,0,2,False,0.05732484076433121,0.2,157,250
attack_a0.5_s0_e1_bad1_rho1p0_s0,1,1.0,0,3,False,0.18,0.184,200,250
attack_a0.5_s0_e1_bad1_rho1p0_s0,1,1.0,0,4,False,0.04564315352697095,0.044,241,250
attack_a0.5_s0_e1_bad1_rho1p0_s0,1,1.0,0,5,False,0.013043478260869565,0.012,230,250
attack_a0.5_s0_e1_bad1_rho1p0_s0,1,1.0,0,6,False,0.029787234042553193,0.028,235,250
attack_a0.5_s0_e1_bad1_rho1p0_s0,1,1.0,0,7,False,0.1329479768786127,0.248,173,250
attack_a0.5_s0_e1_bad1_rho1p0_s0,1,1.0,0,8,False,0.09166666666666666,0.096,240,250
attack_a0.5_s0_e1_bad1_rho1p0_s0,1,1.0,0,9,False,0.0,0.0,241,250
attack_a0.5_s0_e1_bad1_rho1p0_s0,1,1.0,0,10,False,0.004,0.004,250,250
attack_a0.5_s0_e1_bad1_rho1p0_s0,1,1.0,0,11,False,0.02510460251046025,0.028,239,250
attack_a0.5_s0_e1_bad1_rho1p0_s0,1,1.0,0,12,False,0.008064516129032258,0.008,248,250
attack_a0.5_s0_e1_bad1_rho1p0_s0,1,1.0,0,13,False,0.012345679012345678,0.012,243,250
attack_a0.5_s0_e1_bad1_rho1p0_s0,1,1.0,0,14,False,0.04054054054054054,0.048,148,250
attack_a0.5_s0_e1_bad1_rho1p0_s0,1,1.0,0,15,False,0.016260162601626018,0.016,246,250
attack_a0.5_s0_e1_bad1_rho1p0_s0,1,1.0,0,16,False,0.00423728813559322,0.004,236,250
attack_a0.5_s0_e1_bad1_rho1p0_s0,1,1.0,0,17,True,1.0,1.0,216,250
attack_a0.5_s0_e1_bad1_rho1p0_s0,1,1.0,0,18,False,0.0326530612244898,0.032,245,250
attack_a0.5_s0_e1_bad1_rho1p0_s0,1,1.0,0,19,False,0.2751677852348993,0.4,149,250
attack_a0.5_s0_e1_bad1_rho1p0_s0,1,1.0,0,20,False,0.0,0.0,246,250
attack_a0.5_s0_e1_bad1_rho1p0_s0,1,1.0,0,21,False,0.1554054054054054,0.34,148,250
attack_a0.5_s0_e1_bad1_rho1p0_s0,1,1.0,0,22,False,0.012048192771084338,0.012,249,250
attack_a0.5_s0_e1_bad1_rho1p0_s0,1,1.0,0,23,False,0.0,0.0,250,250
attack_a0.5_s0_e1_bad1_rho1p0_s0,1,1.0,0,24,False,0.12396694214876033,0.128,242,250
attack_a0.5_s0_e1_bad1_rho1p0_s0,1,1.0,0,25,False,0.0041841004184100415,0.004,239,250
attack_a0.5_s0_e1_bad1_rho1p0_s0,1,1.0,0,26,False,0.040160642570281124,0.04,249,250
attack_a0.5_s0_e1_bad1_rho1p0_s0,1,1.0,0,27,False,0.004,0.004,250,250
attack_a0.5_s0_e1_bad1_rho1p0_s0,1,1.0,0,28,False,0.008264462809917356,0.008,242,250
attack_a0.5_s0_e1_bad1_rho1p0_s0,1,1.0,0,29,False,0.012,0.012,250,250
attack_a0.5_s0_e1_bad1_rho1p0_s0,1,1.0,0,30,False,0.09649122807017543,0.104,228,250
attack_a0.5_s0_e1_bad1_rho1p0_s0,1,1.0,0,31,False,0.05339805825242718,0.096,206,250
attack_a0.5_s0_e1_bad1_rho1p0_s0,1,1.0,0,32,False,0.11504424778761062,0.144,226,250
attack_a0.5_s0_e1_bad1_rho1p0_s0,1,1.0,0,33,False,0.05371900826446281,0.056,242,250
attack_a0.5_s0_e1_bad1_rho1p0_s0,1,1.0,0,34,False,0.0,0.004,214,250
attack_a0.5_s0_e1_bad1_rho1p0_s0,1,1.0,0,35,False,0.22439024390243903,0.268,205,250
attack_a0.5_s0_e1_bad1_rho1p0_s0,1,1.0,0,36,False,0.0,0.0,247,250
attack_a0.5_s0_e1_bad1_rho1p0_s0,1,1.0,0,37,False,0.04830917874396135,0.068,207,250
attack_a0.5_s0_e1_bad1_rho1p0_s0,1,1.0,0,38,False,0.2696078431372549,0.34,204,250
attack_a0.5_s0_e1_bad1_rho1p0_s0,1,1.0,0,39,False,0.04329004329004329,0.068,231,250
attack_a0.5_s0_e1_bad2_rho0p1_s0,2,0.1,0,0,False,0.4100418410041841,0.424,239,250
attack_a0.5_s0_e1_bad2_rho0p1_s0,2,0.1,0,1,False,0.23694779116465864,0.236,249,250
attack_a0.5_s0_e1_bad2_rho0p1_s0,2,0.1,0,2,False,0.6369426751592356,0.764,157,250
attack_a0.5_s0_e1_bad2_rho0p1_s0,2,0.1,0,3,False,0.575,0.592,200,250
attack_a0.5_s0_e1_bad2_rho0p1_s0,2,0.1,0,4,False,0.3153526970954357,0.32,241,250
attack_a0.5_s0_e1_bad2_rho0p1_s0,2,0.1,0,5,False,0.0,0.0,230,250
attack_a0.5_s0_e1_bad2_rho0p1_s0,2,0.1,0,6,True,0.9829787234042553,0.972,235,250
attack_a0.5_s0_e1_bad2_rho0p1_s0,2,0.1,0,7,False,0.017341040462427744,0.068,173,250
attack_a0.5_s0_e1_bad2_rho0p1_s0,2,0.1,0,8,False,0.22916666666666666,0.228,240,250
attack_a0.5_s0_e1_bad2_rho0p1_s0,2,0.1,0,9,False,0.3029045643153527,0.308,241,250
attack_a0.5_s0_e1_bad2_rho0p1_s0,2,0.1,0,10,False,0.096,0.096,250,250
attack_a0.5_s0_e1_bad2_rho0p1_s0,2,0.1,0,11,False,0.200836820083682,0.212,239,250
attack_a0.5_s0_e1_bad2_rho0p1_s0,2,0.1,0,12,False,0.3387096774193548,0.34,248,250
attack_a0.5_s0_e1_bad2_rho0p1_s0,2,0.1,0,13,False,0.7818930041152263,0.784,243,250
attack_a0.5_s0_e1_bad2_rho0p1_s0,2,0.1,0,14,False,0.5675675675675675,0.64,148,250
attack_a0.5_s0_e1_bad2_rho0p1_s0,2,0.1,0,15,False,0.532520325203252,0.536,246,250
attack_a0.5_s0_e1_bad2_rho0p1_s0,2,0.1,0,16,False,0.3855932203389831,0.392,236,250
attack_a0.5_s0_e1_bad2_rho0p1_s0,2,0.1,0,17,True,1.0,1.0,216,250
attack_a0.5_s0_e1_bad2_rho0p1_s0,2,0.1,0,18,False,0.5387755102040817,0.544,245,250
attack_a0.5_s0_e1_bad2_rho0p1_s0,2,0.1,0,19,False,0.31543624161073824,0.508,149,250
attack_a0.5_s0_e1_bad2_rho0p1_s0,2,0.1,0,20,False,0.1016260162601626,0.1,246,250
attack_a0.5_s0_e1_bad2_rho0p1_s0,2,0.1,0,21,False,0.5067567567567568,0.608,148,250
attack_a0.5_s0_e1_bad2_rho0p1_s0,2,0.1,0,22,False,0.5140562248995983,0.512,249,250
attack_a0.5_s0_e1_bad2_rho0p1_s0,2,0.1,0,23,False,0.016,0.016,250,250
attack_a0.5_s0_e1_bad2_rho0p1_s0,2,0.1,0,24,False,0.15702479338842976,0.172,242,250
attack_a0.5_s0_e1_bad2_rho0p1_s0,2,0.1,0,25,False,0.07112970711297072,0.072,239,250
attack_a0.5_s0_e1_bad2_rho0p1_s0,2,0.1,0,26,False,0.13654618473895583,0.136,249,250
attack_a0.5_s0_e1_bad2_rho0p1_s0,2,0.1,0,27,False,0.236,0.236,250,250
attack_a0.5_s0_e1_bad2_rho0p1_s0,2,0.1,0,28,False,0.49173553719008267,0.492,242,250
attack_a0.5_s0_e1_bad2_rho0p1_s0,2,0.1,0,29,False,0.16,0.16,250,250
attack_a0.5_s0_e1_bad2_rho0p1_s0,2,0.1,0,30,False,0.7412280701754386,0.756,228,250
attack_a0.5_s0_e1_bad2_rho0p1_s0,2,0.1,0,31,False,0.1941747572815534,0.288,206,250
attack_a0.5_s0_e1_bad2_rho0p1_s0,2,0.1,0,32,False,0.21238938053097345,0.256,226,250
attack_a0.5_s0_e1_bad2_rho0p1_s0,2,0.1,0,33,False,0.1446280991735537,0.144,242,250
attack_a0.5_s0_e1_bad2_rho0p1_s0,2,0.1,0,34,False,0.8878504672897196,0.896,214,250
attack_a0.5_s0_e1_bad2_rho0p1_s0,2,0.1,0,35,False,0.4097560975609756,0.464,205,250
attack_a0.5_s0_e1_bad2_rho0p1_s0,2,0.1,0,36,False,0.12955465587044535,0.132,247,250
attack_a0.5_s0_e1_bad2_rho0p1_s0,2,0.1,0,37,False,0.06280193236714976,0.084,207,250
attack_a0.5_s0_e1_bad2_rho0p1_s0,2,0.1,0,38,False,0.7745098039215687,0.776,204,250
attack_a0.5_s0_e1_bad2_rho0p1_s0,2,0.1,0,39,False,0.44155844155844154,0.468,231,250
attack_a0.5_s0_e1_bad2_rho0p25_s0,2,0.25,0,0,False,0.34309623430962344,0.34,239,250
attack_a0.5_s0_e1_bad2_rho0p25_s0,2,0.25,0,1,False,0.3253012048192771,0.324,249,250
attack_a0.5_s0_e1_bad2_rho0p25_s0,2,0.25,0,2,False,0.4140127388535032,0.548,157,250
attack_a0.5_s0_e1_bad2_rho0p25_s0,2,0.25,0,3,False,0.705,0.664,200,250
attack_a0.5_s0_e1_bad2_rho0p25_s0,2,0.25,0,4,False,0.2987551867219917,0.288,241,250
attack_a0.5_s0_e1_bad2_rho0p25_s0,2,0.25,0,5,False,0.06956521739130435,0.064,230,250
attack_a0.5_s0_e1_bad2_rho0p25_s0,2,0.25,0,6,True,0.9872340425531915,0.968,235,250
attack_a0.5_s0_e1_bad2_rho0p25_s0,2,0.25,0,7,False,0.4161849710982659,0.508,173,250
attack_a0.5_s0_e1_bad2_rho0p25_s0,2,0.25,0,8,False,0.29583333333333334,0.296,240,250
attack_a0.5_s0_e1_bad2_rho0p25_s0,2,0.25,0,9,False,0.04149377593360996,0.044,241,250
attack_a0.5_s0_e1_bad2_rho0p25_s0,2,0.25,0,10,False,0.104,0.104,250,250
attack_a0.5_s0_e1_bad2_rho0p25_s0,2,0.25,0,11,False,0.07112970711297072,0.068,239,250
attack_a0.5_s0_e1_bad2_rho0p25_s0,2,0.25,0,12,False,0.07258064516129033,0.072,248,250
attack_a0.5_s0_e1_bad2_rho0p25_s0,2,0.25,0,13,False,0.8477366255144033,0.844,243,250
attack_a0.5_s0_e1_bad2_rho0p25_s0,2,0.25,0,14,False,0.8716216216216216,0.868,148,250
attack_a0.5_s0_e1_bad2_rho0p25_s0,2,0.25,0,15,False,0.6382113821138211,0.64,246,250
attack_a0.5_s0_e1_bad2_rho0p25_s0,2,0.25,0,16,False,0.5254237288135594,0.528,236,250
attack_a0.5_s0_e1_bad2_rho0p25_s0,2,0.25,0,17,True,1.0,0.996,216,250
attack_a0.5_s0_e1_bad2_rho0p25_s0,2,0.25,0,18,False,0.39183673469387753,0.388,245,250
attack_a0.5_s0_e1_bad2_rho0p25_s0,2,0.25,0,19,False,0.5436241610738255,0.616,149,250
attack_a0.5_s0_e1_bad2_rho0p25_s0,2,0.25,0,20,False,0.13008130081300814,0.128,246,250
attack_a0.5_s0_e1_bad2_rho0p25_s0,2,0.25,0,21,False,0.14189189189189189,0.3,148,250
attack_a0.5_s0_e1_bad2_rho0p25_s0,2,0.25,0,22,False,0.41365461847389556,0.412,249,250
attack_a0.5_s0_e1_bad2_rho0p25_s0,2,0.25,0,23,False,0.004,0.004,250,250
attack_a0.5_s0_e1_bad2_rho0p25_s0,2,0.25,0,24,False,0.34710743801652894,0.356,242,250
attack_a0.5_s0_e1_bad2_rho0p25_s0,2,0.25,0,25,False,0.07112970711297072,0.072,239,250
attack_a0.5_s0_e1_bad2_rho0p25_s0,2,0.25,0,26,False,0.2248995983935743,0.224,249,250
attack_a0.5_s0_e1_bad2_rho0p25_s0,2,0.25,0,27,False,0.044,0.044,250,250
attack_a0.5_s0_e1_bad2_rho0p25_s0,2,0.25,0,28,False,0.19008264462809918,0.2,242,250
attack_a0.5_s0_e1_bad2_rho0p25_s0,2,0.25,0,29,False,0.152,0.152,250,250
attack_a0.5_s0_e1_bad2_rho0p25_s0,2,0.25,0,30,False,0.75,0.76,228,250
attack_a0.5_s0_e1_bad2_rho0p25_s0,2,0.25,0,31,False,0.23300970873786409,0.284,206,250
attack_a0.5_s0_e1_bad2_rho0p25_s0,2,0.25,0,32,False,0.672566371681416,0.688,226,250
attack_a0.5_s0_e1_bad2_rho0p25_s0,2,0.25,0,33,False,0.07851239669421488,0.076,242,250
attack_a0.5_s0_e1_bad2_rho0p25_s0,2,0.25,0,34,False,0.5747663551401869,0.592,214,250
attack_a0.5_s0_e1_bad2_rho0p25_s0,2,0.25,0,35,False,0.01951219512195122,0.028,205,250
attack_a0.5_s0_e1_bad2_rho0p25_s0,2,0.25,0,36,False,0.08502024291497975,0.088,247,250
attack_a0.5_s0_e1_bad2_rho0p25_s0,2,0.25,0,37,False,0.03864734299516908,0.04,207,250
attack_a0.5_s0_e1_bad2_rho0p25_s0,2,0.25,0,38,False,0.6274509803921569,0.652,204,250
attack_a0.5_s0_e1_bad2_rho0p25_s0,2,0.25,0,39,False,0.5800865800865801,0.568,231,250
attack_a0.5_s0_e1_bad2_rho0p5_s0,2,0.5,0,0,False,0.2384937238493724,0.248,239,250
attack_a0.5_s0_e1_bad2_rho0p5_s0,2,0.5,0,1,False,0.004016064257028112,0.004,249,250
attack_a0.5_s0_e1_bad2_rho0p5_s0,2,0.5,0,2,False,0.4585987261146497,0.532,157,250
attack_a0.5_s0_e1_bad2_rho0p5_s0,2,0.5,0,3,False,0.17,0.18,200,250
attack_a0.5_s0_e1_bad2_rho0p5_s0,2,0.5,0,4,False,0.058091286307053944,0.064,241,250
attack_a0.5_s0_e1_bad2_rho0p5_s0,2,0.5,0,5,False,0.0,0.0,230,250
attack_a0.5_s0_e1_bad2_rho0p5_s0,2,0.5,0,6,True,1.0,1.0,235,250
attack_a0.5_s0_e1_bad2_rho0p5_s0,2,0.5,0,7,False,0.31213872832369943,0.432,173,250
attack_a0.5_s0_e1_bad2_rho0p5_s0,2,0.5,0,8,False,0.10416666666666667,0.104,240,250
attack_a0.5_s0_e1_bad2_rho0p5_s0,2,0.5,0,9,False,0.11618257261410789,0.116,241,250
attack_a0.5_s0_e1_bad2_rho0p5_s0,2,0.5,0,10,False,0.0,0.0,250,250
attack_a0.5_s0_e1_bad2_rho0p5_s0,2,0.5,0,11,False,0.02510460251046025,0.028,239,250
attack_a0.5_s0_e1_bad2_rho0p5_s0,2,0.5,0,12,False,0.03225806451612903,0.032,248,250
attack_a0.5_s0_e1_bad2_rho0p5_s0,2,0.5,0,13,False,0.45267489711934156,0.46,243,250
attack_a0.5_s0_e1_bad2_rho0p5_s0,2,0.5,0,14,False,0.42567567567567566,0.44,148,250
attack_a0.5_s0_e1_bad2_rho0p5_s0,2,0.5,0,15,False,0.2804878048780488,0.28,246,250
attack_a0.5_s0_e1_bad2_rho0p5_s0,2,0.5,0,16,False,0.0635593220338983,0.06,236,250
attack_a0.5_s0_e1_bad2_rho0p5_s0,2,0.5,0,17,True,1.0,1.0,216,250
attack_a0.5_s0_e1_bad2_rho0p5_s0,2,0.5,0,18,False,0.11836734693877551,0.116,245,250
attack_a0.5_s0_e1_bad2_rho0p5_s0,2,0.5,0,19,False,0.18120805369127516,0.284,149,250
attack_a0.5_s0_e1_bad2_rho0p5_s0,2,0.5,0,20,False,0.02032520325203252,0.02,246,250
attack_a0.5_s0_e1_bad2_rho0p5_s0,2,0.5,0,21,False,0.6756756756756757,0.732,148,250
attack_a0.5_s0_e1_bad2_rho0p5_s0,2,0.5,0,22,False,0.09236947791164658,0.092,249,250
attack_a0.5_s0_e1_bad2_rho0p5_s0,2,0.5,0,23,False,0.004,0.004,250,250
attack_a0.5_s0_e1_bad2_rho0p5_s0,2,0.5,0,24,False,0.06611570247933884,0.072,242,250
attack_a0.5_s0_e1_bad2_rho0p5_s0,2,0.5,0,25,False,0.0502092050209205,0.052,239,250
attack_a0.5_s0_e1_bad2_rho0p5_s0,2,0.5,0,26,False,0.01606425702811245,0.016,249,250
attack_a0.5_s0_e1_bad2_rho0p5_s0,2,0.5,0,27,False,0.076,0.076,250,250
attack_a0.5_s0_e1_bad2_rho0p5_s0,2,0.5,0,28,False,0.08677685950413223,0.092,242,250
attack_a0.5_s0_e1_bad2_rho0p5_s0,2,0.5,0,29,False,0.056,0.056,250,250
attack_a0.5_s0_e1_bad2_rho0p5_s0,2,0.5,0,30,False,0.4473684210526316,0.456,228,250
attack_a0.5_s0_e1_bad2_rho0p5_s0,2,0.5,0,31,False,0.1650485436893204,0.22,206,250
attack_a0.5_s0_e1_bad2_rho0p5_s0,2,0.5,0,32,False,0.3672566371681416,0.392,226,250
attack_a0.5_s0_e1_bad2_rho0p5_s0,2,0.5,0,33,False,0.06198347107438017,0.06,242,250
attack_a0.5_s0_e1_bad2_rho0p5_s0,2,0.5,0,34,False,0.40186915887850466,0.412,214,250
attack_a0.5_s0_e1_bad2_rho0p5_s0,2,0.5,0,35,False,0.0,0.004,205,250
attack_a0.5_s0_e1_bad2_rho0p5_s0,2,0.5,0,36,False,0.15384615384615385,0.152,247,250
attack_a0.5_s0_e1_bad2_rho0p5_s0,2,0.5,0,37,False,0.13526570048309178,0.148,207,250
attack_a0.5_s0_e1_bad2_rho0p5_s0,2,0.5,0,38,False,0.11274509803921569,0.156,204,250
attack_a0.5_s0_e1_bad2_rho0p5_s0,2,0.5,0,39,False,0.24675324675324675,0.244,231,250
attack_a0.5_s0_e1_bad2_rho1p0_s0,2,1.0,0,0,False,0.04184100418410042,0.04,239,250
attack_a0.5_s0_e1_bad2_rho1p0_s0,2,1.0,0,1,False,0.0,0.0,249,250
attack_a0.5_s0_e1_bad2_rho1p0_s0,2,1.0,0,2,False,0.2802547770700637,0.38,157,250
attack_a0.5_s0_e1_bad2_rho1p0_s0,2,1.0,0,3,False,0.185,0.212,200,250
attack_a0.5_s0_e1_bad2_rho1p0_s0,2,1.0,0,4,False,0.08298755186721991,0.08,241,250
attack_a0.5_s0_e1_bad2_rho1p0_s0,2,1.0,0,5,False,0.0,0.0,230,250
attack_a0.5_s0_e1_bad2_rho1p0_s0,2,1.0,0,6,True,1.0,1.0,235,250
attack_a0.5_s0_e1_bad2_rho1p0_s0,2,1.0,0,7,False,0.11560693641618497,0.204,173,250
attack_a0.5_s0_e1_bad2_rho1p0_s0,2,1.0,0,8,False,0.07916666666666666,0.08,240,250
attack_a0.5_s0_e1_bad2_rho1p0_s0,2,1.0,0,9,False,0.016597510373443983,0.016,241,250
attack_a0.5_s0_e1_bad2_rho1p0_s0,2,1.0,0,10,False,0.012,0.012,250,250
attack_a0.5_s0_e1_bad2_rho1p0_s0,2,1.0,0,11,False,0.0041841004184100415,0.004,239,250
attack_a0.5_s0_e1_bad2_rho1p0_s0,2,1.0,0,12,False,0.008064516129032258,0.008,248,250
attack_a0.5_s0_e1_bad2_rho1p0_s0,2,1.0,0,13,False,0.07818930041152264,0.084,243,250
attack_a0.5_s0_e1_bad2_rho1p0_s0,2,1.0,0,14,False,0.28378378378378377,0.324,148,250
attack_a0.5_s0_e1_bad2_rho1p0_s0,2,1.0,0,15,False,0.016260162601626018,0.016,246,250
attack_a0.5_s0_e1_bad2_rho1p0_s0,2,1.0,0,16,False,0.059322033898305086,0.056,236,250
attack_a0.5_s0_e1_bad2_rho1p0_s0,2,1.0,0,17,True,1.0,1.0,216,250
attack_a0.5_s0_e1_bad2_rho1p0_s0,2,1.0,0,18,False,0.044897959183673466,0.044,245,250
attack_a0.5_s0_e1_bad2_rho1p0_s0,2,1.0,0,19,False,0.03355704697986577,0.156,149,250
attack_a0.5_s0_e1_bad2_rho1p0_s0,2,1.0,0,20,False,0.0040650406504065045,0.004,246,250
attack_a0.5_s0_e1_bad2_rho1p0_s0,2,1.0,0,21,False,0.5405405405405406,0.608,148,250
attack_a0.5_s0_e1_bad2_rho1p0_s0,2,1.0,0,22,False,0.012048192771084338,0.012,249,250
attack_a0.5_s0_e1_bad2_rho1p0_s0,2,1.0,0,23,False,0.0,0.0,250,250
attack_a0.5_s0_e1_bad2_rho1p0_s0,2,1.0,0,24,False,0.05785123966942149,0.064,242,250
attack_a0.5_s0_e1_bad2_rho1p0_s0,2,1.0,0,25,False,0.0,0.0,239,250
attack_a0.5_s0_e1_bad2_rho1p0_s0,2,1.0,0,26,False,0.012048192771084338,0.012,249,250
attack_a0.5_s0_e1_bad2_rho1p0_s0,2,1.0,0,27,False,0.008,0.008,250,250
attack_a0.5_s0_e1_bad2_rho1p0_s0,2,1.0,0,28,False,0.045454545454545456,0.048,242,250
attack_a0.5_s0_e1_bad2_rho1p0_s0,2,1.0,0,29,False,0.0,0.0,250,250
attack_a0.5_s0_e1_bad2_rho1p0_s0,2,1.0,0,30,False,0.17105263157894737,0.192,228,250
attack_a0.5_s0_e1_bad2_rho1p0_s0,2,1.0,0,31,False,0.0048543689320388345,0.012,206,250
attack_a0.5_s0_e1_bad2_rho1p0_s0,2,1.0,0,32,False,0.16371681415929204,0.192,226,250
attack_a0.5_s0_e1_bad2_rho1p0_s0,2,1.0,0,33,False,0.024793388429752067,0.024,242,250
attack_a0.5_s0_e1_bad2_rho1p0_s0,2,1.0,0,34,False,0.3130841121495327,0.36,214,250
attack_a0.5_s0_e1_bad2_rho1p0_s0,2,1.0,0,35,False,0.004878048780487805,0.016,205,250
attack_a0.5_s0_e1_bad2_rho1p0_s0,2,1.0,0,36,False,0.044534412955465584,0.048,247,250
attack_a0.5_s0_e1_bad2_rho1p0_s0,2,1.0,0,37,False,0.004830917874396135,0.02,207,250
attack_a0.5_s0_e1_bad2_rho1p0_s0,2,1.0,0,38,False,0.4362745098039216,0.464,204,250
attack_a0.5_s0_e1_bad2_rho1p0_s0,2,1.0,0,39,False,0.11688311688311688,0.12,231,250
attack_a0.5_s0_e1_bad32_rho0p1_s0,32,0.1,0,0,False,0.4393305439330544,0.428,239,250
attack_a0.5_s0_e1_bad32_rho0p1_s0,32,0.1,0,1,True,0.9799196787148594,0.98,249,250
attack_a0.5_s0_e1_bad32_rho0p1_s0,32,0.1,0,2,True,1.0,1.0,157,250
attack_a0.5_s0_e1_bad32_rho0p1_s0,32,0.1,0,3,True,1.0,1.0,200,250
attack_a0.5_s0_e1_bad32_rho0p1_s0,32,0.1,0,4,True,0.7634854771784232,0.768,241,250
attack_a0.5_s0_e1_bad32_rho0p1_s0,32,0.1,0,5,True,0.9739130434782609,0.976,230,250
attack_a0.5_s0_e1_bad32_rho0p1_s0,32,0.1,0,6,True,0.9872340425531915,0.984,235,250
attack_a0.5_s0_e1_bad32_rho0p1_s0,32,0.1,0,7,True,0.976878612716763,0.98,173,250
attack_a0.5_s0_e1_bad32_rho0p1_s0,32,0.1,0,8,False,0.925,0.924,240,250
attack_a0.5_s0_e1_bad32_rho0p1_s0,32,0.1,0,9,True,0.975103734439834,0.976,241,250
attack_a0.5_s0_e1_bad32_rho0p1_s0,32,0.1,0,10,False,0.164,0.164,250,250
attack_a0.5_s0_e1_bad32_rho0p1_s0,32,0.1,0,11,False,0.2384937238493724,0.232,239,250
attack_a0.5_s0_e1_bad32_rho0p1_s0,32,0.1,0,12,True,0.9919354838709677,0.992,248,250
attack_a0.5_s0_e1_bad32_rho0p1_s0,32,0.1,0,13,True,0.7818930041152263,0.78,243,250
attack_a0.5_s0_e1_bad32_rho0p1_s0,32,0.1,0,14,True,1.0,1.0,148,250
attack_a0.5_s0_e1_bad32_rho0p1_s0,32,0.1,0,15,True,0.991869918699187,0.992,246,250
attack_a0.5_s0_e1_bad32_rho0p1_s0,32,0.1,0,16,True,0.06779661016949153,0.064,236,250
attack_a0.5_s0_e1_bad32_rho0p1_s0,32,0.1,0,17,True,0.7222222222222222,0.712,216,250
attack_a0.5_s0_e1_bad32_rho0p1_s0,32,0.1,0,18,True,0.6,0.596,245,250
attack_a0.5_s0_e1_bad32_rho0p1_s0,32,0.1,0,19,True,1.0,1.0,149,250
attack_a0.5_s0_e1_bad32_rho0p1_s0,32,0.1,0,20,True,1.0,1.0,246,250
attack_a0.5_s0_e1_bad32_rho0p1_s0,32,0.1,0,21,True,0.7364864864864865,0.764,148,250
attack_a0.5_s0_e1_bad32_rho0p1_s0,32,0.1,0,22,False,0.12449799196787148,0.124,249,250
attack_a0.5_s0_e1_bad32_rho0p1_s0,32,0.1,0,23,True,0.996,0.996,250,250
attack_a0.5_s0_e1_bad32_rho0p1_s0,32,0.1,0,24,True,0.9958677685950413,0.996,242,250
attack_a0.5_s0_e1_bad32_rho0p1_s0,32,0.1,0,25,False,0.5941422594142259,0.58,239,250
attack_a0.5_s0_e1_bad32_rho0p1_s0,32,0.1,0,26,True,1.0,1.0,249,250
attack_a0.5_s0_e1_bad32_rho0p1_s0,32,0.1,0,27,False,0.0,0.0,250,250
attack_a0.5_s0_e1_bad32_rho0p1_s0,32,0.1,0,28,True,1.0,1.0,242,250
attack_a0.5_s0_e1_bad32_rho0p1_s0,32,0.1,0,29,True,1.0,1.0,250,250
attack_a0.5_s0_e1_bad32_rho0p1_s0,32,0.1,0,30,True,0.9868421052631579,0.988,228,250
attack_a0.5_s0_e1_bad32_rho0p1_s0,32,0.1,0,31,True,1.0,1.0,206,250
attack_a0.5_s0_e1_bad32_rho0p1_s0,32,0.1,0,32,True,1.0,1.0,226,250
attack_a0.5_s0_e1_bad32_rho0p1_s0,32,0.1,0,33,True,0.9669421487603306,0.968,242,250
attack_a0.5_s0_e1_bad32_rho0p1_s0,32,0.1,0,34,True,1.0,1.0,214,250
attack_a0.5_s0_e1_bad32_rho0p1_s0,32,0.1,0,35,True,1.0,1.0,205,250
attack_a0.5_s0_e1_bad32_rho0p1_s0,32,0.1,0,36,True,1.0,1.0,247,250
attack_a0.5_s0_e1_bad32_rho0p1_s0,32,0.1,0,37,False,0.5603864734299517,0.536,207,250
attack_a0.5_s0_e1_bad32_rho0p1_s0,32,0.1,0,38,True,0.9901960784313726,0.992,204,250
attack_a0.5_s0_e1_bad32_rho0p1_s0,32,0.1,0,39,True,0.008658008658008658,0.012,231,250
attack_a0.5_s0_e1_bad32_rho0p25_s0,32,0.25,0,0,False,0.5648535564853556,0.584,239,250
attack_a0.5_s0_e1_bad32_rho0p25_s0,32,0.25,0,1,True,1.0,1.0,249,250
attack_a0.5_s0_e1_bad32_rho0p25_s0,32,0.25,0,2,True,1.0,1.0,157,250
attack_a0.5_s0_e1_bad32_rho0p25_s0,32,0.25,0,3,True,1.0,1.0,200,250
attack_a0.5_s0_e1_bad32_rho0p25_s0,32,0.25,0,4,True,1.0,1.0,241,250
attack_a0.5_s0_e1_bad32_rho0p25_s0,32,0.25,0,5,True,1.0,1.0,230,250
attack_a0.5_s0_e1_bad32_rho0p25_s0,32,0.25,0,6,True,1.0,1.0,235,250
attack_a0.5_s0_e1_bad32_rho0p25_s0,32,0.25,0,7,True,1.0,1.0,173,250
attack_a0.5_s0_e1_bad32_rho0p25_s0,32,0.25,0,8,False,0.9958333333333333,0.996,240,250
attack_a0.5_s0_e1_bad32_rho0p25_s0,32,0.25,0,9,True,1.0,1.0,241,250
attack_a0.5_s0_e1_bad32_rho0p25_s0,32,0.25,0,10,False,1.0,1.0,250,250
attack_a0.5_s0_e1_bad32_rho0p25_s0,32,0.25,0,11,False,0.9916317991631799,0.988,239,250
attack_a0.5_s0_e1_bad32_rho0p25_s0,32,0.25,0,12,True,1.0,1.0,248,250
attack_a0.5_s0_e1_bad32_rho0p25_s0,32,0.25,0,13,True,1.0,0.996,243,250
attack_a0.5_s0_e1_bad32_rho0p25_s0,32,0.25,0,14,True,1.0,0.996,148,250
attack_a0.5_s0_e1_bad32_rho0p25_s0,32,0.25,0,15,True,1.0,1.0,246,250
attack_a0.5_s0_e1_bad32_rho0p25_s0,32,0.25,0,16,True,0.9915254237288136,0.992,236,250
attack_a0.5_s0_e1_bad32_rho0p25_s0,32,0.25,0,17,True,1.0,1.0,216,250
attack_a0.5_s0_e1_bad32_rho0p25_s0,32,0.25,0,18,True,1.0,1.0,245,250
attack_a0.5_s0_e1_bad32_rho0p25_s0,32,0.25,0,19,True,0.9530201342281879,0.972,149,250
attack_a0.5_s0_e1_bad32_rho0p25_s0,32,0.25,0,20,True,0.983739837398374,0.984,246,250
attack_a0.5_s0_e1_bad32_rho0p25_s0,32,0.25,0,21,True,0.9459459459459459,0.924,148,250
attack_a0.5_s0_e1_bad32_rho0p25_s0,32,0.25,0,22,False,0.9799196787148594,0.98,249,250
attack_a0.5_s0_e1_bad32_rho0p25_s0,32,0.25,0,23,True,1.0,1.0,250,250
attack_a0.5_s0_e1_bad32_rho0p25_s0,32,0.25,0,24,True,1.0,1.0,242,250
attack_a0.5_s0_e1_bad32_rho0p25_s0,32,0.25,0,25,False,0.9874476987447699,0.984,239,250
attack_a0.5_s0_e1_bad32_rho0p25_s0,32,0.25,0,26,True,0.9919678714859438,0.992,249,250
attack_a0.5_s0_e1_bad32_rho0p25_s0,32,0.25,0,27,False,0.888,0.888,250,250
attack_a0.5_s0_e1_bad32_rho0p25_s0,32,0.25,0,28,True,1.0,1.0,242,250
attack_a0.5_s0_e1_bad32_rho0p25_s0,32,0.25,0,29,True,1.0,1.0,250,250
attack_a0.5_s0_e1_bad32_rho0p25_s0,32,0.25,0,30,True,1.0,1.0,228,250
attack_a0.5_s0_e1_bad32_rho0p25_s0,32,0.25,0,31,True,1.0,0.992,206,250
attack_a0.5_s0_e1_bad32_rho0p25_s0,32,0.25,0,32,True,1.0,1.0,226,250
attack_a0.5_s0_e1_bad32_rho0p25_s0,32,0.25,0,33,True,0.9958677685950413,0.996,242,250
attack_a0.5_s0_e1_bad32_rho0p25_s0,32,0.25,0,34,True,1.0,1.0,214,250
attack_a0.5_s0_e1_bad32_rho0p25_s0,32,0.25,0,35,True,1.0,0.996,205,250
attack_a0.5_s0_e1_bad32_rho0p25_s0,32,0.25,0,36,True,1.0,1.0,247,250
attack_a0.5_s0_e1_bad32_rho0p25_s0,32,0.25,0,37,False,1.0,1.0,207,250
attack_a0.5_s0_e1_bad32_rho0p25_s0,32,0.25,0,38,True,0.9852941176470589,0.988,204,250
attack_a0.5_s0_e1_bad32_rho0p25_s0,32,0.25,0,39,True,1.0,1.0,231,250
attack_a0.5_s0_e1_bad32_rho0p5_s0,32,0.5,0,0,False,0.9497907949790795,0.936,239,250
attack_a0.5_s0_e1_bad32_rho0p5_s0,32,0.5,0,1,True,1.0,1.0,249,250
attack_a0.5_s0_e1_bad32_rho0p5_s0,32,0.5,0,2,True,1.0,1.0,157,250
attack_a0.5_s0_e1_bad32_rho0p5_s0,32,0.5,0,3,True,1.0,1.0,200,250
attack_a0.5_s0_e1_bad32_rho0p5_s0,32,0.5,0,4,True,1.0,1.0,241,250
attack_a0.5_s0_e1_bad32_rho0p5_s0,32,0.5,0,5,True,1.0,1.0,230,250
attack_a0.5_s0_e1_bad32_rho0p5_s0,32,0.5,0,6,True,1.0,0.996,235,250
attack_a0.5_s0_e1_bad32_rho0p5_s0,32,0.5,0,7,True,1.0,1.0,173,250
attack_a0.5_s0_e1_bad32_rho0p5_s0,32,0.5,0,8,False,1.0,0.996,240,250
attack_a0.5_s0_e1_bad32_rho0p5_s0,32,0.5,0,9,True,1.0,1.0,241,250
attack_a0.5_s0_e1_bad32_rho0p5_s0,32,0.5,0,10,False,0.916,0.916,250,250
attack_a0.5_s0_e1_bad32_rho0p5_s0,32,0.5,0,11,False,0.9748953974895398,0.972,239,250
attack_a0.5_s0_e1_bad32_rho0p5_s0,32,0.5,0,12,True,1.0,1.0,248,250
attack_a0.5_s0_e1_bad32_rho0p5_s0,32,0.5,0,13,True,1.0,1.0,243,250
attack_a0.5_s0_e1_bad32_rho0p5_s0,32,0.5,0,14,True,1.0,0.996,148,250
attack_a0.5_s0_e1_bad32_rho0p5_s0,32,0.5,0,15,True,0.9959349593495935,0.996,246,250
attack_a0.5_s0_e1_bad32_rho0p5_s0,32,0.5,0,16,True,1.0,1.0,236,250
attack_a0.5_s0_e1_bad32_rho0p5_s0,32,0.5,0,17,True,1.0,1.0,216,250
attack_a0.5_s0_e1_bad32_rho0p5_s0,32,0.5,0,18,True,1.0,1.0,245,250
attack_a0.5_s0_e1_bad32_rho0p5_s0,32,0.5,0,19,True,1.0,1.0,149,250
attack_a0.5_s0_e1_bad32_rho0p5_s0,32,0.5,0,20,True,1.0,0.996,246,250
attack_a0.5_s0_e1_bad32_rho0p5_s0,32,0.5,0,21,True,1.0,1.0,148,250
attack_a0.5_s0_e1_bad32_rho0p5_s0,32,0.5,0,22,False,0.7911646586345381,0.788,249,250
attack_a0.5_s0_e1_bad32_rho0p5_s0,32,0.5,0,23,True,1.0,1.0,250,250
attack_a0.5_s0_e1_bad32_rho0p5_s0,32,0.5,0,24,True,1.0,1.0,242,250
attack_a0.5_s0_e1_bad32_rho0p5_s0,32,0.5,0,25,False,0.6861924686192469,0.684,239,250
attack_a0.5_s0_e1_bad32_rho0p5_s0,32,0.5,0,26,True,1.0,1.0,249,250
attack_a0.5_s0_e1_bad32_rho0p5_s0,32,0.5,0,27,False,0.656,0.656,250,250
attack_a0.5_s0_e1_bad32_rho0p5_s0,32,0.5,0,28,True,0.9917355371900827,0.988,242,250
attack_a0.5_s0_e1_bad32_rho0p5_s0,32,0.5,0,29,True,1.0,1.0,250,250
attack_a0.5_s0_e1_bad32_rho0p5_s0,32,0.5,0,30,True,0.9956140350877193,0.988,228,250
attack_a0.5_s0_e1_bad32_rho0p5_s0,32,0.5,0,31,True,1.0,1.0,206,250
attack_a0.5_s0_e1_bad32_rho0p5_s0,32,0.5,0,32,True,1.0,1.0,226,250
attack_a0.5_s0_e1_bad32_rho0p5_s0,32,0.5,0,33,True,1.0,1.0,242,250
attack_a0.5_s0_e1_bad32_rho0p5_s0,32,0.5,0,34,True,1.0,0.996,214,250
attack_a0.5_s0_e1_bad32_rho0p5_s0,32,0.5,0,35,True,1.0,1.0,205,250
attack_a0.5_s0_e1_bad32_rho0p5_s0,32,0.5,0,36,True,1.0,1.0,247,250
attack_a0.5_s0_e1_bad32_rho0p5_s0,32,0.5,0,37,False,0.782608695652174,0.764,207,250
attack_a0.5_s0_e1_bad32_rho0p5_s0,32,0.5,0,38,True,1.0,1.0,204,250
attack_a0.5_s0_e1_bad32_rho0p5_s0,32,0.5,0,39,True,1.0,1.0,231,250
attack_a0.5_s0_e1_bad32_rho1p0_s0,32,1.0,0,0,False,0.0,0.0,239,250
attack_a0.5_s0_e1_bad32_rho1p0_s0,32,1.0,0,1,True,1.0,1.0,249,250
attack_a0.5_s0_e1_bad32_rho1p0_s0,32,1.0,0,2,True,1.0,1.0,157,250
attack_a0.5_s0_e1_bad32_rho1p0_s0,32,1.0,0,3,True,1.0,1.0,200,250
attack_a0.5_s0_e1_bad32_rho1p0_s0,32,1.0,0,4,True,1.0,1.0,241,250
attack_a0.5_s0_e1_bad32_rho1p0_s0,32,1.0,0,5,True,1.0,1.0,230,250
attack_a0.5_s0_e1_bad32_rho1p0_s0,32,1.0,0,6,True,1.0,1.0,235,250
attack_a0.5_s0_e1_bad32_rho1p0_s0,32,1.0,0,7,True,1.0,1.0,173,250
attack_a0.5_s0_e1_bad32_rho1p0_s0,32,1.0,0,8,False,0.0,0.0,240,250
attack_a0.5_s0_e1_bad32_rho1p0_s0,32,1.0,0,9,True,1.0,1.0,241,250
attack_a0.5_s0_e1_bad32_rho1p0_s0,32,1.0,0,10,False,0.0,0.0,250,250
attack_a0.5_s0_e1_bad32_rho1p0_s0,32,1.0,0,11,False,0.0,0.004,239,250
attack_a0.5_s0_e1_bad32_rho1p0_s0,32,1.0,0,12,True,1.0,1.0,248,250
attack_a0.5_s0_e1_bad32_rho1p0_s0,32,1.0,0,13,True,1.0,1.0,243,250
attack_a0.5_s0_e1_bad32_rho1p0_s0,32,1.0,0,14,True,1.0,1.0,148,250
attack_a0.5_s0_e1_bad32_rho1p0_s0,32,1.0,0,15,True,1.0,1.0,246,250
attack_a0.5_s0_e1_bad32_rho1p0_s0,32,1.0,0,16,True,1.0,1.0,236,250
attack_a0.5_s0_e1_bad32_rho1p0_s0,32,1.0,0,17,True,1.0,1.0,216,250
attack_a0.5_s0_e1_bad32_rho1p0_s0,32,1.0,0,18,True,1.0,1.0,245,250
attack_a0.5_s0_e1_bad32_rho1p0_s0,32,1.0,0,19,True,1.0,1.0,149,250
attack_a0.5_s0_e1_bad32_rho1p0_s0,32,1.0,0,20,True,1.0,1.0,246,250
attack_a0.5_s0_e1_bad32_rho1p0_s0,32,1.0,0,21,True,1.0,1.0,148,250
attack_a0.5_s0_e1_bad32_rho1p0_s0,32,1.0,0,22,False,0.0,0.0,249,250
attack_a0.5_s0_e1_bad32_rho1p0_s0,32,1.0,0,23,True,1.0,1.0,250,250
attack_a0.5_s0_e1_bad32_rho1p0_s0,32,1.0,0,24,True,1.0,1.0,242,250
attack_a0.5_s0_e1_bad32_rho1p0_s0,32,1.0,0,25,False,0.1506276150627615,0.164,239,250
attack_a0.5_s0_e1_bad32_rho1p0_s0,32,1.0,0,26,True,1.0,1.0,249,250
attack_a0.5_s0_e1_bad32_rho1p0_s0,32,1.0,0,27,False,0.0,0.0,250,250
attack_a0.5_s0_e1_bad32_rho1p0_s0,32,1.0,0,28,True,1.0,1.0,242,250
attack_a0.5_s0_e1_bad32_rho1p0_s0,32,1.0,0,29,True,1.0,1.0,250,250
attack_a0.5_s0_e1_bad32_rho1p0_s0,32,1.0,0,30,True,1.0,1.0,228,250
attack_a0.5_s0_e1_bad32_rho1p0_s0,32,1.0,0,31,True,1.0,1.0,206,250
attack_a0.5_s0_e1_bad32_rho1p0_s0,32,1.0,0,32,True,1.0,1.0,226,250
attack_a0.5_s0_e1_bad32_rho1p0_s0,32,1.0,0,33,True,1.0,1.0,242,250
attack_a0.5_s0_e1_bad32_rho1p0_s0,32,1.0,0,34,True,1.0,1.0,214,250
attack_a0.5_s0_e1_bad32_rho1p0_s0,32,1.0,0,35,True,1.0,1.0,205,250
attack_a0.5_s0_e1_bad32_rho1p0_s0,32,1.0,0,36,True,1.0,1.0,247,250
attack_a0.5_s0_e1_bad32_rho1p0_s0,32,1.0,0,37,False,0.14009661835748793,0.208,207,250
attack_a0.5_s0_e1_bad32_rho1p0_s0,32,1.0,0,38,True,1.0,1.0,204,250
attack_a0.5_s0_e1_bad32_rho1p0_s0,32,1.0,0,39,True,1.0,1.0,231,250
attack_a0.5_s0_e1_bad4_rho0p1_s0,4,0.1,0,0,False,0.2217573221757322,0.22,239,250
attack_a0.5_s0_e1_bad4_rho0p1_s0,4,0.1,0,1,False,0.7188755020080321,0.72,249,250
attack_a0.5_s0_e1_bad4_rho0p1_s0,4,0.1,0,2,False,0.7898089171974523,0.82,157,250
attack_a0.5_s0_e1_bad4_rho0p1_s0,4,0.1,0,3,False,0.705,0.624,200,250
attack_a0.5_s0_e1_bad4_rho0p1_s0,4,0.1,0,4,False,0.970954356846473,0.972,241,250
attack_a0.5_s0_e1_bad4_rho0p1_s0,4,0.1,0,5,False,0.7217391304347827,0.696,230,250
attack_a0.5_s0_e1_bad4_rho0p1_s0,4,0.1,0,6,True,1.0,1.0,235,250
attack_a0.5_s0_e1_bad4_rho0p1_s0,4,0.1,0,7,False,0.13872832369942195,0.232,173,250
attack_a0.5_s0_e1_bad4_rho0p1_s0,4,0.1,0,8,False,0.6916666666666667,0.692,240,250
attack_a0.5_s0_e1_bad4_rho0p1_s0,4,0.1,0,9,False,0.5394190871369294,0.544,241,250
attack_a0.5_s0_e1_bad4_rho0p1_s0,4,0.1,0,10,False,0.408,0.408,250,250
attack_a0.5_s0_e1_bad4_rho0p1_s0,4,0.1,0,11,False,0.3179916317991632,0.304,239,250
attack_a0.5_s0_e1_bad4_rho0p1_s0,4,0.1,0,12,False,0.38306451612903225,0.384,248,250
attack_a0.5_s0_e1_bad4_rho0p1_s0,4,0.1,0,13,False,0.20164609053497942,0.196,243,250
attack_a0.5_s0_e1_bad4_rho0p1_s0,4,0.1,0,14,False,0.8108108108108109,0.776,148,250
attack_a0.5_s0_e1_bad4_rho0p1_s0,4,0.1,0,15,True,1.0,1.0,246,250
attack_a0.5_s0_e1_bad4_rho0p1_s0,4,0.1,0,16,False,0.4957627118644068,0.492,236,250
attack_a0.5_s0_e1_bad4_rho0p1_s0,4,0.1,0,17,True,1.0,1.0,216,250
attack_a0.5_s0_e1_bad4_rho0p1_s0,4,0.1,0,18,False,0.6816326530612244,0.68,245,250
attack_a0.5_s0_e1_bad4_rho0p1_s0,4,0.1,0,19,False,0.2684563758389262,0.348,149,250
attack_a0.5_s0_e1_bad4_rho0p1_s0,4,0.1,0,20,False,0.08536585365853659,0.084,246,250
attack_a0.5_s0_e1_bad4_rho0p1_s0,4,0.1,0,21,False,0.722972972972973,0.78,148,250
attack_a0.5_s0_e1_bad4_rho0p1_s0,4,0.1,0,22,False,0.24497991967871485,0.244,249,250
attack_a0.5_s0_e1_bad4_rho0p1_s0,4,0.1,0,23,False,0.272,0.272,250,250
attack_a0.5_s0_e1_bad4_rho0p1_s0,4,0.1,0,24,False,0.9628099173553719,0.964,242,250
attack_a0.5_s0_e1_bad4_rho0p1_s0,4,0.1,0,25,False,0.4476987447698745,0.448,239,250
attack_a0.5_s0_e1_bad4_rho0p1_s0,4,0.1,0,26,True,1.0,1.0,249,250
attack_a0.5_s0_e1_bad4_rho0p1_s0,4,0.1,0,27,False,0.956,0.956,250,250
attack_a0.5_s0_e1_bad4_rho0p1_s0,4,0.1,0,28,False,0.47520661157024796,0.468,242,250
attack_a0.5_s0_e1_bad4_rho0p1_s0,4,0.1,0,29,False,0.796,0.796,250,250
attack_a0.5_s0_e1_bad4_rho0p1_s0,4,0.1,0,30,False,0.8201754385964912,0.828,228,250
attack_a0.5_s0_e1_bad4_rho0p1_s0,4,0.1,0,31,False,0.5485436893203883,0.572,206,250
attack_a0.5_s0_e1_bad4_rho0p1_s0,4,0.1,0,32,False,0.9867256637168141,0.988,226,250
attack_a0.5_s0_e1_bad4_rho0p1_s0,4,0.1,0,33,False,0.6611570247933884,0.66,242,250
attack_a0.5_s0_e1_bad4_rho0p1_s0,4,0.1,0,34,False,0.5981308411214953,0.584,214,250
attack_a0.5_s0_e1_bad4_rho0p1_s0,4,0.1,0,35,False,0.9463414634146341,0.932,205,250
attack_a0.5_s0_e1_bad4_rho0p1_s0,4,0.1,0,36,False,0.31983805668016196,0.316,247,250
attack_a0.5_s0_e1_bad4_rho0p1_s0,4,0.1,0,37,False,0.5748792270531401,0.58,207,250
attack_a0.5_s0_e1_bad4_rho0p1_s0,4,0.1,0,38,False,0.8480392156862745,0.864,204,250
attack_a0.5_s0_e1_bad4_rho0p1_s0,4,0.1,0,39,False,0.5887445887445888,0.6,231,250
attack_a0.5_s0_e1_bad4_rho0p25_s0,4,0.25,0,0,False,0.3807531380753138,0.38,239,250
attack_a0.5_s0_e1_bad4_rho0p25_s0,4,0.25,0,1,False,0.4497991967871486,0.448,249,250
attack_a0.5_s0_e1_bad4_rho0p25_s0,4,0.25,0,2,False,0.5923566878980892,0.576,157,250
attack_a0.5_s0_e1_bad4_rho0p25_s0,4,0.25,0,3,False,0.735,0.704,200,250
attack_a0.5_s0_e1_bad4_rho0p25_s0,4,0.25,0,4,False,0.8672199170124482,0.868,241,250
attack_a0.5_s0_e1_bad4_rho0p25_s0,4,0.25,0,5,False,0.5826086956521739,0.56,230,250
attack_a0.5_s0_e1_bad4_rho0p25_s0,4,0.25,0,6,True,1.0,0.996,235,250
attack_a0.5_s0_e1_bad4_rho0p25_s0,4,0.25,0,7,False,0.5433526011560693,0.624,173,250
attack_a0.5_s0_e1_bad4_rho0p25_s0,4,0.25,0,8,False,0.7083333333333334,0.704,240,250
attack_a0.5_s0_e1_bad4_rho0p25_s0,4,0.25,0,9,False,0.7925311203319502,0.788,241,250
attack_a0.5_s0_e1_bad4_rho0p25_s0,4,0.25,0,10,False,0.512,0.512,250,250
attack_a0.5_s0_e1_bad4_rho0p25_s0,4,0.25,0,11,False,0.6359832635983264,0.64,239,250
attack_a0.5_s0_e1_bad4_rho0p25_s0,4,0.25,0,12,False,0.4879032258064516,0.488,248,250
attack_a0.5_s0_e1_bad4_rho0p25_s0,4,0.25,0,13,False,0.2839506172839506,0.284,243,250
attack_a0.5_s0_e1_bad4_rho0p25_s0,4,0.25,0,14,False,0.7905405405405406,0.764,148,250
attack_a0.5_s0_e1_bad4_rho0p25_s0,4,0.25,0,15,True,0.9878048780487805,0.988,246,250
attack_a0.5_s0_e1_bad4_rho0p25_s0,4,0.25,0,16,False,0.3516949152542373,0.352,236,250
attack_a0.5_s0_e1_bad4_rho0p25_s0,4,0.25,0,17,True,1.0,1.0,216,250
attack_a0.5_s0_e1_bad4_rho0p25_s0,4,0.25,0,18,False,0.8775510204081632,0.876,245,250
attack_a0.5_s0_e1_bad4_rho0p25_s0,4,0.25,0,19,False,0.7718120805369127,0.788,149,250
attack_a0.5_s0_e1_bad4_rho0p25_s0,4,0.25,0,20,False,0.25203252032520324,0.248,246,250
attack_a0.5_s0_e1_bad4_rho0p25_s0,4,0.25,0,21,False,0.9256756756756757,0.924,148,250
attack_a0.5_s0_e1_bad4_rho0p25_s0,4,0.25,0,22,False,0.3534136546184739,0.352,249,250
attack_a0.5_s0_e1_bad4_rho0p25_s0,4,0.25,0,23,False,0.132,0.132,250,250
attack_a0.5_s0_e1_bad4_rho0p25_s0,4,0.25,0,24,False,0.8801652892561983,0.876,242,250
attack_a0.5_s0_e1_bad4_rho0p25_s0,4,0.25,0,25,False,0.6861924686192469,0.676,239,250
attack_a0.5_s0_e1_bad4_rho0p25_s0,4,0.25,0,26,True,1.0,1.0,249,250
attack_a0.5_s0_e1_bad4_rho0p25_s0,4,0.25,0,27,False,0.44,0.44,250,250
attack_a0.5_s0_e1_bad4_rho0p25_s0,4,0.25,0,28,False,0.5826446280991735,0.58,242,250
attack_a0.5_s0_e1_bad4_rho0p25_s0,4,0.25,0,29,False,0.432,0.432,250,250
attack_a0.5_s0_e1_bad4_rho0p25_s0,4,0.25,0,30,False,0.631578947368421,0.656,228,250
attack_a0.5_s0_e1_bad4_rho0p25_s0,4,0.25,0,31,False,0.9029126213592233,0.912,206,250
attack_a0.5_s0_e1_bad4_rho0p25_s0,4,0.25,0,32,False,0.9823008849557522,0.984,226,250
attack_a0.5_s0_e1_bad4_rho0p25_s0,4,0.25,0,33,False,0.6611570247933884,0.656,242,250
attack_a0.5_s0_e1_bad4_rho0p25_s0,4,0.25,0,34,False,0.4439252336448598,0.452,214,250
attack_a0.5_s0_e1_bad4_rho0p25_s0,4,0.25,0,35,False,0.5804878048780487,0.564,205,250
attack_a0.5_s0_e1_bad4_rho0p25_s0,4,0.25,0,36,False,0.5951417004048583,0.596,247,250
attack_a0.5_s0_e1_bad4_rho0p25_s0,4,0.25,0,37,False,0.6618357487922706,0.664,207,250
attack_a0.5_s0_e1_bad4_rho0p25_s0,4,0.25,0,38,False,0.8431372549019608,0.864,204,250
attack_a0.5_s0_e1_bad4_rho0p25_s0,4,0.25,0,39,False,0.9004329004329005,0.9,231,250
attack_a0.5_s0_e1_bad4_rho0p5_s0,4,0.5,0,0,False,0.14225941422594143,0.164,239,250
attack_a0.5_s0_e1_bad4_rho0p5_s0,4,0.5,0,1,False,0.04417670682730924,0.044,249,250
attack_a0.5_s0_e1_bad4_rho0p5_s0,4,0.5,0,2,False,0.5859872611464968,0.68,157,250
attack_a0.5_s0_e1_bad4_rho0p5_s0,4,0.5,0,3,False,0.55,0.536,200,250
attack_a0.5_s0_e1_bad4_rho0p5_s0,4,0.5,0,4,False,0.5975103734439834,0.604,241,250
attack_a0.5_s0_e1_bad4_rho0p5_s0,4,0.5,0,5,False,0.04782608695652174,0.048,230,250
attack_a0.5_s0_e1_bad4_rho0p5_s0,4,0.5,0,6,True,1.0,1.0,235,250
attack_a0.5_s0_e1_bad4_rho0p5_s0,4,0.5,0,7,False,0.12138728323699421,0.248,173,250
attack_a0.5_s0_e1_bad4_rho0p5_s0,4,0.5,0,8,False,0.0125,0.024,240,250
attack_a0.5_s0_e1_bad4_rho0p5_s0,4,0.5,0,9,False,0.2946058091286307,0.3,241,250
attack_a0.5_s0_e1_bad4_rho0p5_s0,4,0.5,0,10,False,0.0,0.0,250,250
attack_a0.5_s0_e1_bad4_rho0p5_s0,4,0.5,0,11,False,0.10460251046025104,0.132,239,250
attack_a0.5_s0_e1_bad4_rho0p5_s0,4,0.5,0,12,False,0.06854838709677419,0.068,248,250
attack_a0.5_s0_e1_bad4_rho0p5_s0,4,0.5,0,13,False,0.0,0.0,243,250
attack_a0.5_s0_e1_bad4_rho0p5_s0,4,0.5,0,14,False,0.4189189189189189,0.348,148,250
attack_a0.5_s0_e1_bad4_rho0p5_s0,4,0.5,0,15,True,0.991869918699187,0.992,246,250
attack_a0.5_s0_e1_bad4_rho0p5_s0,4,0.5,0,16,False,0.012711864406779662,0.016,236,250
attack_a0.5_s0_e1_bad4_rho0p5_s0,4,0.5,0,17,True,1.0,1.0,216,250
attack_a0.5_s0_e1_bad4_rho0p5_s0,4,0.5,0,18,False,0.11020408163265306,0.112,245,250
attack_a0.5_s0_e1_bad4_rho0p5_s0,4,0.5,0,19,False,0.6174496644295302,0.732,149,250
attack_a0.5_s0_e1_bad4_rho0p5_s0,4,0.5,0,20,False,0.0,0.0,246,250
attack_a0.5_s0_e1_bad4_rho0p5_s0,4,0.5,0,21,False,0.5,0.632,148,250
attack_a0.5_s0_e1_bad4_rho0p5_s0,4,0.5,0,22,False,0.03614457831325301,0.036,249,250
attack_a0.5_s0_e1_bad4_rho0p5_s0,4,0.5,0,23,False,0.0,0.0,250,250
attack_a0.5_s0_e1_bad4_rho0p5_s0,4,0.5,0,24,False,0.8677685950413223,0.872,242,250
attack_a0.5_s0_e1_bad4_rho0p5_s0,4,0.5,0,25,False,0.04602510460251046,0.048,239,250
attack_a0.5_s0_e1_bad4_rho0p5_s0,4,0.5,0,26,True,1.0,1.0,249,250
attack_a0.5_s0_e1_bad4_rho0p5_s0,4,0.5,0,27,False,0.012,0.012,250,250
attack_a0.5_s0_e1_bad4_rho0p5_s0,4,0.5,0,28,False,0.0371900826446281,0.036,242,250
attack_a0.5_s0_e1_bad4_rho0p5_s0,4,0.5,0,29,False,0.008,0.008,250,250
attack_a0.5_s0_e1_bad4_rho0p5_s0,4,0.5,0,30,False,0.37280701754385964,0.384,228,250
attack_a0.5_s0_e1_bad4_rho0p5_s0,4,0.5,0,31,False,0.13592233009708737,0.172,206,250
attack_a0.5_s0_e1_bad4_rho0p5_s0,4,0.5,0,32,False,0.8584070796460177,0.856,226,250
attack_a0.5_s0_e1_bad4_rho0p5_s0,4,0.5,0,33,False,0.1446280991735537,0.148,242,250
attack_a0.5_s0_e1_bad4_rho0p5_s0,4,0.5,0,34,False,0.02336448598130841,0.072,214,250
attack_a0.5_s0_e1_bad4_rho0p5_s0,4,0.5,0,35,False,0.8682926829268293,0.884,205,250
attack_a0.5_s0_e1_bad4_rho0p5_s0,4,0.5,0,36,False,0.02834008097165992,0.028,247,250
attack_a0.5_s0_e1_bad4_rho0p5_s0,4,0.5,0,37,False,0.033816425120772944,0.06,207,250
attack_a0.5_s0_e1_bad4_rho0p5_s0,4,0.5,0,38,False,0.18137254901960784,0.292,204,250
attack_a0.5_s0_e1_bad4_rho0p5_s0,4,0.5,0,39,False,0.30735930735930733,0.34,231,250
attack_a0.5_s0_e1_bad4_rho1p0_s0,4,1.0,0,0,False,0.02510460251046025,0.036,239,250
attack_a0.5_s0_e1_bad4_rho1p0_s0,4,1.0,0,1,False,0.008032128514056224,0.008,249,250
attack_a0.5_s0_e1_bad4_rho1p0_s0,4,1.0,0,2,False,0.267515923566879,0.404,157,250
attack_a0.5_s0_e1_bad4_rho1p0_s0,4,1.0,0,3,False,0.13,0.136,200,250
attack_a0.5_s0_e1_bad4_rho1p0_s0,4,1.0,0,4,False,0.46887966804979253,0.48,241,250
attack_a0.5_s0_e1_bad4_rho1p0_s0,4,1.0,0,5,False,0.0,0.0,230,250
attack_a0.5_s0_e1_bad4_rho1p0_s0,4,1.0,0,6,True,1.0,1.0,235,250
attack_a0.5_s0_e1_bad4_rho1p0_s0,4,1.0,0,7,False,0.005780346820809248,0.056,173,250
attack_a0.5_s0_e1_bad4_rho1p0_s0,4,1.0,0,8,False,0.075,0.076,240,250
attack_a0.5_s0_e1_bad4_rho1p0_s0,4,1.0,0,9,False,0.18672199170124482,0.2,241,250
attack_a0.5_s0_e1_bad4_rho1p0_s0,4,1.0,0,10,False,0.0,0.0,250,250
attack_a0.5_s0_e1_bad4_rho1p0_s0,4,1.0,0,11,False,0.03765690376569038,0.06,239,250
attack_a0.5_s0_e1_bad4_rho1p0_s0,4,1.0,0,12,False,0.06048387096774194,0.06,248,250
attack_a0.5_s0_e1_bad4_rho1p0_s0,4,1.0,0,13,False,0.0,0.0,243,250
attack_a0.5_s0_e1_bad4_rho1p0_s0,4,1.0,0,14,False,0.11486486486486487,0.168,148,250
attack_a0.5_s0_e1_bad4_rho1p0_s0,4,1.0,0,15,True,1.0,1.0,246,250
attack_a0.5_s0_e1_bad4_rho1p0_s0,4,1.0,0,16,False,0.00423728813559322,0.004,236,250
attack_a0.5_s0_e1_bad4_rho1p0_s0,4,1.0,0,17,True,1.0,1.0,216,250
attack_a0.5_s0_e1_bad4_rho1p0_s0,4,1.0,0,18,False,0.0326530612244898,0.04,245,250
attack_a0.5_s0_e1_bad4_rho1p0_s0,4,1.0,0,19,False,0.348993288590604,0.456,149,250
attack_a0.5_s0_e1_bad4_rho1p0_s0,4,1.0,0,20,False,0.0,0.0,246,250
attack_a0.5_s0_e1_bad4_rho1p0_s0,4,1.0,0,21,False,0.16891891891891891,0.28,148,250
attack_a0.5_s0_e1_bad4_rho1p0_s0,4,1.0,0,22,False,0.004016064257028112,0.004,249,250
attack_a0.5_s0_e1_bad4_rho1p0_s0,4,1.0,0,23,False,0.008,0.008,250,250
attack_a0.5_s0_e1_bad4_rho1p0_s0,4,1.0,0,24,False,0.16115702479338842,0.164,242,250
attack_a0.5_s0_e1_bad4_rho1p0_s0,4,1.0,0,25,False,0.06276150627615062,0.064,239,250
attack_a0.5_s0_e1_bad4_rho1p0_s0,4,1.0,0,26,True,1.0,1.0,249,250
attack_a0.5_s0_e1_bad4_rho1p0_s0,4,1.0,0,27,False,0.0,0.0,250,250
attack_a0.5_s0_e1_bad4_rho1p0_s0,4,1.0,0,28,False,0.004132231404958678,0.004,242,250
attack_a0.5_s0_e1_bad4_rho1p0_s0,4,1.0,0,29,False,0.004,0.004,250,250
attack_a0.5_s0_e1_bad4_rho1p0_s0,4,1.0,0,30,False,0.06578947368421052,0.072,228,250
attack_a0.5_s0_e1_bad4_rho1p0_s0,4,1.0,0,31,False,0.07766990291262135,0.128,206,250
attack_a0.5_s0_e1_bad4_rho1p0_s0,4,1.0,0,32,False,0.47345132743362833,0.492,226,250
attack_a0.5_s0_e1_bad4_rho1p0_s0,4,1.0,0,33,False,0.11570247933884298,0.12,242,250
attack_a0.5_s0_e1_bad4_rho1p0_s0,4,1.0,0,34,False,0.07476635514018691,0.084,214,250
attack_a0.5_s0_e1_bad4_rho1p0_s0,4,1.0,0,35,False,0.2682926829268293,0.296,205,250
attack_a0.5_s0_e1_bad4_rho1p0_s0,4,1.0,0,36,False,0.012145748987854251,0.012,247,250
attack_a0.5_s0_e1_bad4_rho1p0_s0,4,1.0,0,37,False,0.004830917874396135,0.012,207,250
attack_a0.5_s0_e1_bad4_rho1p0_s0,4,1.0,0,38,False,0.08333333333333333,0.132,204,250
attack_a0.5_s0_e1_bad4_rho1p0_s0,4,1.0,0,39,False,0.2077922077922078,0.232,231,250
attack_a0.5_s0_e1_bad8_rho0p1_s0,8,0.1,0,0,False,0.42677824267782427,0.44,239,250
attack_a0.5_s0_e1_bad8_rho0p1_s0,8,0.1,0,1,False,0.7670682730923695,0.768,249,250
attack_a0.5_s0_e1_bad8_rho0p1_s0,8,0.1,0,2,False,1.0,1.0,157,250
attack_a0.5_s0_e1_bad8_rho0p1_s0,8,0.1,0,3,False,0.635,0.628,200,250
attack_a0.5_s0_e1_bad8_rho0p1_s0,8,0.1,0,4,False,0.7759336099585062,0.78,241,250
attack_a0.5_s0_e1_bad8_rho0p1_s0,8,0.1,0,5,False,0.8695652173913043,0.848,230,250
attack_a0.5_s0_e1_bad8_rho0p1_s0,8,0.1,0,6,True,0.9957446808510638,0.992,235,250
attack_a0.5_s0_e1_bad8_rho0p1_s0,8,0.1,0,7,True,1.0,1.0,173,250
attack_a0.5_s0_e1_bad8_rho0p1_s0,8,0.1,0,8,False,0.6125,0.608,240,250
attack_a0.5_s0_e1_bad8_rho0p1_s0,8,0.1,0,9,False,0.975103734439834,0.972,241,250
attack_a0.5_s0_e1_bad8_rho0p1_s0,8,0.1,0,10,False,0.916,0.916,250,250
attack_a0.5_s0_e1_bad8_rho0p1_s0,8,0.1,0,11,False,0.5606694560669456,0.572,239,250
attack_a0.5_s0_e1_bad8_rho0p1_s0,8,0.1,0,12,False,0.03225806451612903,0.032,248,250
attack_a0.5_s0_e1_bad8_rho0p1_s0,8,0.1,0,13,False,0.9588477366255144,0.956,243,250
attack_a0.5_s0_e1_bad8_rho0p1_s0,8,0.1,0,14,False,0.9932432432432432,0.992,148,250
attack_a0.5_s0_e1_bad8_rho0p1_s0,8,0.1,0,15,True,0.975609756097561,0.976,246,250
attack_a0.5_s0_e1_bad8_rho0p1_s0,8,0.1,0,16,False,0.940677966101695,0.944,236,250
attack_a0.5_s0_e1_bad8_rho0p1_s0,8,0.1,0,17,True,0.9861111111111112,0.984,216,250
attack_a0.5_s0_e1_bad8_rho0p1_s0,8,0.1,0,18,False,0.9959183673469387,0.996,245,250
attack_a0.5_s0_e1_bad8_rho0p1_s0,8,0.1,0,19,False,1.0,1.0,149,250
attack_a0.5_s0_e1_bad8_rho0p1_s0,8,0.1,0,20,False,0.5934959349593496,0.596,246,250
attack_a0.5_s0_e1_bad8_rho0p1_s0,8,0.1,0,21,True,1.0,1.0,148,250
attack_a0.5_s0_e1_bad8_rho0p1_s0,8,0.1,0,22,False,0.1285140562248996,0.132,249,250
attack_a0.5_s0_e1_bad8_rho0p1_s0,8,0.1,0,23,True,0.996,0.996,250,250
attack_a0.5_s0_e1_bad8_rho0p1_s0,8,0.1,0,24,False,0.9380165289256198,0.924,242,250
attack_a0.5_s0_e1_bad8_rho0p1_s0,8,0.1,0,25,False,0.9037656903765691,0.892,239,250
attack_a0.5_s0_e1_bad8_rho0p1_s0,8,0.1,0,26,True,0.9919678714859438,0.992,249,250
attack_a0.5_s0_e1_bad8_rho0p1_s0,8,0.1,0,27,False,0.832,0.832,250,250
attack_a0.5_s0_e1_bad8_rho0p1_s0,8,0.1,0,28,False,0.7272727272727273,0.736,242,250
attack_a0.5_s0_e1_bad8_rho0p1_s0,8,0.1,0,29,False,0.716,0.716,250,250
attack_a0.5_s0_e1_bad8_rho0p1_s0,8,0.1,0,30,False,0.9342105263157895,0.94,228,250
attack_a0.5_s0_e1_bad8_rho0p1_s0,8,0.1,0,31,False,0.941747572815534,0.948,206,250
attack_a0.5_s0_e1_bad8_rho0p1_s0,8,0.1,0,32,False,0.9557522123893806,0.952,226,250
attack_a0.5_s0_e1_bad8_rho0p1_s0,8,0.1,0,33,False,0.756198347107438,0.756,242,250
attack_a0.5_s0_e1_bad8_rho0p1_s0,8,0.1,0,34,False,1.0,1.0,214,250
attack_a0.5_s0_e1_bad8_rho0p1_s0,8,0.1,0,35,True,1.0,1.0,205,250
attack_a0.5_s0_e1_bad8_rho0p1_s0,8,0.1,0,36,False,0.8582995951417004,0.86,247,250
attack_a0.5_s0_e1_bad8_rho0p1_s0,8,0.1,0,37,False,0.9516908212560387,0.956,207,250
attack_a0.5_s0_e1_bad8_rho0p1_s0,8,0.1,0,38,False,1.0,1.0,204,250
attack_a0.5_s0_e1_bad8_rho0p1_s0,8,0.1,0,39,False,0.6190476190476191,0.612,231,250
attack_a0.5_s0_e1_bad8_rho0p25_s0,8,0.25,0,0,False,0.401673640167364,0.4,239,250
attack_a0.5_s0_e1_bad8_rho0p25_s0,8,0.25,0,1,False,0.28112449799196787,0.28,249,250
attack_a0.5_s0_e1_bad8_rho0p25_s0,8,0.25,0,2,False,1.0,1.0,157,250
attack_a0.5_s0_e1_bad8_rho0p25_s0,8,0.25,0,3,False,0.8,0.796,200,250
attack_a0.5_s0_e1_bad8_rho0p25_s0,8,0.25,0,4,False,0.991701244813278,0.992,241,250
attack_a0.5_s0_e1_bad8_rho0p25_s0,8,0.25,0,5,False,0.02608695652173913,0.028,230,250
attack_a0.5_s0_e1_bad8_rho0p25_s0,8,0.25,0,6,True,1.0,0.996,235,250
attack_a0.5_s0_e1_bad8_rho0p25_s0,8,0.25,0,7,True,1.0,1.0,173,250
attack_a0.5_s0_e1_bad8_rho0p25_s0,8,0.25,0,8,False,0.05,0.052,240,250
attack_a0.5_s0_e1_bad8_rho0p25_s0,8,0.25,0,9,False,0.9543568464730291,0.948,241,250
attack_a0.5_s0_e1_bad8_rho0p25_s0,8,0.25,0,10,False,0.488,0.488,250,250
attack_a0.5_s0_e1_bad8_rho0p25_s0,8,0.25,0,11,False,0.9456066945606695,0.94,239,250
attack_a0.5_s0_e1_bad8_rho0p25_s0,8,0.25,0,12,False,0.2862903225806452,0.284,248,250
attack_a0.5_s0_e1_bad8_rho0p25_s0,8,0.25,0,13,False,0.9094650205761317,0.908,243,250
attack_a0.5_s0_e1_bad8_rho0p25_s0,8,0.25,0,14,False,0.31756756756756754,0.336,148,250
attack_a0.5_s0_e1_bad8_rho0p25_s0,8,0.25,0,15,True,1.0,1.0,246,250
attack_a0.5_s0_e1_bad8_rho0p25_s0,8,0.25,0,16,False,0.13135593220338984,0.144,236,250
attack_a0.5_s0_e1_bad8_rho0p25_s0,8,0.25,0,17,True,1.0,1.0,216,250
attack_a0.5_s0_e1_bad8_rho0p25_s0,8,0.25,0,18,False,0.053061224489795916,0.068,245,250
attack_a0.5_s0_e1_bad8_rho0p25_s0,8,0.25,0,19,False,0.9731543624161074,0.984,149,250
attack_a0.5_s0_e1_bad8_rho0p25_s0,8,0.25,0,20,False,0.028455284552845527,0.028,246,250
attack_a0.5_s0_e1_bad8_rho0p25_s0,8,0.25,0,21,True,1.0,1.0,148,250
attack_a0.5_s0_e1_bad8_rho0p25_s0,8,0.25,0,22,False,0.07630522088353414,0.076,249,250
attack_a0.5_s0_e1_bad8_rho0p25_s0,8,0.25,0,23,True,1.0,1.0,250,250
attack_a0.5_s0_e1_bad8_rho0p25_s0,8,0.25,0,24,False,0.7024793388429752,0.7,242,250
attack_a0.5_s0_e1_bad8_rho0p25_s0,8,0.25,0,25,False,0.9205020920502092,0.908,239,250
attack_a0.5_s0_e1_bad8_rho0p25_s0,8,0.25,0,26,True,1.0,1.0,249,250
attack_a0.5_s0_e1_bad8_rho0p25_s0,8,0.25,0,27,False,0.352,0.352,250,250
attack_a0.5_s0_e1_bad8_rho0p25_s0,8,0.25,0,28,False,0.48760330578512395,0.484,242,250
attack_a0.5_s0_e1_bad8_rho0p25_s0,8,0.25,0,29,False,0.16,0.16,250,250
attack_a0.5_s0_e1_bad8_rho0p25_s0,8,0.25,0,30,False,0.7280701754385965,0.72,228,250
attack_a0.5_s0_e1_bad8_rho0p25_s0,8,0.25,0,31,False,0.9757281553398058,0.964,206,250
attack_a0.5_s0_e1_bad8_rho0p25_s0,8,0.25,0,32,False,0.9867256637168141,0.984,226,250
attack_a0.5_s0_e1_bad8_rho0p25_s0,8,0.25,0,33,False,0.30578512396694213,0.312,242,250
attack_a0.5_s0_e1_bad8_rho0p25_s0,8,0.25,0,34,False,0.9532710280373832,0.952,214,250
attack_a0.5_s0_e1_bad8_rho0p25_s0,8,0.25,0,35,True,1.0,1.0,205,250
attack_a0.5_s0_e1_bad8_rho0p25_s0,8,0.25,0,36,False,0.5303643724696356,0.532,247,250
attack_a0.5_s0_e1_bad8_rho0p25_s0,8,0.25,0,37,False,0.5120772946859904,0.512,207,250
attack_a0.5_s0_e1_bad8_rho0p25_s0,8,0.25,0,38,False,0.9901960784313726,0.992,204,250
attack_a0.5_s0_e1_bad8_rho0p25_s0,8,0.25,0,39,False,0.9307359307359307,0.928,231,250
attack_a0.5_s0_e1_bad8_rho0p5_s0,8,0.5,0,0,False,0.100418410041841,0.104,239,250
attack_a0.5_s0_e1_bad8_rho0p5_s0,8,0.5,0,1,False,0.05220883534136546,0.052,249,250
attack_a0.5_s0_e1_bad8_rho0p5_s0,8,0.5,0,2,False,0.9936305732484076,0.984,157,250
attack_a0.5_s0_e1_bad8_rho0p5_s0,8,0.5,0,3,False,0.27,0.268,200,250
attack_a0.5_s0_e1_bad8_rho0p5_s0,8,0.5,0,4,False,0.23236514522821577,0.248,241,250
attack_a0.5_s0_e1_bad8_rho0p5_s0,8,0.5,0,5,False,0.05652173913043478,0.068,230,250
attack_a0.5_s0_e1_bad8_rho0p5_s0,8,0.5,0,6,True,1.0,1.0,235,250
attack_a0.5_s0_e1_bad8_rho0p5_s0,8,0.5,0,7,True,1.0,1.0,173,250
attack_a0.5_s0_e1_bad8_rho0p5_s0,8,0.5,0,8,False,0.15,0.152,240,250
attack_a0.5_s0_e1_bad8_rho0p5_s0,8,0.5,0,9,False,0.16182572614107885,0.168,241,250
attack_a0.5_s0_e1_bad8_rho0p5_s0,8,0.5,0,10,False,0.044,0.044,250,250
attack_a0.5_s0_e1_bad8_rho0p5_s0,8,0.5,0,11,False,0.2217573221757322,0.236,239,250
attack_a0.5_s0_e1_bad8_rho0p5_s0,8,0.5,0,12,False,0.004032258064516129,0.004,248,250
attack_a0.5_s0_e1_bad8_rho0p5_s0,8,0.5,0,13,False,0.22633744855967078,0.224,243,250
attack_a0.5_s0_e1_bad8_rho0p5_s0,8,0.5,0,14,False,0.6013513513513513,0.568,148,250
attack_a0.5_s0_e1_bad8_rho0p5_s0,8,0.5,0,15,True,1.0,1.0,246,250
attack_a0.5_s0_e1_bad8_rho0p5_s0,8,0.5,0,16,False,0.059322033898305086,0.064,236,250
attack_a0.5_s0_e1_bad8_rho0p5_s0,8,0.5,0,17,True,1.0,1.0,216,250
attack_a0.5_s0_e1_bad8_rho0p5_s0,8,0.5,0,18,False,0.33877551020408164,0.336,245,250
attack_a0.5_s0_e1_bad8_rho0p5_s0,8,0.5,0,19,False,0.5973154362416108,0.704,149,250
attack_a0.5_s0_e1_bad8_rho0p5_s0,8,0.5,0,20,False,0.012195121951219513,0.012,246,250
attack_a0.5_s0_e1_bad8_rho0p5_s0,8,0.5,0,21,True,1.0,1.0,148,250
attack_a0.5_s0_e1_bad8_rho0p5_s0,8,0.5,0,22,False,0.028112449799196786,0.028,249,250
attack_a0.5_s0_e1_bad8_rho0p5_s0,8,0.5,0,23,True,1.0,1.0,250,250
attack_a0.5_s0_e1_bad8_rho0p5_s0,8,0.5,0,24,False,0.21074380165289255,0.208,242,250
attack_a0.5_s0_e1_bad8_rho0p5_s0,8,0.5,0,25,False,0.02510460251046025,0.032,239,250
attack_a0.5_s0_e1_bad8_rho0p5_s0,8,0.5,0,26,True,1.0,1.0,249,250
attack_a0.5_s0_e1_bad8_rho0p5_s0,8,0.5,0,27,False,0.044,0.044,250,250
attack_a0.5_s0_e1_bad8_rho0p5_s0,8,0.5,0,28,False,0.09090909090909091,0.088,242,250
attack_a0.5_s0_e1_bad8_rho0p5_s0,8,0.5,0,29,False,0.044,0.044,250,250
attack_a0.5_s0_e1_bad8_rho0p5_s0,8,0.5,0,30,False,0.7587719298245614,0.776,228,250
attack_a0.5_s0_e1_bad8_rho0p5_s0,8,0.5,0,31,False,0.6407766990291263,0.616,206,250
attack_a0.5_s0_e1_bad8_rho0p5_s0,8,0.5,0,32,False,0.4911504424778761,0.508,226,250
attack_a0.5_s0_e1_bad8_rho0p5_s0,8,0.5,0,33,False,0.08677685950413223,0.084,242,250
attack_a0.5_s0_e1_bad8_rho0p5_s0,8,0.5,0,34,False,0.9532710280373832,0.956,214,250
attack_a0.5_s0_e1_bad8_rho0p5_s0,8,0.5,0,35,True,1.0,1.0,205,250
attack_a0.5_s0_e1_bad8_rho0p5_s0,8,0.5,0,36,False,0.5789473684210527,0.584,247,250
attack_a0.5_s0_e1_bad8_rho0p5_s0,8,0.5,0,37,False,0.6763285024154589,0.688,207,250
attack_a0.5_s0_e1_bad8_rho0p5_s0,8,0.5,0,38,False,0.3872549019607843,0.448,204,250
attack_a0.5_s0_e1_bad8_rho0p5_s0,8,0.5,0,39,False,0.3463203463203463,0.38,231,250
attack_a0.5_s0_e1_bad8_rho1p0_s0,8,1.0,0,0,False,0.012552301255230125,0.012,239,250
attack_a0.5_s0_e1_bad8_rho1p0_s0,8,1.0,0,1,False,0.0,0.0,249,250
attack_a0.5_s0_e1_bad8_rho1p0_s0,8,1.0,0,2,False,0.28662420382165604,0.44,157,250
attack_a0.5_s0_e1_bad8_rho1p0_s0,8,1.0,0,3,False,0.095,0.116,200,250
attack_a0.5_s0_e1_bad8_rho1p0_s0,8,1.0,0,4,False,0.024896265560165973,0.024,241,250
attack_a0.5_s0_e1_bad8_rho1p0_s0,8,1.0,0,5,False,0.02608695652173913,0.028,230,250
attack_a0.5_s0_e1_bad8_rho1p0_s0,8,1.0,0,6,True,1.0,1.0,235,250
attack_a0.5_s0_e1_bad8_rho1p0_s0,8,1.0,0,7,True,1.0,1.0,173,250
attack_a0.5_s0_e1_bad8_rho1p0_s0,8,1.0,0,8,False,0.020833333333333332,0.024,240,250
attack_a0.5_s0_e1_bad8_rho1p0_s0,8,1.0,0,9,False,0.02074688796680498,0.02,241,250
attack_a0.5_s0_e1_bad8_rho1p0_s0,8,1.0,0,10,False,0.0,0.0,250,250
attack_a0.5_s0_e1_bad8_rho1p0_s0,8,1.0,0,11,False,0.016736401673640166,0.02,239,250
attack_a0.5_s0_e1_bad8_rho1p0_s0,8,1.0,0,12,False,0.0,0.0,248,250
attack_a0.5_s0_e1_bad8_rho1p0_s0,8,1.0,0,13,False,0.14814814814814814,0.144,243,250
attack_a0.5_s0_e1_bad8_rho1p0_s0,8,1.0,0,14,False,0.05405405405405406,0.032,148,250
attack_a0.5_s0_e1_bad8_rho1p0_s0,8,1.0,0,15,True,1.0,1.0,246,250
attack_a0.5_s0_e1_bad8_rho1p0_s0,8,1.0,0,16,False,0.01694915254237288,0.016,236,250
attack_a0.5_s0_e1_bad8_rho1p0_s0,8,1.0,0,17,True,1.0,1.0,216,250
attack_a0.5_s0_e1_bad8_rho1p0_s0,8,1.0,0,18,False,0.053061224489795916,0.052,245,250
attack_a0.5_s0_e1_bad8_rho1p0_s0,8,1.0,0,19,False,0.18120805369127516,0.324,149,250
attack_a0.5_s0_e1_bad8_rho1p0_s0,8,1.0,0,20,False,0.0040650406504065045,0.004,246,250
attack_a0.5_s0_e1_bad8_rho1p0_s0,8,1.0,0,21,True,1.0,1.0,148,250
attack_a0.5_s0_e1_bad8_rho1p0_s0,8,1.0,0,22,False,0.0,0.0,249,250
attack_a0.5_s0_e1_bad8_rho1p0_s0,8,1.0,0,23,True,1.0,1.0,250,250
attack_a0.5_s0_e1_bad8_rho1p0_s0,8,1.0,0,24,False,0.01652892561983471,0.016,242,250
attack_a0.5_s0_e1_bad8_rho1p0_s0,8,1.0,0,25,False,0.03347280334728033,0.048,239,250
attack_a0.5_s0_e1_bad8_rho1p0_s0,8,1.0,0,26,True,1.0,1.0,249,250
attack_a0.5_s0_e1_bad8_rho1p0_s0,8,1.0,0,27,False,0.004,0.004,250,250
attack_a0.5_s0_e1_bad8_rho1p0_s0,8,1.0,0,28,False,0.01652892561983471,0.02,242,250
attack_a0.5_s0_e1_bad8_rho1p0_s0,8,1.0,0,29,False,0.0,0.0,250,250
attack_a0.5_s0_e1_bad8_rho1p0_s0,8,1.0,0,30,False,0.0043859649122807015,0.004,228,250
attack_a0.5_s0_e1_bad8_rho1p0_s0,8,1.0,0,31,False,0.014563106796116505,0.024,206,250
attack_a0.5_s0_e1_bad8_rho1p0_s0,8,1.0,0,32,False,0.19911504424778761,0.232,226,250
attack_a0.5_s0_e1_bad8_rho1p0_s0,8,1.0,0,33,False,0.04132231404958678,0.044,242,250
attack_a0.5_s0_e1_bad8_rho1p0_s0,8,1.0,0,34,False,0.20093457943925233,0.224,214,250
attack_a0.5_s0_e1_bad8_rho1p0_s0,8,1.0,0,35,True,1.0,1.0,205,250
attack_a0.5_s0_e1_bad8_rho1p0_s0,8,1.0,0,36,False,0.012145748987854251,0.012,247,250
attack_a0.5_s0_e1_bad8_rho1p0_s0,8,1.0,0,37,False,0.42995169082125606,0.42,207,250
attack_a0.5_s0_e1_bad8_rho1p0_s0,8,1.0,0,38,False,0.29411764705882354,0.36,204,250
attack_a0.5_s0_e1_bad8_rho1p0_s0,8,1.0,0,39,False,0.06060606060606061,0.06,231,250
attack_a0.5_s1_e1_bad1_rho0p5_s1,1,0.5,1,0,False,0.07655502392344497,0.16,209,250
attack_a0.5_s1_e1_bad1_rho0p5_s1,1,0.5,1,1,False,0.2109704641350211,0.212,237,250
attack_a0.5_s1_e1_bad1_rho0p5_s1,1,0.5,1,2,False,0.008097165991902834,0.008,247,250
attack_a0.5_s1_e1_bad1_rho0p5_s1,1,0.5,1,3,False,0.7101449275362319,0.708,207,250
attack_a0.5_s1_e1_bad1_rho0p5_s1,1,0.5,1,4,False,0.025380710659898477,0.04,197,250
attack_a0.5_s1_e1_bad1_rho0p5_s1,1,0.5,1,5,False,0.008583690987124463,0.008,233,250
attack_a0.5_s1_e1_bad1_rho0p5_s1,1,0.5,1,6,False,0.032388663967611336,0.032,247,250
attack_a0.5_s1_e1_bad1_rho0p5_s1,1,0.5,1,7,False,0.00411522633744856,0.004,243,250
attack_a0.5_s1_e1_bad1_rho0p5_s1,1,0.5,1,8,False,0.40609137055837563,0.44,197,250
attack_a0.5_s1_e1_bad1_rho0p5_s1,1,0.5,1,9,False,0.14937759336099585,0.164,241,250
attack_a0.5_s1_e1_bad1_rho0p5_s1,1,0.5,1,10,False,0.028925619834710745,0.028,242,250
attack_a0.5_s1_e1_bad1_rho0p5_s1,1,0.5,1,11,False,0.5405405405405406,0.536,222,250
attack_a0.5_s1_e1_bad1_rho0p5_s1,1,0.5,1,12,False,0.024489795918367346,0.024,245,250
attack_a0.5_s1_e1_bad1_rho0p5_s1,1,0.5,1,13,False,0.008658008658008658,0.008,231,250
attack_a0.5_s1_e1_bad1_rho0p5_s1,1,0.5,1,14,False,0.16260162601626016,0.172,246,250
attack_a0.5_s1_e1_bad1_rho0p5_s1,1,0.5,1,15,False,0.17012448132780084,0.184,241,250
attack_a0.5_s1_e1_bad1_rho0p5_s1,1,0.5,1,16,False,0.0041841004184100415,0.008,239,250
attack_a0.5_s1_e1_bad1_rho0p5_s1,1,0.5,1,17,False,0.4418604651162791,0.432,215,250
attack_a0.5_s1_e1_bad1_rho0p5_s1,1,0.5,1,18,False,0.07234042553191489,0.08,235,250
attack_a0.5_s1_e1_bad1_rho0p5_s1,1,0.5,1,19,False,0.0,0.008,229,250
attack_a0.5_s1_e1_bad1_rho0p5_s1,1,0.5,1,20,True,0.9823008849557522,0.976,226,250
attack_a0.5_s1_e1_bad1_rho0p5_s1,1,0.5,1,21,False,0.02727272727272727,0.04,220,250
attack_a0.5_s1_e1_bad1_rho0p5_s1,1,0.5,1,22,False,0.13145539906103287,0.188,213,250
attack_a0.5_s1_e1_bad1_rho0p5_s1,1,0.5,1,23,False,0.49743589743589745,0.544,195,250
attack_a0.5_s1_e1_bad1_rho0p5_s1,1,0.5,1,24,False,0.1016260162601626,0.1,246,250
attack_a0.5_s1_e1_bad1_rho0p5_s1,1,0.5,1,25,False,0.14285714285714285,0.148,238,250
attack_a0.5_s1_e1_bad1_rho0p5_s1,1,0.5,1,26,False,0.16494845360824742,0.144,194,250
attack_a0.5_s1_e1_bad1_rho0p5_s1,1,0.5,1,27,False,0.02040816326530612,0.024,245,250
attack_a0.5_s1_e1_bad1_rho0p5_s1,1,0.5,1,28,False,0.2288135593220339,0.24,236,250
attack_a0.5_s1_e1_bad1_rho0p5_s1,1,0.5,1,29,False,0.04,0.08,225,250
attack_a0.5_s1_e1_bad1_rho0p5_s1,1,0.5,1,30,False,0.03463203463203463,0.04,231,250
attack_a0.5_s1_e1_bad1_rho0p5_s1,1,0.5,1,31,False,0.8682170542635659,0.84,129,250
attack_a0.5_s1_e1_bad1_rho0p5_s1,1,0.5,1,32,False,0.48130841121495327,0.536,214,250
attack_a0.5_s1_e1_bad1_rho0p5_s1,1,0.5,1,33,False,0.06611570247933884,0.072,242,250
attack_a0.5_s1_e1_bad1_rho0p5_s1,1,0.5,1,34,False,0.08943089430894309,0.088,246,250
attack_a0.5_s1_e1_bad1_rho0p5_s1,1,0.5,1,35,False,0.12857142857142856,0.168,210,250
attack_a0.5_s1_e1_bad1_rho0p5_s1,1,0.5,1,36,False,0.0,0.0,187,250
attack_a0.5_s1_e1_bad1_rho0p5_s1,1,0.5,1,37,False,0.23376623376623376,0.24,231,250
attack_a0.5_s1_e1_bad1_rho0p5_s1,1,0.5,1,38,False,0.058577405857740586,0.068,239,250
attack_a0.5_s1_e1_bad1_rho0p5_s1,1,0.5,1,39,False,0.008695652173913044,0.012,230,250
attack_a0.5_s1_e1_bad2_rho0p5_s1,2,0.5,1,0,False,0.45933014354066987,0.528,209,250
attack_a0.5_s1_e1_bad2_rho0p5_s1,2,0.5,1,1,False,0.23628691983122363,0.224,237,250
attack_a0.5_s1_e1_bad2_rho0p5_s1,2,0.5,1,2,False,0.004048582995951417,0.004,247,250
attack_a0.5_s1_e1_bad2_rho0p5_s1,2,0.5,1,3,False,0.7584541062801933,0.748,207,250
attack_a0.5_s1_e1_bad2_rho0p5_s1,2,0.5,1,4,False,0.30456852791878175,0.396,197,250
attack_a0.5_s1_e1_bad2_rho0p5_s1,2,0.5,1,5,False,0.7381974248927039,0.716,233,250
attack_a0.5_s1_e1_bad2_rho0p5_s1,2,0.5,1,6,False,0.08502024291497975,0.084,247,250
attack_a0.5_s1_e1_bad2_rho0p5_s1,2,0.5,1,7,False,0.24691358024691357,0.248,243,250
attack_a0.5_s1_e1_bad2_rho0p5_s1,2,0.5,1,8,False,0.7157360406091371,0.728,197,250
attack_a0.5_s1_e1_bad2_rho0p5_s1,2,0.5,1,9,False,0.04564315352697095,0.052,241,250
attack_a0.5_s1_e1_bad2_rho0p5_s1,2,0.5,1,10,False,0.07024793388429752,0.08,242,250
attack_a0.5_s1_e1_bad2_rho0p5_s1,2,0.5,1,11,False,0.5180180180180181,0.516,222,250
attack_a0.5_s1_e1_bad2_rho0p5_s1,2,0.5,1,12,True,1.0,1.0,245,250
attack_a0.5_s1_e1_bad2_rho0p5_s1,2,0.5,1,13,False,0.0,0.0,231,250
attack_a0.5_s1_e1_bad2_rho0p5_s1,2,0.5,1,14,False,0.33739837398373984,0.344,246,250
attack_a0.5_s1_e1_bad2_rho0p5_s1,2,0.5,1,15,False,0.06639004149377593,0.084,241,250
attack_a0.5_s1_e1_bad2_rho0p5_s1,2,0.5,1,16,False,0.3305439330543933,0.34,239,250
attack_a0.5_s1_e1_bad2_rho0p5_s1,2,0.5,1,17,False,0.6325581395348837,0.62,215,250
attack_a0.5_s1_e1_bad2_rho0p5_s1,2,0.5,1,18,False,0.3872340425531915,0.4,235,250
attack_a0.5_s1_e1_bad2_rho0p5_s1,2,0.5,1,19,False,0.026200873362445413,0.024,229,250
attack_a0.5_s1_e1_bad2_rho0p5_s1,2,0.5,1,20,True,1.0,1.0,226,250
attack_a0.5_s1_e1_bad2_rho0p5_s1,2,0.5,1,21,False,0.004545454545454545,0.008,220,250
attack_a0.5_s1_e1_bad2_rho0p5_s1,2,0.5,1,22,False,0.5258215962441315,0.532,213,250
attack_a0.5_s1_e1_bad2_rho0p5_s1,2,0.5,1,23,False,0.6205128205128205,0.684,195,250
attack_a0.5_s1_e1_bad2_rho0p5_s1,2,0.5,1,24,False,0.45934959349593496,0.456,246,250
attack_a0.5_s1_e1_bad2_rho0p5_s1,2,0.5,1,25,False,0.592436974789916,0.6,238,250
attack_a0.5_s1_e1_bad2_rho0p5_s1,2,0.5,1,26,False,0.9278350515463918,0.892,194,250
attack_a0.5_s1_e1_bad2_rho0p5_s1,2,0.5,1,27,False,0.09795918367346938,0.1,245,250
attack_a0.5_s1_e1_bad2_rho0p5_s1,2,0.5,1,28,False,0.025423728813559324,0.028,236,250
attack_a0.5_s1_e1_bad2_rho0p5_s1,2,0.5,1,29,False,0.08444444444444445,0.108,225,250
attack_a0.5_s1_e1_bad2_rho0p5_s1,2,0.5,1,30,False,0.37662337662337664,0.388,231,250
attack_a0.5_s1_e1_bad2_rho0p5_s1,2,0.5,1,31,False,0.7984496124031008,0.796,129,250
attack_a0.5_s1_e1_bad2_rho0p5_s1,2,0.5,1,32,False,0.37383177570093457,0.42,214,250
attack_a0.5_s1_e1_bad2_rho0p5_s1,2,0.5,1,33,False,0.08677685950413223,0.092,242,250
attack_a0.5_s1_e1_bad2_rho0p5_s1,2,0.5,1,34,False,0.4065040650406504,0.408,246,250
attack_a0.5_s1_e1_bad2_rho0p5_s1,2,0.5,1,35,False,0.2904761904761905,0.352,210,250
attack_a0.5_s1_e1_bad2_rho0p5_s1,2,0.5,1,36,False,0.10160427807486631,0.084,187,250
attack_a0.5_s1_e1_bad2_rho0p5_s1,2,0.5,1,37,False,0.42424242424242425,0.432,231,250
attack_a0.5_s1_e1_bad2_rho0p5_s1,2,0.5,1,38,False,0.3389121338912134,0.344,239,250
attack_a0.5_s1_e1_bad2_rho0p5_s1,2,0.5,1,39,False,0.11304347826086956,0.116,230,250
attack_a0.5_s1_e1_bad4_rho0p1_s1,4,0.1,1,0,False,0.9712918660287081,0.976,209,250
attack_a0.5_s1_e1_bad4_rho0p1_s1,4,0.1,1,1,False,0.7637130801687764,0.764,237,250
attack_a0.5_s1_e1_bad4_rho0p1_s1,4,0.1,1,2,False,0.7732793522267206,0.776,247,250
attack_a0.5_s1_e1_bad4_rho0p1_s1,4,0.1,1,3,False,0.8792270531400966,0.868,207,250
attack_a0.5_s1_e1_bad4_rho0p1_s1,4,0.1,1,4,True,1.0,1.0,197,250
attack_a0.5_s1_e1_bad4_rho0p1_s1,4,0.1,1,5,False,0.8326180257510729,0.824,233,250
attack_a0.5_s1_e1_bad4_rho0p1_s1,4,0.1,1,6,False,0.951417004048583,0.952,247,250
attack_a0.5_s1_e1_bad4_rho0p1_s1,4,0.1,1,7,False,0.7448559670781894,0.744,243,250
attack_a0.5_s1_e1_bad4_rho0p1_s1,4,0.1,1,8,False,0.48223350253807107,0.572,197,250
attack_a0.5_s1_e1_bad4_rho0p1_s1,4,0.1,1,9,False,0.42323651452282157,0.428,241,250
attack_a0.5_s1_e1_bad4_rho0p1_s1,4,0.1,1,10,False,0.9793388429752066,0.98,242,250
attack_a0.5_s1_e1_bad4_rho0p1_s1,4,0.1,1,11,False,0.9414414414414415,0.94,222,250
attack_a0.5_s1_e1_bad4_rho0p1_s1,4,0.1,1,12,True,1.0,1.0,245,250
attack_a0.5_s1_e1_bad4_rho0p1_s1,4,0.1,1,13,False,0.7359307359307359,0.736,231,250
attack_a0.5_s1_e1_bad4_rho0p1_s1,4,0.1,1,14,False,0.9512195121951219,0.952,246,250
attack_a0.5_s1_e1_bad4_rho0p1_s1,4,0.1,1,15,False,0.941908713692946,0.94,241,250
attack_a0.5_s1_e1_bad4_rho0p1_s1,4,0.1,1,16,False,0.9079497907949791,0.904,239,250
attack_a0.5_s1_e1_bad4_rho0p1_s1,4,0.1,1,17,False,0.9348837209302325,0.944,215,250
attack_a0.5_s1_e1_bad4_rho0p1_s1,4,0.1,1,18,False,0.07659574468085106,0.08,235,250
attack_a0.5_s1_e1_bad4_rho0p1_s1,4,0.1,1,19,False,0.056768558951965066,0.08,229,250
attack_a0.5_s1_e1_bad4_rho0p1_s1,4,0.1,1,20,True,0.9867256637168141,0.988,226,250
attack_a0.5_s1_e1_bad4_rho0p1_s1,4,0.1,1,21,False,0.9,0.904,220,250
attack_a0.5_s1_e1_bad4_rho0p1_s1,4,0.1,1,22,False,0.9061032863849765,0.908,213,250
attack_a0.5_s1_e1_bad4_rho0p1_s1,4,0.1,1,23,False,0.8666666666666667,0.872,195,250
attack_a0.5_s1_e1_bad4_rho0p1_s1,4,0.1,1,24,False,0.7154471544715447,0.716,246,250
attack_a0.5_s1_e1_bad4_rho0p1_s1,4,0.1,1,25,False,0.6176470588235294,0.632,238,250
attack_a0.5_s1_e1_bad4_rho0p1_s1,4,0.1,1,26,False,0.6030927835051546,0.624,194,250
attack_a0.5_s1_e1_bad4_rho0p1_s1,4,0.1,1,27,False,0.9306122448979591,0.932,245,250
attack_a0.5_s1_e1_bad4_rho0p1_s1,4,0.1,1,28,False,0.9279661016949152,0.928,236,250
attack_a0.5_s1_e1_bad4_rho0p1_s1,4,0.1,1,29,False,0.96,0.96,225,250
attack_a0.5_s1_e1_bad4_rho0p1_s1,4,0.1,1,30,False,0.9177489177489178,0.92,231,250
attack_a0.5_s1_e1_bad4_rho0p1_s1,4,0.1,1,31,False,0.9457364341085271,0.948,129,250
attack_a0.5_s1_e1_bad4_rho0p1_s1,4,0.1,1,32,False,0.7616822429906542,0.776,214,250
attack_a0.5_s1_e1_bad4_rho0p1_s1,4,0.1,1,33,False,0.7933884297520661,0.792,242,250
attack_a0.5_s1_e1_bad4_rho0p1_s1,4,0.1,1,34,False,0.8658536585365854,0.868,246,250
attack_a0.5_s1_e1_bad4_rho0p1_s1,4,0.1,1,35,False,0.9428571428571428,0.924,210,250
attack_a0.5_s1_e1_bad4_rho0p1_s1,4,0.1,1,36,False,0.42245989304812837,0.428,187,250
attack_a0.5_s1_e1_bad4_rho0p1_s1,4,0.1,1,37,False,0.8354978354978355,0.824,231,250
attack_a0.5_s1_e1_bad4_rho0p1_s1,4,0.1,1,38,True,1.0,1.0,239,250
attack_a0.5_s1_e1_bad4_rho0p1_s1,4,0.1,1,39,False,0.908695652173913,0.904,230,250
attack_a0.5_s1_e1_bad4_rho0p25_s1,4,0.25,1,0,False,0.7703349282296651,0.788,209,250
attack_a0.5_s1_e1_bad4_rho0p25_s1,4,0.25,1,1,False,0.5274261603375527,0.504,237,250
attack_a0.5_s1_e1_bad4_rho0p25_s1,4,0.25,1,2,False,0.7489878542510121,0.744,247,250
attack_a0.5_s1_e1_bad4_rho0p25_s1,4,0.25,1,3,False,0.7922705314009661,0.772,207,250
attack_a0.5_s1_e1_bad4_rho0p25_s1,4,0.25,1,4,True,1.0,0.98,197,250
attack_a0.5_s1_e1_bad4_rho0p25_s1,4,0.25,1,5,False,0.6437768240343348,0.62,233,250
attack_a0.5_s1_e1_bad4_rho0p25_s1,4,0.25,1,6,False,0.7004048582995951,0.692,247,250
attack_a0.5_s1_e1_bad4_rho0p25_s1,4,0.25,1,7,False,0.0205761316872428,0.02,243,250
attack_a0.5_s1_e1_bad4_rho0p25_s1,4,0.25,1,8,False,0.8020304568527918,0.836,197,250
attack_a0.5_s1_e1_bad4_rho0p25_s1,4,0.25,1,9,False,0.8962655601659751,0.888,241,250
attack_a0.5_s1_e1_bad4_rho0p25_s1,4,0.25,1,10,False,0.8925619834710744,0.896,242,250
attack_a0.5_s1_e1_bad4_rho0p25_s1,4,0.25,1,11,False,0.8738738738738738,0.86,222,250
attack_a0.5_s1_e1_bad4_rho0p25_s1,4,0.25,1,12,True,1.0,1.0,245,250
attack_a0.5_s1_e1_bad4_rho0p25_s1,4,0.25,1,13,False,0.33766233766233766,0.344,231,250
attack_a0.5_s1_e1_bad4_rho0p25_s1,4,0.25,1,14,False,0.6138211382113821,0.62,246,250
attack_a0.5_s1_e1_bad4_rho0p25_s1,4,0.25,1,15,False,0.8921161825726142,0.884,241,250
attack_a0.5_s1_e1_bad4_rho0p25_s1,4,0.25,1,16,False,0.6108786610878661,0.608,239,250
attack_a0.5_s1_e1_bad4_rho0p25_s1,4,0.25,1,17,False,0.9674418604651163,0.972,215,250
attack_a0.5_s1_e1_bad4_rho0p25_s1,4,0.25,1,18,False,0.029787234042553193,0.04,235,250
attack_a0.5_s1_e1_bad4_rho0p25_s1,4,0.25,1,19,False,0.35807860262008734,0.348,229,250
attack_a0.5_s1_e1_bad4_rho0p25_s1,4,0.25,1,20,True,1.0,1.0,226,250
attack_a0.5_s1_e1_bad4_rho0p25_s1,4,0.25,1,21,False,0.990909090909091,0.988,220,250
attack_a0.5_s1_e1_bad4_rho0p25_s1,4,0.25,1,22,False,0.676056338028169,0.668,213,250
attack_a0.5_s1_e1_bad4_rho0p25_s1,4,0.25,1,23,False,0.9846153846153847,0.984,195,250
attack_a0.5_s1_e1_bad4_rho0p25_s1,4,0.25,1,24,False,0.21138211382113822,0.216,246,250
attack_a0.5_s1_e1_bad4_rho0p25_s1,4,0.25,1,25,False,0.31932773109243695,0.328,238,250
attack_a0.5_s1_e1_bad4_rho0p25_s1,4,0.25,1,26,False,0.8865979381443299,0.868,194,250
attack_a0.5_s1_e1_bad4_rho0p25_s1,4,0.25,1,27,False,0.5265306122448979,0.532,245,250
attack_a0.5_s1_e1_bad4_rho0p25_s1,4,0.25,1,28,False,0.3855932203389831,0.38,236,250
attack_a0.5_s1_e1_bad4_rho0p25_s1,4,0.25,1,29,False,0.8622222222222222,0.868,225,250
attack_a0.5_s1_e1_bad4_rho0p25_s1,4,0.25,1,30,False,0.9783549783549783,0.976,231,250
attack_a0.5_s1_e1_bad4_rho0p25_s1,4,0.25,1,31,False,0.7829457364341085,0.828,129,250
attack_a0.5_s1_e1_bad4_rho0p25_s1,4,0.25,1,32,False,0.794392523364486,0.82,214,250
attack_a0.5_s1_e1_bad4_rho0p25_s1,4,0.25,1,33,False,0.4380165289256198,0.436,242,250
attack_a0.5_s1_e1_bad4_rho0p25_s1,4,0.25,1,34,False,0.8373983739837398,0.832,246,250
attack_a0.5_s1_e1_bad4_rho0p25_s1,4,0.25,1,35,False,0.9904761904761905,0.988,210,250
attack_a0.5_s1_e1_bad4_rho0p25_s1,4,0.25,1,36,False,0.8235294117647058,0.764,187,250
attack_a0.5_s1_e1_bad4_rho0p25_s1,4,0.25,1,37,False,0.9913419913419913,0.98,231,250
attack_a0.5_s1_e1_bad4_rho0p25_s1,4,0.25,1,38,True,0.99581589958159,0.984,239,250
attack_a0.5_s1_e1_bad4_rho0p25_s1,4,0.25,1,39,False,0.5434782608695652,0.564,230,250
attack_a0.5_s1_e1_bad4_rho0p5_s1,4,0.5,1,0,False,0.8899521531100478,0.896,209,250
attack_a0.5_s1_e1_bad4_rho0p5_s1,4,0.5,1,1,False,0.18565400843881857,0.176,237,250
attack_a0.5_s1_e1_bad4_rho0p5_s1,4,0.5,1,2,False,0.6396761133603239,0.636,247,250
attack_a0.5_s1_e1_bad4_rho0p5_s1,4,0.5,1,3,False,0.463768115942029,0.492,207,250
attack_a0.5_s1_e1_bad4_rho0p5_s1,4,0.5,1,4,True,1.0,1.0,197,250
attack_a0.5_s1_e1_bad4_rho0p5_s1,4,0.5,1,5,False,0.1630901287553648,0.16,233,250
attack_a0.5_s1_e1_bad4_rho0p5_s1,4,0.5,1,6,False,0.38866396761133604,0.388,247,250
attack_a0.5_s1_e1_bad4_rho0p5_s1,4,0.5,1,7,False,0.0205761316872428,0.02,243,250
attack_a0.5_s1_e1_bad4_rho0p5_s1,4,0.5,1,8,False,0.5685279187817259,0.616,197,250
attack_a0.5_s1_e1_bad4_rho0p5_s1,4,0.5,1,9,False,0.5103734439834025,0.508,241,250
attack_a0.5_s1_e1_bad4_rho0p5_s1,4,0.5,1,10,False,0.3347107438016529,0.348,242,250
attack_a0.5_s1_e1_bad4_rho0p5_s1,4,0.5,1,11,False,0.6396396396396397,0.624,222,250
attack_a0.5_s1_e1_bad4_rho0p5_s1,4,0.5,1,12,True,1.0,0.996,245,250
attack_a0.5_s1_e1_bad4_rho0p5_s1,4,0.5,1,13,False,0.04329004329004329,0.052,231,250
attack_a0.5_s1_e1_bad4_rho0p5_s1,4,0.5,1,14,False,0.4065040650406504,0.412,246,250
attack_a0.5_s1_e1_bad4_rho0p5_s1,4,0.5,1,15,False,0.7800829875518672,0.784,241,250
attack_a0.5_s1_e1_bad4_rho0p5_s1,4,0.5,1,16,False,0.694560669456067,0.7,239,250
attack_a0.5_s1_e1_bad4_rho0p5_s1,4,0.5,1,17,False,0.8186046511627907,0.82,215,250
attack_a0.5_s1_e1_bad4_rho0p5_s1,4,0.5,1,18,False,0.32340425531914896,0.328,235,250
attack_a0.5_s1_e1_bad4_rho0p5_s1,4,0.5,1,19,False,0.14847161572052403,0.164,229,250
attack_a0.5_s1_e1_bad4_rho0p5_s1,4,0.5,1,20,True,1.0,1.0,226,250
attack_a0.5_s1_e1_bad4_rho0p5_s1,4,0.5,1,21,False,0.9772727272727273,0.976,220,250
attack_a0.5_s1_e1_bad4_rho0p5_s1,4,0.5,1,22,False,0.9014084507042254,0.908,213,250
attack_a0.5_s1_e1_bad4_rho0p5_s1,4,0.5,1,23,False,0.28717948717948716,0.324,195,250
attack_a0.5_s1_e1_bad4_rho0p5_s1,4,0.5,1,24,False,0.34146341463414637,0.344,246,250
attack_a0.5_s1_e1_bad4_rho0p5_s1,4,0.5,1,25,False,0.08823529411764706,0.088,238,250
attack_a0.5_s1_e1_bad4_rho0p5_s1,4,0.5,1,26,False,0.30927835051546393,0.332,194,250
attack_a0.5_s1_e1_bad4_rho0p5_s1,4,0.5,1,27,False,0.689795918367347,0.692,245,250
attack_a0.5_s1_e1_bad4_rho0p5_s1,4,0.5,1,28,False,0.3940677966101695,0.392,236,250
attack_a0.5_s1_e1_bad4_rho0p5_s1,4,0.5,1,29,False,0.7511111111111111,0.768,225,250
attack_a0.5_s1_e1_bad4_rho0p5_s1,4,0.5,1,30,False,0.5151515151515151,0.536,231,250
attack_a0.5_s1_e1_bad4_rho0p5_s1,4,0.5,1,31,False,0.8372093023255814,0.828,129,250
attack_a0.5_s1_e1_bad4_rho0p5_s1,4,0.5,1,32,False,0.6869158878504673,0.716,214,250
attack_a0.5_s1_e1_bad4_rho0p5_s1,4,0.5,1,33,False,0.6446280991735537,0.636,242,250
attack_a0.5_s1_e1_bad4_rho0p5_s1,4,0.5,1,34,False,0.7195121951219512,0.716,246,250
attack_a0.5_s1_e1_bad4_rho0p5_s1,4,0.5,1,35,False,0.5,0.512,210,250
attack_a0.5_s1_e1_bad4_rho0p5_s1,4,0.5,1,36,False,0.25668449197860965,0.284,187,250
attack_a0.5_s1_e1_bad4_rho0p5_s1,4,0.5,1,37,False,0.42424242424242425,0.416,231,250
attack_a0.5_s1_e1_bad4_rho0p5_s1,4,0.5,1,38,True,1.0,1.0,239,250
attack_a0.5_s1_e1_bad4_rho0p5_s1,4,0.5,1,39,False,0.7086956521739131,0.712,230,250
attack_a0.5_s1_e1_bad4_rho1p0_s1,4,1.0,1,0,False,0.3444976076555024,0.396,209,250
attack_a0.5_s1_e1_bad4_rho1p0_s1,4,1.0,1,1,False,0.0379746835443038,0.036,237,250
attack_a0.5_s1_e1_bad4_rho1p0_s1,4,1.0,1,2,False,0.008097165991902834,0.008,247,250
attack_a0.5_s1_e1_bad4_rho1p0_s1,4,1.0,1,3,False,0.0966183574879227,0.136,207,250
attack_a0.5_s1_e1_bad4_rho1p0_s1,4,1.0,1,4,True,1.0,1.0,197,250
attack_a0.5_s1_e1_bad4_rho1p0_s1,4,1.0,1,5,False,0.08583690987124463,0.088,233,250
attack_a0.5_s1_e1_bad4_rho1p0_s1,4,1.0,1,6,False,0.04048582995951417,0.04,247,250
attack_a0.5_s1_e1_bad4_rho1p0_s1,4,1.0,1,7,False,0.0,0.0,243,250
attack_a0.5_s1_e1_bad4_rho1p0_s1,4,1.0,1,8,False,0.15736040609137056,0.264,197,250
attack_a0.5_s1_e1_bad4_rho1p0_s1,4,1.0,1,9,False,0.024896265560165973,0.032,241,250
attack_a0.5_s1_e1_bad4_rho1p0_s1,4,1.0,1,10,False,0.09917355371900827,0.108,242,250
attack_a0.5_s1_e1_bad4_rho1p0_s1,4,1.0,1,11,False,0.22522522522522523,0.228,222,250
attack_a0.5_s1_e1_bad4_rho1p0_s1,4,1.0,1,12,True,1.0,1.0,245,250
attack_a0.5_s1_e1_bad4_rho1p0_s1,4,1.0,1,13,False,0.008658008658008658,0.012,231,250
attack_a0.5_s1_e1_bad4_rho1p0_s1,4,1.0,1,14,False,0.12601626016260162,0.136,246,250
attack_a0.5_s1_e1_bad4_rho1p0_s1,4,1.0,1,15,False,0.04149377593360996,0.04,241,250
attack_a0.5_s1_e1_bad4_rho1p0_s1,4,1.0,1,16,False,0.058577405857740586,0.064,239,250
attack_a0.5_s1_e1_bad4_rho1p0_s1,4,1.0,1,17,False,0.20930232558139536,0.204,215,250
attack_a0.5_s1_e1_bad4_rho1p0_s1,4,1.0,1,18,False,0.00851063829787234,0.008,235,250
attack_a0.5_s1_e1_bad4_rho1p0_s1,4,1.0,1,19,False,0.008733624454148471,0.016,229,250
attack_a0.5_s1_e1_bad4_rho1p0_s1,4,1.0,1,20,True,1.0,1.0,226,250
attack_a0.5_s1_e1_bad4_rho1p0_s1,4,1.0,1,21,False,0.1590909090909091,0.18,220,250
attack_a0.5_s1_e1_bad4_rho1p0_s1,4,1.0,1,22,False,0.4225352112676056,0.456,213,250
attack_a0.5_s1_e1_bad4_rho1p0_s1,4,1.0,1,23,False,0.26666666666666666,0.316,195,250
attack_a0.5_s1_e1_bad4_rho1p0_s1,4,1.0,1,24,False,0.15040650406504066,0.152,246,250
attack_a0.5_s1_e1_bad4_rho1p0_s1,4,1.0,1,25,False,0.037815126050420166,0.044,238,250
attack_a0.5_s1_e1_bad4_rho1p0_s1,4,1.0,1,26,False,0.14432989690721648,0.176,194,250
attack_a0.5_s1_e1_bad4_rho1p0_s1,4,1.0,1,27,False,0.0326530612244898,0.036,245,250
attack_a0.5_s1_e1_bad4_rho1p0_s1,4,1.0,1,28,False,0.1228813559322034,0.132,236,250
attack_a0.5_s1_e1_bad4_rho1p0_s1,4,1.0,1,29,False,0.06222222222222222,0.092,225,250
attack_a0.5_s1_e1_bad4_rho1p0_s1,4,1.0,1,30,False,0.10822510822510822,0.132,231,250
attack_a0.5_s1_e1_bad4_rho1p0_s1,4,1.0,1,31,False,0.3798449612403101,0.46,129,250
attack_a0.5_s1_e1_bad4_rho1p0_s1,4,1.0,1,32,False,0.056074766355140186,0.08,214,250
attack_a0.5_s1_e1_bad4_rho1p0_s1,4,1.0,1,33,False,0.10743801652892562,0.108,242,250
attack_a0.5_s1_e1_bad4_rho1p0_s1,4,1.0,1,34,False,0.016260162601626018,0.016,246,250
attack_a0.5_s1_e1_bad4_rho1p0_s1,4,1.0,1,35,False,0.5714285714285714,0.564,210,250
attack_a0.5_s1_e1_bad4_rho1p0_s1,4,1.0,1,36,False,0.0053475935828877,0.032,187,250
attack_a0.5_s1_e1_bad4_rho1p0_s1,4,1.0,1,37,False,0.1341991341991342,0.132,231,250
attack_a0.5_s1_e1_bad4_rho1p0_s1,4,1.0,1,38,True,1.0,1.0,239,250
attack_a0.5_s1_e1_bad4_rho1p0_s1,4,1.0,1,39,False,0.39565217391304347,0.38,230,250
attack_a0.5_s1_e1_bad8_rho0p5_s1,8,0.5,1,0,False,0.8564593301435407,0.872,209,250
attack_a0.5_s1_e1_bad8_rho0p5_s1,8,0.5,1,1,False,0.9451476793248945,0.94,237,250
attack_a0.5_s1_e1_bad8_rho0p5_s1,8,0.5,1,2,False,0.2591093117408907,0.256,247,250
attack_a0.5_s1_e1_bad8_rho0p5_s1,8,0.5,1,3,False,0.7439613526570048,0.748,207,250
attack_a0.5_s1_e1_bad8_rho0p5_s1,8,0.5,1,4,True,1.0,1.0,197,250
attack_a0.5_s1_e1_bad8_rho0p5_s1,8,0.5,1,5,True,1.0,1.0,233,250
attack_a0.5_s1_e1_bad8_rho0p5_s1,8,0.5,1,6,False,0.6923076923076923,0.696,247,250
attack_a0.5_s1_e1_bad8_rho0p5_s1,8,0.5,1,7,False,0.06995884773662552,0.072,243,250
attack_a0.5_s1_e1_bad8_rho0p5_s1,8,0.5,1,8,False,0.9796954314720813,0.984,197,250
attack_a0.5_s1_e1_bad8_rho0p5_s1,8,0.5,1,9,False,0.0,0.0,241,250
attack_a0.5_s1_e1_bad8_rho0p5_s1,8,0.5,1,10,True,1.0,1.0,242,250
attack_a0.5_s1_e1_bad8_rho0p5_s1,8,0.5,1,11,False,0.05855855855855856,0.052,222,250
attack_a0.5_s1_e1_bad8_rho0p5_s1,8,0.5,1,12,True,0.9918367346938776,0.992,245,250
attack_a0.5_s1_e1_bad8_rho0p5_s1,8,0.5,1,13,False,0.48484848484848486,0.472,231,250
attack_a0.5_s1_e1_bad8_rho0p5_s1,8,0.5,1,14,False,0.8495934959349594,0.848,246,250
attack_a0.5_s1_e1_bad8_rho0p5_s1,8,0.5,1,15,False,0.9087136929460581,0.912,241,250
attack_a0.5_s1_e1_bad8_rho0p5_s1,8,0.5,1,16,False,0.06694560669456066,0.088,239,250
attack_a0.5_s1_e1_bad8_rho0p5_s1,8,0.5,1,17,True,1.0,1.0,215,250
attack_a0.5_s1_e1_bad8_rho0p5_s1,8,0.5,1,18,False,0.723404255319149,0.72,235,250
attack_a0.5_s1_e1_bad8_rho0p5_s1,8,0.5,1,19,True,1.0,1.0,229,250
attack_a0.5_s1_e1_bad8_rho0p5_s1,8,0.5,1,20,True,0.9823008849557522,0.984,226,250
attack_a0.5_s1_e1_bad8_rho0p5_s1,8,0.5,1,21,False,0.35454545454545455,0.332,220,250
attack_a0.5_s1_e1_bad8_rho0p5_s1,8,0.5,1,22,False,0.9812206572769953,0.984,213,250
attack_a0.5_s1_e1_bad8_rho0p5_s1,8,0.5,1,23,False,0.9128205128205128,0.924,195,250
attack_a0.5_s1_e1_bad8_rho0p5_s1,8,0.5,1,24,False,0.7967479674796748,0.8,246,250
attack_a0.5_s1_e1_bad8_rho0p5_s1,8,0.5,1,25,False,0.8067226890756303,0.808,238,250
attack_a0.5_s1_e1_bad8_rho0p5_s1,8,0.5,1,26,False,0.7938144329896907,0.796,194,250
attack_a0.5_s1_e1_bad8_rho0p5_s1,8,0.5,1,27,False,0.8081632653061225,0.812,245,250
attack_a0.5_s1_e1_bad8_rho0p5_s1,8,0.5,1,28,False,0.8008474576271186,0.8,236,250
attack_a0.5_s1_e1_bad8_rho0p5_s1,8,0.5,1,29,False,0.5511111111111111,0.556,225,250
attack_a0.5_s1_e1_bad8_rho0p5_s1,8,0.5,1,30,False,0.8701298701298701,0.872,231,250
attack_a0.5_s1_e1_bad8_rho0p5_s1,8,0.5,1,31,False,0.9689922480620154,0.968,129,250
attack_a0.5_s1_e1_bad8_rho0p5_s1,8,0.5,1,32,False,0.037383177570093455,0.052,214,250
attack_a0.5_s1_e1_bad8_rho0p5_s1,8,0.5,1,33,False,0.2975206611570248,0.296,242,250
attack_a0.5_s1_e1_bad8_rho0p5_s1,8,0.5,1,34,False,0.7357723577235772,0.74,246,250
attack_a0.5_s1_e1_bad8_rho0p5_s1,8,0.5,1,35,False,0.6095238095238096,0.628,210,250
attack_a0.5_s1_e1_bad8_rho0p5_s1,8,0.5,1,36,False,0.058823529411764705,0.072,187,250
attack_a0.5_s1_e1_bad8_rho0p5_s1,8,0.5,1,37,False,0.9956709956709957,0.996,231,250
attack_a0.5_s1_e1_bad8_rho0p5_s1,8,0.5,1,38,True,1.0,1.0,239,250
attack_a0.5_s1_e1_bad8_rho0p5_s1,8,0.5,1,39,False,0.7869565217391304,0.792,230,250
