round,defense,tau,alpha,alpha_dirichlet,seed,n_malicious_in_round,n_selected,tpr,fpr,precision,influence_malicious_mean,influence_benign_mean,trim_survival_malicious_mean,trim_survival_benign_mean,mask_keep_ratio,zero_sign_ratio,effective_trim_n,malicious_rank_l2_mean,malicious_rank_cos_mean,flame_n_clusters,flame_n_noise,flame_max_cluster_size,flame_fallback_triggered,clip_rate_malicious,clip_rate_benign
1,invariant,0.2,0.25,0.5,0,2,10,,,,0.20450587698374767,0.18389420055948555,0.43508061897930406,0.39122984525517396,0.47004133961084493,1.5518178525209484e-06,4,7.5,6.0,,,,,,
2,invariant,0.2,0.25,0.5,0,0,10,,,,,0.19682685919008996,,0.4,0.49206714797522483,1.6539111322920636e-06,4,,,,,,,,
3,invariant,0.2,0.25,0.5,0,1,10,,,,0.19890665878376296,0.20176640928103187,0.3948902721847676,0.4005677475350258,0.5037010855782624,1.9397723156511855e-06,4,3.0,9.0,,,,,,
4,invariant,0.2,0.25,0.5,0,4,10,,,,0.1932362726521406,0.1911606594217258,0.402594639449415,0.3982702403670566,0.4799772617847294,2.1031215632849696e-06,4,7.0,5.25,,,,,,
5,invariant,0.2,0.25,0.5,0,1,10,,,,0.20811561323607,0.19414687725146618,0.42571672545197714,0.3971425860608915,0.48885937712481636,2.409401402598315e-06,4,6.0,10.0,,,,,,
6,invariant,0.2,0.25,0.5,0,2,10,,,,0.18994332666446773,0.17436980761954046,0.42807865347948193,0.39298033663012955,0.4437112785713148,2.756518553820106e-06,4,9.0,2.0,,,,,,
7,invariant,0.2,0.25,0.5,0,1,10,,,,0.1819476623659924,0.17693696925663874,0.41016608126380044,0.3988704354151333,0.4435950964189353,2.960705113362336e-06,4,3.0,8.0,,,,,,
8,invariant,0.2,0.25,0.5,0,0,10,,,,,0.18027664011833017,,0.4,0.4506916002958255,2.940286457408113e-06,4,,,,,,,,
9,invariant,0.2,0.25,0.5,0,1,10,,,,0.17195563503031328,0.16435771081820935,0.4165654922264135,0.3981593897526208,0.4127937580985494,2.6748439300032138e-06,4,7.0,6.0,,,,,,
10,invariant,0.2,0.25,0.5,0,1,10,,,,0.17116357547986027,0.1644420874516456,0.41465491858877684,0.39837167571235815,0.4127855906361677,2.429820058552538e-06,4,7.0,3.0,,,,,,
11,invariant,0.2,0.25,0.5,0,2,10,,,,0.16117475231119457,0.16907931217008385,0.38489860708012813,0.40377534822996797,0.418746000495765,2.4706573704609838e-06,4,1.5,8.0,,,,,,
12,invariant,0.2,0.25,0.5,0,0,10,,,,,0.1649460682040281,,0.4,0.41236517051007027,2.940286457408113e-06,4,,,,,,,,
13,invariant,0.2,0.25,0.5,0,0,10,,,,,0.16661035201354493,,0.4,0.4165258800338623,2.4706573704609838e-06,4,,,,,,,,
14,invariant,0.2,0.25,0.5,0,1,10,,,,0.1662874542663107,0.1695858807513494,0.3929843948380004,0.40077951168466663,0.42314009525711377,2.654425274048991e-06,4,5.0,10.0,,,,,,
15,invariant,0.2,0.25,0.5,0,1,10,,,,0.18297488223540012,0.18652886451082887,0.3931277338027991,0.4007635851330223,0.465433665708215,2.613587962140545e-06,4,4.0,8.0,,,,,,
16,invariant,0.2,0.25,0.5,0,2,10,,,,0.1782914943884334,0.16690498379981522,0.42153702657814773,0.394615743355463,0.42295571479384714,2.2460521549645307e-06,4,9.5,2.0,,,,,,
17,invariant,0.2,0.25,0.5,0,2,10,,,,0.15955058293983618,0.16150839819128715,0.3961115119973897,0.4009721220006526,0.4027920878524924,3.021961081225005e-06,4,8.5,5.0,,,,,,
18,invariant,0.2,0.25,0.5,0,1,10,,,,0.1635986297704852,0.17593845289555332,0.3745722802043989,0.40282530219951124,0.43676117645761636,2.91986780145389e-06,4,1.0,9.0,,,,,,
19,invariant,0.2,0.25,0.5,0,2,10,,,,0.14861818775597163,0.1577563276696325,0.38124652627615574,0.40468836843096107,0.3898217492172508,2.634006618094768e-06,4,4.0,4.5,,,,,,
20,invariant,0.2,0.25,0.5,0,1,10,,,,0.17724832586507966,0.16184955440243776,0.433928496317087,0.3962301670758792,0.4084735788717549,2.634006618094768e-06,4,6.0,4.0,,,,,,
21,invariant,0.2,0.25,0.5,0,3,10,,,,0.15089552882761428,0.15255115036837394,0.3969512632546004,0.4013066014623141,0.38013615976536513,2.5931693061863217e-06,4,6.666666666666667,6.333333333333333,,,,,,
22,invariant,0.2,0.25,0.5,0,2,10,,,,0.15765773506207265,0.15932422418156567,0.3966458682237117,0.4008385329440721,0.3974773158941677,2.613587962140545e-06,4,5.0,7.5,,,,,,
23,invariant,0.2,0.25,0.5,0,1,10,,,,0.15152644071524102,0.14945888937469498,0.4049732086815225,0.3994474212576087,0.374164111271874,2.654425274048991e-06,4,4.0,10.0,,,,,,
24,invariant,0.2,0.25,0.5,0,1,10,,,,0.14880598941353512,0.15078191304009833,0.3952761847823024,0.400524868357522,0.376460801693605,2.858611833591221e-06,4,2.0,8.0,,,,,,
25,invariant,0.2,0.25,0.5,0,4,10,,,,0.15644283331936157,0.15471093646210118,0.4026746805807556,0.39821687961282964,0.38850923801251336,2.2256334990103075e-06,4,5.0,4.25,,,,,,
26,invariant,0.2,0.25,0.5,0,3,10,,,,0.14808539721025912,0.15413247921802958,0.3888839203492734,0.4047640341360257,0.38079588653924606,2.2664708109187538e-06,4,4.666666666666667,6.666666666666667,,,,,,
27,invariant,0.2,0.25,0.5,0,1,10,,,,0.14572933731278845,0.15727440694441866,0.3733779930176364,0.40295800077581817,0.3902997499531392,2.940286457408113e-06,4,2.0,7.0,,,,,,
28,invariant,0.2,0.25,0.5,0,0,10,,,,,0.1534134479718353,,0.4,0.3835336199295883,2.776937209774329e-06,4,,,,,,,,
29,invariant,0.2,0.25,0.5,0,1,10,,,,0.1420044723585733,0.14987038583646747,0.3810057903224555,0.40211046774194936,0.37270948622169514,2.960705113362336e-06,4,1.0,9.0,,,,,,
30,invariant,0.2,0.25,0.5,0,0,10,,,,,0.14575253160705842,,0.4,0.3643813290176462,2.756518553820106e-06,4,,,,,,,,
31,invariant,0.2,0.25,0.5,0,1,10,,,,0.14579009622344866,0.1527093951991246,0.38361406943404797,0.4018206589517725,0.3800436632538925,2.8177745216827748e-06,4,1.0,6.0,,,,,,
32,invariant,0.2,0.25,0.5,0,1,10,,,,0.1594051448106264,0.1649900947417143,0.38777253290568503,0.4013586074549239,0.41107899937151376,2.940286457408113e-06,4,7.0,2.0,,,,,,
33,invariant,0.2,0.25,0.5,0,0,10,,,,,0.155686207728788,,0.4,0.38921551932196996,2.409401402598315e-06,4,,,,,,,,
34,invariant,0.2,0.25,0.5,0,0,10,,,,,0.15427127654578415,,0.4,0.38567819136446035,3.062798393133451e-06,4,,,,,,,,
35,invariant,0.2,0.25,0.5,0,0,10,,,,,0.14924698038706424,,0.4,0.3731174509676605,2.4706573704609838e-06,4,,,,,,,,
36,invariant,0.2,0.25,0.5,0,2,10,,,,0.1470546988628314,0.15665204381066955,0.38015188213044987,0.4049620294673875,0.38683143705275486,2.51149468236943e-06,4,3.5,3.0,,,,,,
37,invariant,0.2,0.25,0.5,0,2,10,,,,0.14157352858395283,0.154545958110903,0.3726809001033592,0.4068297749741602,0.3798786805137824,2.368564090689869e-06,4,2.5,9.5,,,,,,
38,invariant,0.2,0.25,0.5,0,1,10,,,,0.15392659057372665,0.15419922349538906,0.39936338714465924,0.4000707347617045,0.385429900508057,2.552331994277876e-06,4,4.0,9.0,,,,,,
39,invariant,0.2,0.25,0.5,0,1,10,,,,0.13655360948054385,0.15443898076453727,0.35782040648643526,0.40468662150150725,0.3816261090903448,2.491076026415207e-06,4,1.0,9.0,,,,,,
40,invariant,0.2,0.25,0.5,0,2,10,,,,0.15366561574029414,0.1473177141280454,0.4136709435583429,0.39658226411041425,0.3714682361262379,2.0418655954223007e-06,4,7.0,2.0,,,,,,
41,invariant,0.2,0.25,0.5,0,1,10,,,,0.14174976906263367,0.1521383858869062,0.37524875027616234,0.4027501388582042,0.3777488105111974,2.4502387145067606e-06,4,5.0,2.0,,,,,,
42,invariant,0.2,0.25,0.5,0,1,10,,,,0.15213204223250762,0.15132565540920495,0.4019173526314134,0.3997869608187318,0.378515735228838,2.71568124191166e-06,4,3.0,7.0,,,,,,
43,invariant,0.2,0.25,0.5,0,2,10,,,,0.1470501501751848,0.14846387063902103,0.3969470433990365,0.40076323915024087,0.37045281636563443,2.1235402192391928e-06,4,5.5,5.5,,,,,,
44,invariant,0.2,0.25,0.5,0,1,10,,,,0.13464958536319277,0.14858565368390214,0.365915382639487,0.4037871797067237,0.367980117129578,2.654425274048991e-06,4,1.0,6.0,,,,,,
45,invariant,0.2,0.25,0.5,0,1,10,,,,0.13754183990497304,0.1518027997702246,0.3658594355221724,0.40379339605309195,0.3759417594592486,2.3277267787814227e-06,4,2.0,7.0,,,,,,
46,invariant,0.2,0.25,0.5,0,1,10,,,,0.14473501659440194,0.15106953286197128,0.38484123065689674,0.4016843077047893,0.37609020308803587,1.8785163477885167e-06,4,2.0,6.0,,,,,,
47,invariant,0.2,0.25,0.5,0,0,10,,,,,0.14555863605011718,,0.4,0.36389659012529296,2.858611833591221e-06,4,,,,,,,,
48,invariant,0.2,0.25,0.5,0,0,10,,,,,0.15370796666531902,,0.4,0.3842699166632976,2.613587962140545e-06,4,,,,,,,,
49,invariant,0.2,0.25,0.5,0,0,10,,,,,0.15071834873512555,,0.4,0.3767958718378138,2.3889827466440917e-06,4,,,,,,,,
50,invariant,0.2,0.25,0.5,0,2,10,,,,0.1367490958633731,0.15114143168330457,0.3689366290677536,0.4077658427330616,0.3706574112982957,2.3889827466440917e-06,4,1.5,4.5,,,,,,
51,invariant,0.2,0.25,0.5,0,2,10,,,,0.14960253180659513,0.14603822399565597,0.4077721980397273,0.3980569504900682,0.3668777138946095,2.286889466872977e-06,4,2.0,4.5,,,,,,
52,invariant,0.2,0.25,0.5,0,1,10,,,,0.13672973718583334,0.14697077607698653,0.3747388964369854,0.4028067892847795,0.3648666804696781,2.51149468236943e-06,4,1.0,10.0,,,,,,
53,invariant,0.2,0.25,0.5,0,1,10,,,,0.12902505727099436,0.1467092705205186,0.3560764490813851,0.4048803945465128,0.3623521229889155,2.3277267787814227e-06,4,1.0,10.0,,,,,,
54,invariant,0.2,0.25,0.5,0,1,10,,,,0.14289808400950024,0.15231126720331853,0.3776128222625423,0.40248746419305087,0.3784248722098417,2.51149468236943e-06,4,1.0,4.0,,,,,,
55,invariant,0.2,0.25,0.5,0,0,10,,,,,0.14747790803519029,,0.39999999999999997,0.3686947700879758,2.654425274048991e-06,4,,,,,,,,
56,invariant,0.2,0.25,0.5,0,0,10,,,,,0.155363266266216,,0.39999999999999997,0.38840816566554,2.2256334990103075e-06,4,,,,,,,,
57,invariant,0.2,0.25,0.5,0,0,10,,,,,0.14321498271969144,,0.4,0.35803745679922866,2.7360998978658827e-06,4,,,,,,,,
58,invariant,0.2,0.25,0.5,0,2,10,,,,0.13502292491834084,0.14875172872636766,0.3699107010500498,0.4075223247374875,0.36501491991190577,2.3277267787814227e-06,4,1.5,6.0,,,,,,
59,invariant,0.2,0.25,0.5,0,2,10,,,,0.14025674727351933,0.15075865030486024,0.37739373008415344,0.40565156747896164,0.37164567424648015,2.429820058552538e-06,4,1.5,3.5,,,,,,
60,invariant,0.2,0.25,0.5,0,0,10,,,,,0.1440555779480149,,0.4,0.3601389448700373,3.042379737179228e-06,4,,,,,,,,
61,invariant,0.2,0.25,0.5,0,3,10,,,,0.13465757842866838,0.15133149181693265,0.3680945977272947,0.4136737438311594,0.36582329450113343,1.9397723156511855e-06,4,2.0,2.3333333333333335,,,,,,
62,invariant,0.2,0.25,0.5,0,0,10,,,,,0.14555561408903597,,0.4,0.3638890352225899,2.797355865728552e-06,4,,,,,,,,
63,invariant,0.2,0.25,0.5,0,0,10,,,,,0.1448866989199756,,0.4,0.362216747299939,2.491076026415207e-06,4,,,,,,,,
64,invariant,0.2,0.25,0.5,0,0,10,,,,,0.14361625014650387,,0.39999999999999997,0.35904062536625964,2.7360998978658827e-06,4,,,,,,,,
65,invariant,0.2,0.25,0.5,0,0,10,,,,,0.16333977337742128,,0.4,0.40834943344355323,2.940286457408113e-06,4,,,,,,,,
66,invariant,0.2,0.25,0.5,0,0,10,,,,,0.1484023014275499,,0.39999999999999997,0.3710057535688748,2.429820058552538e-06,4,,,,,,,,
67,invariant,0.2,0.25,0.5,0,1,10,,,,0.142612085822564,0.1492133639445635,0.3840026364568568,0.40177748483812703,0.3713830903309088,2.3073081228271996e-06,4,1.0,9.0,,,,,,
68,invariant,0.2,0.25,0.5,0,0,10,,,,,0.1464667761923372,,0.39999999999999997,0.36616694048084303,2.286889466872977e-06,4,,,,,,,,
69,invariant,0.2,0.25,0.5,0,1,10,,,,0.13050331298189,0.14708752088728289,0.35894690373542976,0.4045614551405078,0.363572750241859,2.4502387145067606e-06,4,1.0,5.0,,,,,,
70,invariant,0.2,0.25,0.5,0,2,10,,,,0.14220187968933673,0.1458225295088021,0.39201501914657366,0.4019962452133566,0.3627459988622725,2.286889466872977e-06,4,2.5,2.5,,,,,,
71,invariant,0.2,0.25,0.5,0,0,10,,,,,0.1440897996153942,,0.4,0.36022449903848547,2.429820058552538e-06,4,,,,,,,,
72,invariant,0.2,0.25,0.5,0,2,10,,,,0.1457762038230594,0.1504732261266216,0.3899484469774468,0.4025128882556383,0.37383455416477285,1.9806096275596317e-06,4,1.5,9.5,,,,,,
73,invariant,0.2,0.25,0.5,0,3,10,,,,0.13703247173685817,0.1502608252497241,0.37468124776500794,0.4108508938149966,0.3657307979896608,1.7764230680174015e-06,4,2.0,2.6666666666666665,,,,,,
74,invariant,0.2,0.25,0.5,0,2,10,,,,0.14156401964819637,0.14349980060801204,0.3956715920548559,0.401082101986286,0.35778161104012224,2.0214469394680776e-06,4,2.5,3.0,,,,,,
75,invariant,0.2,0.25,0.5,0,0,10,,,,,0.14668999293922874,,0.39999999999999997,0.36672498234807194,2.1235402192391928e-06,4,,,,,,,,
76,invariant,0.2,0.25,0.5,0,2,10,,,,0.13729563160610064,0.1401917922072246,0.39336183369331423,0.4016595415766714,0.3490314002174995,2.4502387145067606e-06,4,1.5,6.5,,,,,,
77,invariant,0.2,0.25,0.5,0,1,10,,,,0.1275332157537408,0.14650976362147683,0.35275943842162155,0.4052489512864865,0.36153027208675803,2.3889827466440917e-06,4,1.0,9.0,,,,,,
78,invariant,0.2,0.25,0.5,0,0,10,,,,,0.14018273063586553,,0.39999999999999997,0.3504568265896638,2.2256334990103075e-06,4,,,,,,,,
79,invariant,0.2,0.25,0.5,0,2,10,,,,0.13343254367166182,0.1497760746825523,0.3643026150989427,0.4089243462252643,0.3662684212009355,2.062284251376524e-06,4,1.5,5.5,,,,,,
80,invariant,0.2,0.25,0.5,0,0,10,,,,,0.14125658858981,,0.4,0.35314147147452507,2.756518553820106e-06,4,,,,,,,,
81,invariant,0.2,0.25,0.5,0,1,10,,,,0.12735158693525725,0.14210581172831133,0.3622306319859879,0.40419659644600137,0.3515759731225148,2.409401402598315e-06,4,1.0,10.0,,,,,,
82,invariant,0.2,0.25,0.5,0,0,10,,,,,0.1410992832643387,,0.4,0.35274820816084673,2.409401402598315e-06,4,,,,,,,,
83,invariant,0.2,0.25,0.5,0,1,10,,,,0.12303482934286193,0.14429798682307587,0.34615849532474036,0.4059823894083621,0.3554291776876362,2.613587962140545e-06,4,1.0,10.0,,,,,,
84,invariant,0.2,0.25,0.5,0,0,10,,,,,0.14401694585094954,,0.4,0.3600423646273738,2.776937209774329e-06,4,,,,,,,,
85,invariant,0.2,0.25,0.5,0,1,10,,,,0.14675117853277495,0.14917835429755189,0.394133148421985,0.40065187239755723,0.37233909180268554,2.348145434735646e-06,4,1.0,8.0,,,,,,
86,invariant,0.2,0.25,0.5,0,1,10,,,,0.12172968330681048,0.14014047461621193,0.3520758218202742,0.40532490868663623,0.34574848871317954,2.797355865728552e-06,4,1.0,9.0,,,,,,
87,invariant,0.2,0.25,0.5,0,2,10,,,,0.14448526232748526,0.14295101178962286,0.4034271080526687,0.3991432229868328,0.35814465474298834,2.0418655954223007e-06,4,3.5,8.5,,,,,,
88,invariant,0.2,0.25,0.5,0,2,10,,,,0.13472164325692618,0.1511239437500119,0.3644980216364246,0.40887549459089384,0.36960870912848687,2.062284251376524e-06,4,1.5,6.5,,,,,,
89,invariant,0.2,0.25,0.5,0,0,10,,,,,0.14043526857270736,,0.4,0.3510881714317684,2.4502387145067606e-06,4,,,,,,,,
90,invariant,0.2,0.25,0.5,0,2,10,,,,0.1373955511021202,0.14227840763872568,0.38894201142546314,0.40276449714363416,0.35325459082851146,1.8172603799258476e-06,4,2.0,8.0,,,,,,
91,invariant,0.2,0.25,0.5,0,0,10,,,,,0.1433359428375643,,0.39999999999999997,0.3583398570939107,2.634006618094768e-06,4,,,,,,,,
92,invariant,0.2,0.25,0.5,0,0,10,,,,,0.1436221307194187,,0.4,0.3590553267985467,2.572750650232099e-06,4,,,,,,,,
93,invariant,0.2,0.25,0.5,0,1,10,,,,0.13409899245528376,0.14178697901928905,0.38037362873411273,0.4021807079184319,0.3525454509072213,2.286889466872977e-06,4,1.0,8.0,,,,,,
94,invariant,0.2,0.25,0.5,0,1,10,,,,0.13417820013200646,0.14319659413327324,0.37718382630094405,0.4025351304110062,0.35573688683286636,2.2256334990103075e-06,4,1.0,10.0,,,,,,
95,invariant,0.2,0.25,0.5,0,0,10,,,,,0.14678220358951805,,0.39999999999999997,0.3669555089737951,2.491076026415207e-06,4,,,,,,,,
96,invariant,0.2,0.25,0.5,0,0,10,,,,,0.14733293557791532,,0.4,0.36833233894478834,2.552331994277876e-06,4,,,,,,,,
97,invariant,0.2,0.25,0.5,0,2,10,,,,0.1370864011592406,0.144797153816892,0.3827758836071271,0.4043060290982182,0.35813750821340434,1.9806096275596317e-06,4,3.0,2.5,,,,,,
98,invariant,0.2,0.25,0.5,0,4,10,,,,0.1441626578595771,0.14830777367642697,0.3932162997230005,0.404522466851333,0.3666243183742176,1.6334924763378405e-06,4,3.0,2.5,,,,,,
99,invariant,0.2,0.25,0.5,0,1,10,,,,0.13195472430333585,0.14205817313444496,0.37421270767304504,0.402865254702995,0.35261957062833515,2.409401402598315e-06,4,1.0,10.0,,,,,,
100,invariant,0.2,0.25,0.5,0,1,10,,,,0.14040628146237244,0.1498959570528306,0.3770637646039332,0.402548470599563,0.37236747373446194,2.001028283513855e-06,4,1.0,10.0,,,,,,
101,invariant,0.2,0.25,0.5,0,0,10,,,,,0.1442103513601479,,0.4,0.3605258784003698,2.4706573704609838e-06,4,,,,,,,,
102,invariant,0.2,0.25,0.5,0,0,10,,,,,0.1392073722782442,,0.4,0.3480184306956105,2.143958875193416e-06,4,,,,,,,,
103,invariant,0.2,0.25,0.5,0,1,10,,,,0.13295280160932083,0.14168065338403102,0.37768571686429886,0.4024793647928557,0.35201967051640004,2.1235402192391928e-06,4,1.0,4.0,,,,,,
104,invariant,0.2,0.25,0.5,0,0,10,,,,,0.1403014855388953,,0.4,0.35075371384723825,2.654425274048991e-06,4,,,,,,,,
105,invariant,0.2,0.25,0.5,0,1,10,,,,0.13747003830623394,0.13943961320567747,0.39490783222888826,0.4005657964190124,0.3481066392893328,1.9601909716054086e-06,4,1.0,8.0,,,,,,
106,invariant,0.2,0.25,0.5,0,1,10,,,,0.1424389612850933,0.1493401382589747,0.38328675837910176,0.4018570268467665,0.37162505140396634,2.2664708109187538e-06,4,1.0,8.0,,,,,,
107,invariant,0.2,0.25,0.5,0,3,10,,,,0.13482982239138555,0.15537699096699015,0.3614429483014605,0.4165244507279455,0.3730321009857719,1.6130738203836176e-06,4,2.0,3.6666666666666665,,,,,,
108,invariant,0.2,0.25,0.5,0,1,10,,,,0.1162167075874857,0.13997321631562742,0.337845243739538,0.40690608402894024,0.3439939136070332,2.1847961871018617e-06,4,1.0,10.0,,,,,,
109,invariant,0.2,0.25,0.5,0,2,10,,,,0.1358367704829033,0.14966976201351273,0.3698675155927066,0.4075331211018234,0.3672579092684771,1.7764230680174015e-06,4,1.5,5.0,,,,,,
110,invariant,0.2,0.25,0.5,0,0,10,,,,,0.14044425278132722,,0.4,0.35111063195331804,2.368564090689869e-06,4,,,,,,,,
111,invariant,0.2,0.25,0.5,0,2,10,,,,0.13047177192719606,0.1436856146423025,0.3700202471392442,0.40749493821518895,0.35260711524820304,1.9397723156511855e-06,4,1.5,4.5,,,,,,
112,invariant,0.2,0.25,0.5,0,1,10,,,,0.1242998330290939,0.14567013564060985,0.3464004563977979,0.4059555048446891,0.3588327634486457,2.409401402598315e-06,4,1.0,10.0,,,,,,
113,invariant,0.2,0.25,0.5,0,0,10,,,,,0.14738839264748704,,0.4,0.36847098161871755,2.3277267787814227e-06,4,,,,,,,,
114,invariant,0.2,0.25,0.5,0,1,10,,,,0.1307619410221727,0.14041373704462026,0.375082950789814,0.402768561023354,0.34862139360593875,2.368564090689869e-06,4,1.0,10.0,,,,,,
115,invariant,0.2,0.25,0.5,0,0,10,,,,,0.14247492895328662,,0.39999999999999997,0.35618732238321654,2.2256334990103075e-06,4,,,,,,,,
116,invariant,0.2,0.25,0.5,0,0,10,,,,,0.14262112652991885,,0.4,0.35655281632479713,2.429820058552538e-06,4,,,,,,,,
117,invariant,0.2,0.25,0.5,0,1,10,,,,0.13663593237678556,0.138778797862781,0.39443269010483345,0.40061858998835187,0.34641127828545365,2.2460521549645307e-06,4,4.0,1.0,,,,,,
118,invariant,0.2,0.25,0.5,0,1,10,,,,0.13088567310759258,0.1395411349909035,0.37753053507904677,0.4024966072134392,0.34668897200643106,2.1235402192391928e-06,4,1.0,6.0,,,,,,
119,invariant,0.2,0.25,0.5,0,1,10,,,,0.11389950001292734,0.14120823832141788,0.3290053950172762,0.4078882894425249,0.34619341122642205,1.8989350037427396e-06,4,1.0,5.0,,,,,,
120,invariant,0.2,0.25,0.5,0,2,10,,,,0.12533972739759153,0.1449349349923792,0.3555336191128421,0.41111659522178945,0.3525397336835541,1.9397723156511855e-06,4,1.5,5.5,,,,,,
121,invariant,0.2,0.25,0.5,0,1,10,,,,0.1295228267779265,0.1415706249607448,0.3691006929683458,0.4034332563368504,0.3509146128561575,2.205214843056085e-06,4,1.0,7.0,,,,,,
122,invariant,0.2,0.25,0.5,0,0,10,,,,,0.144558693630727,,0.4,0.36139673407681744,2.1031215632849696e-06,4,,,,,,,,
123,invariant,0.2,0.25,0.5,0,1,10,,,,0.12814032073942289,0.15119195913565495,0.3442624189328312,0.40619306456301874,0.3722169882400793,2.1847961871018617e-06,4,1.0,10.0,,,,,,
124,invariant,0.2,0.25,0.5,0,0,10,,,,,0.14348352888280141,,0.39999999999999997,0.3587088222070035,2.940286457408113e-06,4,,,,,,,,
125,invariant,0.2,0.25,0.5,0,1,10,,,,0.11700410061705788,0.13955331248229577,0.3408753722831447,0.40656940307965056,0.34324597823943,2.348145434735646e-06,4,1.0,9.0,,,,,,
126,invariant,0.2,0.25,0.5,0,0,10,,,,,0.14033595223014605,,0.4,0.3508398805753651,1.9397723156511855e-06,4,,,,,,,,
127,invariant,0.2,0.25,0.5,0,1,10,,,,0.12929380389812176,0.1428609396215674,0.36548393643917426,0.40383511817342505,0.3537605651230571,1.9601909716054086e-06,4,1.0,9.0,,,,,,
128,invariant,0.2,0.25,0.5,0,0,10,,,,,0.14236172792467638,,0.4000000000000001,0.35590431981169096,2.572750650232099e-06,4,,,,,,,,
129,invariant,0.2,0.25,0.5,0,1,10,,,,0.12586485614227994,0.14158775043562283,0.35957416484634347,0.4044917594615174,0.35003865251572136,2.0418655954223007e-06,4,1.0,6.0,,,,,,
130,invariant,0.2,0.25,0.5,0,0,10,,,,,0.14376710317669367,,0.39999999999999997,0.35941775794173414,2.756518553820106e-06,4,,,,,,,,
131,invariant,0.2,0.25,0.5,0,1,10,,,,0.12145639553877441,0.14223521141553447,0.3466287369713661,0.4059301403365148,0.3503933245696462,1.8989350037427396e-06,4,1.0,6.0,,,,,,
132,invariant,0.2,0.25,0.5,0,1,10,,,,0.12968581562726594,0.1394627337138678,0.3745843272114119,0.4028239636431764,0.346212604763019,1.9193536596969628e-06,4,1.0,8.0,,,,,,
133,invariant,0.2,0.25,0.5,0,1,10,,,,0.13565914019592787,0.14047699075554354,0.38761081715052753,0.4013765758721636,0.34998801424895487,2.1643775311476386e-06,4,1.0,9.0,,,,,,
134,invariant,0.2,0.25,0.5,0,0,10,,,,,0.14235176362057075,,0.4,0.35587940905142684,2.2256334990103075e-06,4,,,,,,,,
135,invariant,0.2,0.25,0.5,0,1,10,,,,0.1292527461968331,0.14295734016538025,0.3651545835186326,0.4038717129423741,0.35396720192131387,2.3889827466440917e-06,4,1.0,10.0,,,,,,
136,invariant,0.2,0.25,0.5,0,3,10,,,,0.1331508208655419,0.15040582529603558,0.36673260531296153,0.4142574548658736,0.3630733099172187,1.9601909716054086e-06,4,2.0,2.3333333333333335,,,,,,
137,invariant,0.2,0.25,0.5,0,0,10,,,,,0.1477460458251812,,0.4,0.36936511456295296,2.3277267787814227e-06,4,,,,,,,,
138,invariant,0.2,0.25,0.5,0,1,10,,,,0.14392590172546812,0.146614332448247,0.39338664236029863,0.4007348175155224,0.3658637234399228,2.0214469394680776e-06,4,2.0,10.0,,,,,,
139,invariant,0.2,0.25,0.5,0,2,10,,,,0.13860264800155978,0.14635745604884434,0.38286307126805164,0.4042842321829871,0.36201623609846856,1.7764230680174015e-06,4,3.0,3.0,,,,,,
140,invariant,0.2,0.25,0.5,0,2,10,,,,0.14045493560838185,0.14775615719704488,0.38402969117599617,0.4039925772060009,0.3657397821982807,2.286889466872977e-06,4,1.5,5.0,,,,,,
141,invariant,0.2,0.25,0.5,0,1,10,,,,0.1288095372606855,0.14039780736843646,0.3700387260228828,0.40332903044190194,0.34809745089415334,2.2256334990103075e-06,4,1.0,10.0,,,,,,
142,invariant,0.2,0.25,0.5,0,1,10,,,,0.13672932533809035,0.14470553077149437,0.3800467260522856,0.4022170304386349,0.3597697755703849,2.062284251376524e-06,4,2.0,9.0,,,,,,
143,invariant,0.2,0.25,0.5,0,1,10,,,,0.1270041742463456,0.13624968328857923,0.375404544621093,0.4027328283754341,0.3383128309608897,2.368564090689869e-06,4,2.0,10.0,,,,,,
144,invariant,0.2,0.25,0.5,0,1,10,,,,0.12541139960542758,0.14103356077986404,0.35967646231267414,0.40448039307636957,0.348678361656051,2.1847961871018617e-06,4,1.0,3.0,,,,,,
145,invariant,0.2,0.25,0.5,0,0,10,,,,,0.14349398323464996,,0.4,0.3587349580866249,2.0418655954223007e-06,4,,,,,,,,
146,invariant,0.2,0.25,0.5,0,2,10,,,,0.12311854865331111,0.14454443753464968,0.3511170638299436,0.4122207340425141,0.3506481493959549,2.0418655954223007e-06,4,1.5,3.5,,,,,,
147,invariant,0.2,0.25,0.5,0,0,10,,,,,0.14624747982738887,,0.39999999999999997,0.36561869956847215,2.5319133383236527e-06,4,,,,,,,,
148,invariant,0.2,0.25,0.5,0,0,10,,,,,0.1444833896275678,,0.4,0.3612084740689195,2.654425274048991e-06,4,,,,,,,,
149,invariant,0.2,0.25,0.5,0,0,10,,,,,0.14205111933030073,,0.4,0.35512779832575186,2.3277267787814227e-06,4,,,,,,,,
150,invariant,0.2,0.25,0.5,0,3,10,,,,0.13634191893984116,0.14461868126285557,0.38369519956037274,0.40698777161698313,0.3553391314148781,2.0214469394680776e-06,4,4.0,2.3333333333333335,,,,,,
151,invariant,0.2,0.25,0.5,0,0,10,,,,,0.14210673974912003,,0.4,0.3552668493728001,3.001542425270782e-06,4,,,,,,,,
152,invariant,0.2,0.25,0.5,0,0,10,,,,,0.14194175700900993,,0.4,0.3548543925225248,1.8172603799258476e-06,4,,,,,,,,
153,invariant,0.2,0.25,0.5,0,0,10,,,,,0.14066836794908077,,0.4,0.35167091987270194,2.3073081228271996e-06,4,,,,,,,,
154,invariant,0.2,0.25,0.5,0,0,10,,,,,0.14280807974383572,,0.4,0.3570201993595893,2.3277267787814227e-06,4,,,,,,,,
155,invariant,0.2,0.25,0.5,0,0,10,,,,,0.14054985806992246,,0.39999999999999997,0.35137464517480616,2.4706573704609838e-06,4,,,,,,,,
156,invariant,0.2,0.25,0.5,0,1,10,,,,0.13902289546403285,0.14311449280074534,0.38967820606589265,0.40114686599267857,0.3567633326676852,2.2256334990103075e-06,4,4.0,3.0,,,,,,
157,invariant,0.2,0.25,0.5,0,0,10,,,,,0.14288248532613293,,0.4,0.35720621331533225,2.3277267787814227e-06,4,,,,,,,,
158,invariant,0.2,0.25,0.5,0,1,10,,,,0.11347645405257382,0.14198078633636388,0.3262449969188248,0.40819500034235284,0.3478258827699622,2.2460521549645307e-06,4,1.0,8.0,,,,,,
159,invariant,0.2,0.25,0.5,0,0,10,,,,,0.1405988628442126,,0.4,0.3514971571105315,2.2460521549645307e-06,4,,,,,,,,
160,invariant,0.2,0.25,0.5,0,1,10,,,,0.11741576775299332,0.13680876986975787,0.34823527682184435,0.40575163590868396,0.3371736741452036,2.062284251376524e-06,4,1.0,3.0,,,,,,
161,invariant,0.2,0.25,0.5,0,0,10,,,,,0.139558491486033,,0.4,0.3488962287150826,2.3889827466440917e-06,4,,,,,,,,
162,invariant,0.2,0.25,0.5,0,2,10,,,,0.11703978035947248,0.14383461656446772,0.3380804666561307,0.4154798833359674,0.3461891233086717,2.062284251376524e-06,4,1.5,2.0,,,,,,
163,invariant,0.2,0.25,0.5,0,1,10,,,,0.11347959322102336,0.1418029313574408,0.32662907183732376,0.4081523253514085,0.3474264938594976,2.1031215632849696e-06,4,1.0,7.0,,,,,,
164,invariant,0.2,0.25,0.5,0,2,10,,,,0.1313204619382214,0.14333428899921816,0.3727213290421486,0.4068196677394629,0.352328808967547,1.8989350037427396e-06,4,3.5,3.0,,,,,,
165,invariant,0.2,0.25,0.5,0,3,10,,,,0.12933626325139594,0.14449798419260818,0.3696656091164126,0.41300045323582324,0.34987366977561124,1.6334924763378405e-06,4,2.0,5.0,,,,,,
166,invariant,0.2,0.25,0.5,0,2,10,,,,0.13055888860529466,0.14211130296729851,0.3735568604437954,0.4066107848890511,0.34950205023724434,1.9193536596969628e-06,4,5.5,7.5,,,,,,
167,invariant,0.2,0.25,0.5,0,1,10,,,,0.13210059086184078,0.14480556276027312,0.3681346863551515,0.4035405904049832,0.3588376639260747,2.143958875193416e-06,4,1.0,10.0,,,,,,
168,invariant,0.2,0.25,0.5,0,0,10,,,,,0.14521568430471007,,0.4,0.36303921076177514,2.552331994277876e-06,4,,,,,,,,
169,invariant,0.2,0.25,0.5,0,2,10,,,,0.13458783544085756,0.14608683087091684,0.37440882886348537,0.4063977927841287,0.35946757946226243,1.7968417239716247e-06,4,2.5,5.0,,,,,,
170,invariant,0.2,0.25,0.5,0,1,10,,,,0.14197665534360374,0.14357527412464197,0.3959871623826285,0.4004458708463747,0.3585385306163453,2.1847961871018617e-06,4,4.0,3.0,,,,,,
171,invariant,0.2,0.25,0.5,0,1,10,,,,0.11898593885723502,0.14619568237522854,0.3317265892962955,0.4075859345226338,0.35868677005857297,2.0827029073307465e-06,4,2.0,9.0,,,,,,
172,invariant,0.2,0.25,0.5,0,0,10,,,,,0.1455582276769981,,0.4,0.36389556919249527,2.0418655954223007e-06,4,,,,,,,,
173,invariant,0.2,0.25,0.5,0,0,10,,,,,0.14178959718483905,,0.39999999999999997,0.35447399296209764,1.9397723156511855e-06,4,,,,,,,,
174,invariant,0.2,0.25,0.5,0,1,10,,,,0.11010200127784138,0.14269839595525927,0.31584332520262454,0.40935074164415286,0.34859689121879367,2.0214469394680776e-06,4,1.0,9.0,,,,,,
175,invariant,0.2,0.25,0.5,0,0,10,,,,,0.1407869595028629,,0.4,0.35196739875715727,2.2460521549645307e-06,4,,,,,,,,
176,invariant,0.2,0.25,0.5,0,0,10,,,,,0.13882799365061477,,0.4,0.34706998412653683,2.143958875193416e-06,4,,,,,,,,
177,invariant,0.2,0.25,0.5,0,0,10,,,,,0.142163421938049,,0.4,0.35540855484512246,2.429820058552538e-06,4,,,,,,,,
178,invariant,0.2,0.25,0.5,0,1,10,,,,0.12971324344008472,0.14166599001715044,0.36936736061510794,0.40340362659832135,0.3511767883986097,2.1031215632849696e-06,4,1.0,10.0,,,,,,
179,invariant,0.2,0.25,0.5,0,0,10,,,,,0.13976847694386624,,0.4,0.3494211923596656,2.062284251376524e-06,4,,,,,,,,
180,invariant,0.2,0.25,0.5,0,0,10,,,,,0.13716068788001673,,0.4,0.3429017197000418,2.3073081228271996e-06,4,,,,,,,,
181,invariant,0.2,0.25,0.5,0,1,10,,,,0.1286377330641932,0.13848220638454412,0.3742249588666176,0.40286389345926465,0.34374439763127257,2.1847961871018617e-06,4,2.0,7.0,,,,,,
182,invariant,0.2,0.25,0.5,0,1,10,,,,0.1286606452060469,0.1442560529856635,0.3606553326791196,0.40437162970232005,0.3567412805192546,1.7968417239716247e-06,4,1.0,9.0,,,,,,
183,invariant,0.2,0.25,0.5,0,1,10,,,,0.13326132756282708,0.13940304305502638,0.38406920127526756,0.40177008874719244,0.34697217876451614,2.143958875193416e-06,4,1.0,9.0,,,,,,
184,invariant,0.2,0.25,0.5,0,1,10,,,,0.13560827590871416,0.14124974855981634,0.3855640510776762,0.4016039943247026,0.3517140032367653,2.001028283513855e-06,4,4.0,6.0,,,,,,
185,invariant,0.2,0.25,0.5,0,0,10,,,,,0.14048517176785946,,0.4,0.3512129294196487,2.3073081228271996e-06,4,,,,,,,,
186,invariant,0.2,0.25,0.5,0,1,10,,,,0.10910862708135208,0.14284870068206854,0.312913043886634,0.40967632845704066,0.3486867333049922,2.205214843056085e-06,4,1.0,7.0,,,,,,
187,invariant,0.2,0.25,0.5,0,1,10,,,,0.11003388985460624,0.14035101223778723,0.32051980997582025,0.40883113222490886,0.3432982499986728,1.7560044120631786e-06,4,1.0,7.0,,,,,,
188,invariant,0.2,0.25,0.5,0,3,10,,,,0.12474191231453136,0.14775733411525158,0.3542478223163114,0.4196080761501523,0.35213176893758874,1.5518178525209484e-06,4,2.0,5.333333333333333,,,,,,
189,invariant,0.2,0.25,0.5,0,1,10,,,,0.13317801517229622,0.1410553211697574,0.37978271283079756,0.4022463652410225,0.3506689764250282,1.8785163477885167e-06,4,3.0,10.0,,,,,,
190,invariant,0.2,0.25,0.5,0,3,10,,,,0.13217105175683522,0.13924391465128677,0.38555738098339787,0.4061896938642581,0.3428051394573783,1.7560044120631786e-06,4,4.0,2.0,,,,,,
191,invariant,0.2,0.25,0.5,0,3,10,,,,0.11487393367623251,0.14820866643174627,0.332466221077144,0.4289430481097954,0.3455206165127304,1.7355857561089555e-06,4,2.0,3.6666666666666665,,,,,,
192,invariant,0.2,0.25,0.5,0,2,10,,,,0.1169628732368442,0.1439573659308127,0.33765637117196146,0.4155859072070096,0.3463961684800475,2.286889466872977e-06,4,2.0,6.5,,,,,,
193,invariant,0.2,0.25,0.5,0,0,10,,,,,0.14063210441610607,,0.39999999999999997,0.3515802610402652,2.5319133383236527e-06,4,,,,,,,,
194,invariant,0.2,0.25,0.5,0,1,10,,,,0.11922513054416507,0.14216505246329308,0.3409572510935211,0.4065603054340532,0.3496776506784507,1.7968417239716247e-06,4,2.0,9.0,,,,,,
195,invariant,0.2,0.25,0.5,0,1,10,,,,0.12298008212461363,0.14379705193258682,0.3471185805277079,0.4058757132746991,0.35428838737947377,1.7968417239716247e-06,4,1.0,7.0,,,,,,
196,invariant,0.2,0.25,0.5,0,1,10,,,,0.13544817263894243,0.14178481042952018,0.3838386746495444,0.4017957028167173,0.35287786662615606,2.0214469394680776e-06,4,4.0,10.0,,,,,,
197,invariant,0.2,0.25,0.5,0,2,10,,,,0.1239624507327847,0.14387445062893034,0.35445173662710755,0.41138706584322315,0.349730126624253,1.7151671001547326e-06,4,2.0,1.5,,,,,,
198,invariant,0.2,0.25,0.5,0,1,10,,,,0.12691975799641128,0.13839430978722486,0.369902125214549,0.4033442083094945,0.34311713652035886,2.205214843056085e-06,4,2.0,10.0,,,,,,
199,invariant,0.2,0.25,0.5,0,1,10,,,,0.12789787295903093,0.13729455416170683,0.3751911696663714,0.4027565367037365,0.34088721510359815,1.6334924763378405e-06,4,1.0,8.0,,,,,,
200,invariant,0.2,0.25,0.5,0,0,10,,,,,0.1377679387080953,,0.4,0.34441984677023824,1.9193536596969628e-06,4,,,,,,,,
201,invariant,0.2,0.25,0.5,0,4,10,,,,0.13369826004009855,0.1520724565565595,0.36952928055682494,0.42031381296211673,0.36180694487493775,1.5109805406125026e-06,4,3.0,4.0,,,,,,
202,invariant,0.2,0.25,0.5,0,0,10,,,,,0.14040962274082888,,0.4,0.35102405685207216,2.552331994277876e-06,4,,,,,,,,
203,invariant,0.2,0.25,0.5,0,1,10,,,,0.11730841058178047,0.14107385910481074,0.33831487282648515,0.4068539030192795,0.34674328563126927,1.5722365084751715e-06,4,2.0,7.0,,,,,,
204,invariant,0.2,0.25,0.5,0,1,10,,,,0.12329875597942479,0.1394671012566225,0.3577758938164551,0.40469156735372724,0.3446256668222568,2.0418655954223007e-06,4,3.0,9.0,,,,,,
205,invariant,0.2,0.25,0.5,0,1,10,,,,0.12991943575906909,0.1431335508945618,0.3664550477163571,0.4037272169204048,0.35453034845253134,1.8376790358800707e-06,4,2.0,8.0,,,,,,
206,invariant,0.2,0.25,0.5,0,1,10,,,,0.11609105910149455,0.14409858707187564,0.3286421471278506,0.40792865031912773,0.3532445856870939,2.2664708109187538e-06,4,2.0,5.0,,,,,,
207,invariant,0.2,0.25,0.5,0,1,10,,,,0.11547828919615792,0.13921700891444538,0.3375493774147613,0.40693895806502656,0.34210784235654157,1.9601909716054086e-06,4,2.0,5.0,,,,,,
208,invariant,0.2,0.25,0.5,0,0,10,,,,,0.13779464631008342,,0.39999999999999997,0.34448661577520856,2.695262585957437e-06,4,,,,,,,,
209,invariant,0.2,0.25,0.5,0,2,10,,,,0.12248338675858611,0.14785893128605607,0.3431295919004909,0.41421760202487723,0.3569595559514052,1.8989350037427396e-06,4,1.5,3.0,,,,,,
210,invariant,0.2,0.25,0.5,0,0,10,,,,,0.14253022267361062,,0.39999999999999997,0.3563255566840266,2.062284251376524e-06,4,,,,,,,,
211,invariant,0.2,0.25,0.5,0,0,10,,,,,0.1401801987225272,,0.4,0.350450496806318,2.1847961871018617e-06,4,,,,,,,,
212,invariant,0.2,0.25,0.5,0,0,10,,,,,0.13772987833339662,,0.4,0.34432469583349157,2.062284251376524e-06,4,,,,,,,,
213,invariant,0.2,0.25,0.5,0,3,10,,,,0.11959963917548329,0.1455999739048039,0.3471690826701013,0.4226418217128137,0.34449968371501927,1.7151671001547326e-06,4,4.0,2.6666666666666665,,,,,,
214,invariant,0.2,0.25,0.5,0,0,10,,,,,0.13776254818292338,,0.4,0.3444063704573085,2.2460521549645307e-06,4,,,,,,,,
215,invariant,0.2,0.25,0.5,0,1,10,,,,0.11330313829901352,0.13992124296701108,0.33018681845078757,0.4077570201721347,0.34314858125052833,2.1031215632849696e-06,4,3.0,1.0,,,,,,
216,invariant,0.2,0.25,0.5,0,4,10,,,,0.12220390983829035,0.15434877912600123,0.34547513395659235,0.4363499106956051,0.3537270785272922,1.7151671001547326e-06,4,3.5,2.5,,,,,,
217,invariant,0.2,0.25,0.5,0,1,10,,,,0.1210595555743594,0.14608525146519907,0.3372539194631037,0.4069717867263218,0.3589567046902878,2.205214843056085e-06,4,1.0,8.0,,,,,,
218,invariant,0.2,0.25,0.5,0,0,10,,,,,0.14194845432816292,,0.4,0.3548711358204073,2.348145434735646e-06,4,,,,,,,,
219,invariant,0.2,0.25,0.5,0,2,10,,,,0.1094011360316336,0.14485606611241875,0.3176454757771443,0.4205886310557139,0.3444127002406543,1.8580976918342936e-06,4,3.0,6.5,,,,,,
220,invariant,0.2,0.25,0.5,0,2,10,,,,0.13800552249733974,0.1410818068177016,0.39299184764742373,0.4017520380881441,0.3511663748840731,2.062284251376524e-06,4,5.5,1.5,,,,,,
221,invariant,0.2,0.25,0.5,0,4,10,,,,0.12282650782464927,0.15250440788496636,0.34935268776893924,0.4337648748207072,0.35158311965209876,1.8172603799258476e-06,4,3.0,2.75,,,,,,
222,invariant,0.2,0.25,0.5,0,1,10,,,,0.10531694783148257,0.14451499189221398,0.2996317291212096,0.4111520300976433,0.3514879687153521,2.2460521549645307e-06,4,1.0,9.0,,,,,,
223,invariant,0.2,0.25,0.5,0,0,10,,,,,0.13875979533972765,,0.4,0.3468994883493191,1.4905618846582795e-06,4,,,,,,,,
224,invariant,0.2,0.25,0.5,0,0,10,,,,,0.1416678203207281,,0.4,0.3541695508018202,2.3889827466440917e-06,4,,,,,,,,
225,invariant,0.2,0.25,0.5,0,0,10,,,,,0.13963706247414487,,0.4,0.34909265618536217,2.2664708109187538e-06,4,,,,,,,,
226,invariant,0.2,0.25,0.5,0,1,10,,,,0.134472243182177,0.1406315555970205,0.3841635354657761,0.4017596071704693,0.3500390608888404,1.8376790358800707e-06,4,4.0,7.0,,,,,,
227,invariant,0.2,0.25,0.5,0,0,10,,,,,0.1439446638088716,,0.4,0.35986165952217897,1.8785163477885167e-06,4,,,,,,,,
228,invariant,0.2,0.25,0.5,0,1,10,,,,0.10837466405287592,0.14682368144702823,0.30319090504059026,0.4107565661066011,0.35744694926903253,2.2256334990103075e-06,4,1.0,6.0,,,,,,
229,invariant,0.2,0.25,0.5,0,1,10,,,,0.11280485934809914,0.14152878814573952,0.32542273764354823,0.40828636248405015,0.34664098816493866,1.8172603799258476e-06,4,1.0,5.0,,,,,,
230,invariant,0.2,0.25,0.5,0,2,10,,,,0.12116781680330482,0.13989611387170578,0.3559821148908766,0.4110044712772809,0.34037613614506396,1.8989350037427396e-06,4,3.0,2.0,,,,,,
231,invariant,0.2,0.25,0.5,0,0,10,,,,,0.13960896640355186,,0.4,0.3490224160088797,2.0418655954223007e-06,4,,,,,,,,
232,invariant,0.2,0.25,0.5,0,1,10,,,,0.08250825494982819,0.15297977628621323,0.22615437892369997,0.4193161801195889,0.3648315603814368,1.8580976918342936e-06,4,1.0,10.0,,,,,,
233,invariant,0.2,0.25,0.5,0,0,10,,,,,0.1369933365758159,,0.4,0.34248334143953973,2.3277267787814227e-06,4,,,,,,,,
234,invariant,0.2,0.25,0.5,0,1,10,,,,0.1081962080924347,0.14253589947739237,0.31112784079655625,0.40987468435593816,0.3477548258472415,1.9601909716054086e-06,4,3.0,7.0,,,,,,
235,invariant,0.2,0.25,0.5,0,0,10,,,,,0.13773224689748736,,0.4,0.34433061724371833,2.0418655954223007e-06,4,,,,,,,,
236,invariant,0.2,0.25,0.5,0,1,10,,,,0.10737480974006608,0.1415049566297448,0.3110241140243088,0.4098862095528546,0.3452298548519423,2.4706573704609838e-06,4,2.0,6.0,,,,,,
237,invariant,0.2,0.25,0.5,0,1,10,,,,0.12295436098225143,0.13816254580228782,0.359932103885221,0.4044519884571976,0.3416043183007105,1.7560044120631786e-06,4,4.0,7.0,,,,,,
238,invariant,0.2,0.25,0.5,0,0,10,,,,,0.14019882053675745,,0.4000000000000001,0.35049705134189363,2.0827029073307465e-06,4,,,,,,,,
239,invariant,0.2,0.25,0.5,0,1,10,,,,0.09853706850538634,0.14323071145226832,0.284047598337268,0.412883600184748,0.3469033678939504,2.0827029073307465e-06,4,4.0,2.0,,,,,,
240,invariant,0.2,0.25,0.5,0,2,10,,,,0.11391236249857034,0.14362973948070543,0.3309331203259144,0.4172667199185214,0.34421566021069605,1.4701432287040566e-06,4,3.0,3.5,,,,,,
241,invariant,0.2,0.25,0.5,0,1,10,,,,0.1149254336433266,0.1413565119878522,0.3314039745322188,0.40762178060753124,0.34678351038349914,2.1031215632849696e-06,4,2.0,9.0,,,,,,
242,invariant,0.2,0.25,0.5,0,0,10,,,,,0.13919969486360542,,0.4,0.34799923715901354,2.1031215632849696e-06,4,,,,,,,,
243,invariant,0.2,0.25,0.5,0,1,10,,,,0.09872706521247096,0.1460163037797132,0.2795071018127274,0.4133880997985859,0.35321844980747247,1.7151671001547326e-06,4,3.0,7.0,,,,,,
244,invariant,0.2,0.25,0.5,0,0,10,,,,,0.14183835693525776,,0.4,0.35459589233814437,1.7764230680174015e-06,4,,,,,,,,
245,invariant,0.2,0.25,0.5,0,1,10,,,,0.12971338404528002,0.1396197528189918,0.37427457620058635,0.40285838042215705,0.34657278985405154,2.3889827466440917e-06,4,6.0,6.0,,,,,,
246,invariant,0.2,0.25,0.5,0,0,10,,,,,0.1404331450324881,,0.4,0.3510828625812203,1.9601909716054086e-06,4,,,,,,,,
247,invariant,0.2,0.25,0.5,0,1,10,,,,0.10301269154488954,0.14376959873092499,0.2949668829819078,0.4116703463353436,0.3492347700308036,1.8785163477885167e-06,4,2.0,4.0,,,,,,
248,invariant,0.2,0.25,0.5,0,0,10,,,,,0.13863810015024047,,0.4,0.3465952503756012,2.0827029073307465e-06,4,,,,,,,,
249,invariant,0.2,0.25,0.5,0,0,10,,,,,0.1378958411689926,,0.4,0.3447396029224814,1.9806096275596317e-06,4,,,,,,,,
250,invariant,0.2,0.25,0.5,0,3,10,,,,0.10963568542853563,0.15344152106176348,0.3125755235037107,0.437467632784124,0.3507494259294878,1.7355857561089555e-06,4,2.3333333333333335,2.0,,,,,,
251,invariant,0.2,0.25,0.5,0,1,10,,,,0.09184546696230447,0.14588767767169875,0.2615125486933898,0.4153874945896234,0.35120864150189834,1.4497245727498334e-06,4,2.0,5.0,,,,,,
252,invariant,0.2,0.25,0.5,0,0,10,,,,,0.13911524330257877,,0.39999999999999997,0.3477881082564469,1.9601909716054086e-06,4,,,,,,,,
253,invariant,0.2,0.25,0.5,0,1,10,,,,0.09160781402981688,0.1438298379028612,0.2643658516764329,0.4150704609248408,0.3465190887888919,1.9806096275596317e-06,4,1.0,8.0,,,,,,
254,invariant,0.2,0.25,0.5,0,1,10,,,,0.13079195125958828,0.14148741861319505,0.3725792151967072,0.40304675386703254,0.3510446796945859,1.9601909716054086e-06,4,7.0,7.0,,,,,,
255,invariant,0.2,0.25,0.5,0,1,10,,,,0.1243605852491228,0.14052142332717452,0.35811606862465245,0.4046537701528164,0.34726334879842335,1.7764230680174015e-06,4,4.0,5.0,,,,,,
256,invariant,0.2,0.25,0.5,0,1,10,,,,0.0980696593005977,0.1451658811344095,0.2792888263805768,0.41341235262438036,0.3511406473775708,1.7968417239716247e-06,4,1.0,8.0,,,,,,
257,invariant,0.2,0.25,0.5,0,2,10,,,,0.06684238073348941,0.1648977292576363,0.1840289561043818,0.45399276097390456,0.3632166488820173,2.001028283513855e-06,4,1.5,8.0,,,,,,
258,invariant,0.2,0.25,0.5,0,0,10,,,,,0.14004388377537683,,0.4,0.35010970943844205,2.062284251376524e-06,4,,,,,,,,
259,invariant,0.2,0.25,0.5,0,2,10,,,,0.11443386140311412,0.1452014639149135,0.3291925319990967,0.4177018670002258,0.3476198585313841,1.3476312929787184e-06,4,4.5,4.5,,,,,,
260,invariant,0.2,0.25,0.5,0,0,10,,,,,0.14049170573776484,,0.4,0.3512292643444121,2.0827029073307465e-06,4,,,,,,,,
261,invariant,0.2,0.25,0.5,0,1,10,,,,0.1171441085691417,0.14191730083328952,0.33604166385910145,0.4071064817934331,0.3485999540171868,1.7764230680174015e-06,4,2.0,7.0,,,,,,
262,invariant,0.2,0.25,0.5,0,0,10,,,,,0.1387124240579138,,0.4,0.3467810601447846,2.2256334990103075e-06,4,,,,,,,,
263,invariant,0.2,0.25,0.5,0,0,10,,,,,0.13706210660906973,,0.4,0.3426552665226743,1.7355857561089555e-06,4,,,,,,,,
264,invariant,0.2,0.25,0.5,0,1,10,,,,0.11376512162180163,0.1447863608421501,0.32117933256314163,0.40875785193742864,0.3542105923002882,1.8580976918342936e-06,4,1.0,9.0,,,,,,
265,invariant,0.2,0.25,0.5,0,1,10,,,,0.11536529294691962,0.14410572059428214,0.3267405576988338,0.40813993803346293,0.3530791945738647,2.143958875193416e-06,4,4.0,5.0,,,,,,
266,invariant,0.2,0.25,0.5,0,0,10,,,,,0.14290592594316837,,0.4,0.3572648148579209,2.205214843056085e-06,4,,,,,,,,
267,invariant,0.2,0.25,0.5,0,1,10,,,,0.10183594628738324,0.14216839243115306,0.294887862783365,0.4116791263574039,0.3453378695419401,2.1643775311476386e-06,4,3.0,2.0,,,,,,
268,invariant,0.2,0.25,0.5,0,2,10,,,,0.09254026591138971,0.15904222381132566,0.253984088149788,0.436503977962553,0.3643545805783462,1.6743297882462865e-06,4,1.5,7.0,,,,,,
269,invariant,0.2,0.25,0.5,0,0,10,,,,,0.13954869053117502,,0.4,0.3488717263279375,2.491076026415207e-06,4,,,,,,,,
270,invariant,0.2,0.25,0.5,0,2,10,,,,0.07949167766202281,0.15515243034586146,0.22708618428817096,0.4432284539279573,0.3500506995227343,1.6334924763378405e-06,4,1.5,5.5,,,,,,
271,invariant,0.2,0.25,0.5,0,2,10,,,,0.10319521403617453,0.14976906994102726,0.29388979888032263,0.4265275502799193,0.35113574690014177,1.8785163477885167e-06,4,2.5,3.0,,,,,,
272,invariant,0.2,0.25,0.5,0,3,10,,,,0.11756021379810866,0.15185928801263393,0.3321623914765452,0.4290732607957664,0.3539239143706909,1.4088872608413874e-06,4,3.0,3.0,,,,,,
273,invariant,0.2,0.25,0.5,0,1,10,,,,0.10007397280333498,0.14337121537437625,0.2878967191711986,0.41245592009208903,0.3476037277931803,2.205214843056085e-06,4,3.0,7.0,,,,,,
274,invariant,0.2,0.25,0.5,0,1,10,,,,0.0887639801185591,0.1448294360499039,0.2550269710026499,0.4161081143330389,0.3480572261419235,2.2460521549645307e-06,4,2.0,8.0,,,,,,
275,invariant,0.2,0.25,0.5,0,2,10,,,,0.0971834517014992,0.15032938327256937,0.27826289101215684,0.4304342772469608,0.34925049239588835,1.4293059167956105e-06,4,3.5,4.0,,,,,,
276,invariant,0.2,0.25,0.5,0,1,10,,,,0.09648394217510352,0.14690278323768982,0.27205225052384063,0.4142164166084622,0.354652247828578,1.8172603799258476e-06,4,3.0,8.0,,,,,,
277,invariant,0.2,0.25,0.5,0,3,10,,,,0.10941026249149655,0.15519577572130397,0.3093741504988346,0.4388396497862138,0.35365030438090433,1.5722365084751715e-06,4,3.0,5.0,,,,,,
278,invariant,0.2,0.25,0.5,0,2,10,,,,0.08496881525860178,0.15415139640685113,0.24222324859999483,0.4394441878500013,0.35078720044300316,1.6947484442005097e-06,4,1.5,7.0,,,,,,
279,invariant,0.2,0.25,0.5,0,1,10,,,,0.08788698874815332,0.14894871951141236,0.24610871464152395,0.4170990317064974,0.3571063660877161,2.0418655954223007e-06,4,1.0,5.0,,,,,,
280,invariant,0.2,0.25,0.5,0,2,10,,,,0.11771046568850584,0.1469382181026354,0.33371107846848647,0.4165722303828784,0.3527316690495238,1.4497245727498334e-06,4,4.5,5.0,,,,,,
281,invariant,0.2,0.25,0.5,0,0,10,,,,,0.13888492086341514,,0.4,0.3472123021585378,1.9601909716054086e-06,4,,,,,,,,
282,invariant,0.2,0.25,0.5,0,1,10,,,,0.10913483616321853,0.1409776176664228,0.3168072899502234,0.4092436344499752,0.3444833487902559,2.0827029073307465e-06,4,5.0,5.0,,,,,,
283,invariant,0.2,0.25,0.5,0,0,10,,,,,0.14395993696352533,,0.39999999999999997,0.35989984240881334,1.8785163477885167e-06,4,,,,,,,,
284,invariant,0.2,0.25,0.5,0,1,10,,,,0.10850210989371303,0.14268794703149992,0.3116323857851851,0.4098186238016461,0.3481734082943031,1.9806096275596317e-06,4,3.0,3.0,,,,,,
285,invariant,0.2,0.25,0.5,0,2,10,,,,0.12002996233743327,0.14477048716012345,0.3433783932232931,0.4141554016941767,0.3495559554889635,1.8172603799258476e-06,4,5.5,4.5,,,,,,
286,invariant,0.2,0.25,0.5,0,0,10,,,,,0.13754790727153257,,0.4,0.34386976817883147,2.0214469394680776e-06,4,,,,,,,,
287,invariant,0.2,0.25,0.5,0,1,10,,,,0.07772241280291589,0.14614502995396747,0.22317550120653837,0.4196471665326069,0.34825692059715585,2.0418655954223007e-06,4,1.0,8.0,,,,,,
288,invariant,0.2,0.25,0.5,0,1,10,,,,0.08517488818944316,0.14195425137153675,0.2500064318766256,0.41666595201370826,0.3406907876333185,1.9806096275596317e-06,4,1.0,2.0,,,,,,
289,invariant,0.2,0.25,0.5,0,0,10,,,,,0.13810166122101114,,0.4,0.3452541530525278,2.2664708109187538e-06,4,,,,,,,,
290,invariant,0.2,0.25,0.5,0,1,10,,,,0.12305079231589389,0.14005430544710232,0.3557564887425824,0.4049159456952686,0.34588488533495376,1.9806096275596317e-06,4,4.0,9.0,,,,,,
291,invariant,0.2,0.25,0.5,0,2,10,,,,0.09594485120920182,0.15083872785087601,0.2744026420107312,0.43139933949731724,0.34964988130635294,1.7764230680174015e-06,4,2.5,3.5,,,,,,
292,invariant,0.2,0.25,0.5,0,0,10,,,,,0.14301692175693548,,0.4,0.35754230439233875,2.491076026415207e-06,4,,,,,,,,
293,invariant,0.2,0.25,0.5,0,1,10,,,,0.10194695607605926,0.14377775304086443,0.2921227683940441,0.4119863590673285,0.3489866833609598,1.8172603799258476e-06,4,2.0,5.0,,,,,,
294,invariant,0.2,0.25,0.5,0,0,10,,,,,0.1437715952810036,,0.4,0.35942898820250896,2.429820058552538e-06,4,,,,,,,,
295,invariant,0.2,0.25,0.5,0,3,10,,,,0.08666231756598695,0.1606509099669377,0.250370836823222,0.4641267842186192,0.34613583061663117,1.7764230680174015e-06,4,3.0,2.3333333333333335,,,,,,
296,invariant,0.2,0.25,0.5,0,2,10,,,,0.09023796954484434,0.14731688490317968,0.2655989343095084,0.4336002664226229,0.3397527545787815,1.8172603799258476e-06,4,2.5,8.0,,,,,,
297,invariant,0.2,0.25,0.5,0,0,10,,,,,0.13977827789872427,,0.4,0.3494456947468107,1.6947484442005097e-06,4,,,,,,,,
298,invariant,0.2,0.25,0.5,0,2,10,,,,0.11679995106888896,0.1456487406201409,0.33400286106207233,0.4164992847344819,0.3496974567747263,1.7355857561089555e-06,4,5.5,5.5,,,,,,
299,invariant,0.2,0.25,0.5,0,0,10,,,,,0.14481768386285035,,0.4,0.36204420965712586,2.205214843056085e-06,4,,,,,,,,
300,invariant,0.2,0.25,0.5,0,2,10,,,,0.08273698523394976,0.15135130175478262,0.24046479394921716,0.4398838015126957,0.34407109612654013,1.8580976918342936e-06,4,2.5,5.5,,,,,,
301,invariant,0.2,0.25,0.5,0,0,10,,,,,0.145332560691392,,0.4,0.36333140172848005,2.1235402192391928e-06,4,,,,,,,,
302,invariant,0.2,0.25,0.5,0,2,10,,,,0.10332920991432155,0.14955435539989675,0.2945754573472654,0.42635613566318364,0.3507733157569543,1.6539111322920636e-06,4,3.5,4.0,,,,,,
303,invariant,0.2,0.25,0.5,0,1,10,,,,0.11022022617881441,0.14512887385017054,0.3112730174403908,0.4098585536177344,0.3540950227075873,2.1643775311476386e-06,4,3.0,7.0,,,,,,
304,invariant,0.2,0.25,0.5,0,2,10,,,,0.09892179493904218,0.14861801890636606,0.285326418759681,0.4286683953100798,0.3466969352822532,1.5926551644293945e-06,4,3.5,6.0,,,,,,
305,invariant,0.2,0.25,0.5,0,0,10,,,,,0.1451023199268522,,0.4,0.3627557998171305,2.2256334990103075e-06,4,,,,,,,,
306,invariant,0.2,0.25,0.5,0,1,10,,,,0.11575006996411978,0.14237175838186922,0.3314019326666234,0.40762200748148625,0.3492739738502357,1.8785163477885167e-06,4,4.0,3.0,,,,,,
307,invariant,0.2,0.25,0.5,0,0,10,,,,,0.13984467936788741,,0.4,0.34961169841971856,2.1235402192391928e-06,4,,,,,,,,
308,invariant,0.2,0.25,0.5,0,1,10,,,,0.13122942100455764,0.1372410074483118,0.38416149360018065,0.4017598340444244,0.34159962200984095,2.4706573704609838e-06,4,6.0,4.0,,,,,,
309,invariant,0.2,0.25,0.5,0,0,10,,,,,0.13854327591198906,,0.4000000000000001,0.3463581897799726,2.3073081228271996e-06,4,,,,,,,,
310,invariant,0.2,0.25,0.5,0,0,10,,,,,0.13831417859218267,,0.4,0.34578544648045667,1.8376790358800707e-06,4,,,,,,,,
311,invariant,0.2,0.25,0.5,0,0,10,,,,,0.14157160761387177,,0.4,0.35392901903467944,1.5926551644293945e-06,4,,,,,,,,
312,invariant,0.2,0.25,0.5,0,2,10,,,,0.07151093410005142,0.15232677156556226,0.21007356433367186,0.44748160891658206,0.3404090101811502,1.9806096275596317e-06,4,2.0,4.0,,,,,,
313,invariant,0.2,0.25,0.5,0,1,10,,,,0.08010915034671583,0.1450798793280498,0.23122392282401447,0.4187528974639984,0.34645701607479107,1.9601909716054086e-06,4,1.0,6.0,,,,,,
314,invariant,0.2,0.25,0.5,0,2,10,,,,0.072968942467187,0.15656126544762777,0.2087170509253531,0.44782073726866173,0.34960700212884904,1.5926551644293945e-06,4,1.5,1.5,,,,,,
315,invariant,0.2,0.25,0.5,0,2,10,,,,0.09444144287253448,0.14957843303343096,0.2726546008744902,0.4318363497813774,0.34637758750312914,1.6947484442005097e-06,4,2.5,5.5,,,,,,
316,invariant,0.2,0.25,0.5,0,2,10,,,,0.09311284077494877,0.14681674880764353,0.27370840770828764,0.4315728980729281,0.34018991800276144,1.7764230680174015e-06,4,4.5,3.0,,,,,,
317,invariant,0.2,0.25,0.5,0,0,10,,,,,0.14196593269765972,,0.4,0.35491483174414934,1.8376790358800707e-06,4,,,,,,,,
318,invariant,0.2,0.25,0.5,0,2,10,,,,0.0853935297580623,0.14949532867570647,0.24991710025682587,0.4375207249357935,0.3416874222304441,1.9397723156511855e-06,4,3.5,2.5,,,,,,
319,invariant,0.2,0.25,0.5,0,1,10,,,,0.07617572118498525,0.14330780993760367,0.22307095768805277,0.4196587824791052,0.34148650265585456,1.8989350037427396e-06,4,2.0,2.0,,,,,,
320,invariant,0.2,0.25,0.5,0,0,10,,,,,0.1392702617385832,,0.39999999999999997,0.34817565434645803,2.2460521549645307e-06,4,,,,,,,,
321,invariant,0.2,0.25,0.5,0,0,10,,,,,0.14248881363933547,,0.4,0.3562220340983387,2.1643775311476386e-06,4,,,,,,,,
322,invariant,0.2,0.25,0.5,0,0,10,,,,,0.1416834201738771,,0.4,0.3542085504346928,2.5319133383236527e-06,4,,,,,,,,
323,invariant,0.2,0.25,0.5,0,2,10,,,,0.07061484194568143,0.1559161974785298,0.20341902226491082,0.4491452444337723,0.3471398159299003,1.6539111322920636e-06,4,2.5,3.5,,,,,,
324,invariant,0.2,0.25,0.5,0,1,10,,,,0.08513807313198107,0.14479916684899255,0.2452962563211054,0.4171893048532105,0.3470826436932285,2.001028283513855e-06,4,2.0,5.0,,,,,,
325,invariant,0.2,0.25,0.5,0,1,10,,,,0.07360647714717872,0.14678503504654208,0.2111076671644735,0.4209880369817251,0.34866794814151436,2.0214469394680776e-06,4,1.0,8.0,,,,,,
326,invariant,0.2,0.25,0.5,0,1,10,,,,0.10404868120522874,0.14306171249891847,0.2990755249330166,0.41121383056299815,0.34790102342387375,1.7560044120631786e-06,4,4.0,7.0,,,,,,
327,invariant,0.2,0.25,0.5,0,1,10,,,,0.04704439165962783,0.15580734341638378,0.1298393746010705,0.4300178472665477,0.3623276206017705,3.369078232446796e-06,4,2.0,9.0,,,,,,
328,invariant,0.2,0.25,0.5,0,2,10,,,,0.09649605356288608,0.15245958609979218,0.27323050906567903,0.43169237273358024,0.3531671989810274,1.7764230680174015e-06,4,3.5,3.5,,,,,,
329,invariant,0.2,0.25,0.5,0,1,10,,,,0.06346538540213373,0.1513667503552503,0.17805272178642004,0.4246608086903978,0.35644153464984657,2.143958875193416e-06,4,1.0,9.0,,,,,,
330,invariant,0.2,0.25,0.5,0,0,10,,,,,0.14241089604821416,,0.4,0.35602724012053544,2.143958875193416e-06,4,,,,,,,,
331,invariant,0.2,0.25,0.5,0,1,10,,,,0.07036824966432796,0.15066809987248886,0.19733365023087374,0.42251848330768066,0.35659528712918187,1.9193536596969628e-06,4,1.0,8.0,,,,,,
332,invariant,0.2,0.25,0.5,0,1,10,,,,0.06054907611332955,0.14969774240037678,0.17203534387671052,0.4253294062359211,0.35195718942918014,2.960705113362336e-06,4,2.0,7.0,,,,,,
333,invariant,0.2,0.25,0.5,0,1,10,,,,0.05409691990505395,0.1518319756177099,0.15232296923194408,0.4275196700853396,0.3551461751161107,2.4502387145067606e-06,4,1.0,4.0,,,,,,
334,invariant,0.2,0.25,0.5,0,0,10,,,,,0.13644023602332792,,0.39999999999999997,0.3411005900583198,2.286889466872977e-06,4,,,,,,,,
335,invariant,0.2,0.25,0.5,0,1,10,,,,0.056751261198936524,0.14719840204054313,0.16431341656794246,0.4261873981591175,0.3453842198909562,1.6947484442005097e-06,4,1.0,5.0,,,,,,
336,invariant,0.2,0.25,0.5,0,2,10,,,,0.0865559567491176,0.1534848805890669,0.2471278097601992,0.4382180475599502,0.35024773955269256,1.6539111322920636e-06,4,4.0,3.5,,,,,,
337,invariant,0.2,0.25,0.5,0,0,10,,,,,0.14436340960518076,,0.4,0.360908524012952,2.572750650232099e-06,4,,,,,,,,
338,invariant,0.2,0.25,0.5,0,2,10,,,,0.057672129811811725,0.1590481487397498,0.16623450581339555,0.4584413735466511,0.3469323623854054,2.5931693061863217e-06,4,2.5,5.5,,,,,,
339,invariant,0.2,0.25,0.5,0,0,10,,,,,0.14064108862472594,,0.4,0.3516027215618148,2.756518553820106e-06,4,,,,,,,,
340,invariant,0.2,0.25,0.5,0,1,10,,,,0.11427403733246186,0.14393185357738572,0.3242596910003957,0.40841558988884485,0.35241517988223336,2.1847961871018617e-06,4,6.0,1.0,,,,,,
341,invariant,0.2,0.25,0.5,0,0,10,,,,,0.13751041861920063,,0.4,0.3437760465480016,2.4706573704609838e-06,4,,,,,,,,
342,invariant,0.2,0.25,0.5,0,1,10,,,,0.06243483452267954,0.1455058497804972,0.1820274173544691,0.42421917584950347,0.34299687063678846,1.6743297882462865e-06,4,2.0,5.0,,,,,,
343,invariant,0.2,0.25,0.5,0,0,10,,,,,0.1406236102552291,,0.39999999999999997,0.3515590256380728,2.2664708109187538e-06,4,,,,,,,,
344,invariant,0.2,0.25,0.5,0,1,10,,,,0.07489671552234371,0.14858870750929198,0.21214268883479306,0.4208730345739119,0.3530487707764929,2.143958875193416e-06,4,3.0,7.0,,,,,,
345,invariant,0.2,0.25,0.5,0,1,10,,,,0.03201244300859628,0.1520496459334585,0.091434128803332,0.4342850967996298,0.3501148141024306,2.5931693061863217e-06,4,1.0,9.0,,,,,,
346,invariant,0.2,0.25,0.5,0,2,10,,,,0.04561072598683719,0.16282041927221647,0.13089746935261834,0.46727563266184546,0.3484462015378515,2.1847961871018617e-06,4,1.5,4.5,,,,,,
347,invariant,0.2,0.25,0.5,0,1,10,,,,0.05400800986678032,0.1468541667335178,0.15703477827994058,0.4269961357466733,0.3439238776171102,2.7360998978658827e-06,4,2.0,6.0,,,,,,
348,invariant,0.2,0.25,0.5,0,3,10,,,,0.06326345544890606,0.16275643854312838,0.19039695636791862,0.48982987584232063,0.3322713590371542,2.429820058552538e-06,4,4.0,2.0,,,,,,
349,invariant,0.2,0.25,0.5,0,2,10,,,,0.056159727881308616,0.15557539280268887,0.16555027665236952,0.4586124308369076,0.33923064954603205,2.001028283513855e-06,4,1.5,3.0,,,,,,
350,invariant,0.2,0.25,0.5,0,0,10,,,,,0.1505374394433711,,0.4,0.37634359860842775,2.7360998978658827e-06,4,,,,,,,,
351,invariant,0.2,0.25,0.5,0,1,10,,,,0.04460735821279043,0.14569528373254542,0.13159823762496728,0.4298224180416703,0.33896622795142484,2.572750650232099e-06,4,2.0,2.0,,,,,,
352,invariant,0.2,0.25,0.5,0,1,10,,,,0.07156710593445403,0.1481236772260139,0.20379615484038532,0.42180042723995714,0.3511700502421448,2.71568124191166e-06,4,2.0,6.0,,,,,,
353,invariant,0.2,0.25,0.5,0,2,10,,,,0.07115712259482661,0.16016073529826363,0.19993570165240016,0.45001607458689996,0.3559000318939406,1.9193536596969628e-06,4,2.0,5.5,,,,,,
354,invariant,0.2,0.25,0.5,0,2,10,,,,0.044013472859328925,0.1639484743850997,0.12578739442023473,0.46855315139494136,0.3499036851998639,2.695262585957437e-06,4,1.5,6.5,,,,,,
355,invariant,0.2,0.25,0.5,0,0,10,,,,,0.14145571132267562,,0.4,0.353639278306689,1.9601909716054086e-06,4,,,,,,,,
356,invariant,0.2,0.25,0.5,0,0,10,,,,,0.13785410543622212,,0.4,0.3446352635905553,2.429820058552538e-06,4,,,,,,,,
357,invariant,0.2,0.25,0.5,0,1,10,,,,0.04940672286470087,0.15548242645894675,0.1364121399527349,0.4292875400052517,0.3621871402488054,2.552331994277876e-06,4,1.0,9.0,,,,,,
358,invariant,0.2,0.25,0.5,0,2,10,,,,0.06852540073483758,0.15230449460346898,0.2022163634292071,0.4494459091426982,0.33887168957435676,2.286889466872977e-06,4,3.5,3.0,,,,,,
359,invariant,0.2,0.25,0.5,0,0,10,,,,,0.14195694848903986,,0.4,0.3548923712225997,2.695262585957437e-06,4,,,,,,,,
360,invariant,0.2,0.25,0.5,0,2,10,,,,0.07346644160372959,0.15264565671919178,0.2147987476013184,0.4463003130996704,0.34202453424024837,2.2256334990103075e-06,4,2.0,2.0,,,,,,
361,invariant,0.2,0.25,0.5,0,1,10,,,,0.06674618943855039,0.14690133371158007,0.19223327416006838,0.42308519175999243,0.34721454821069275,1.9806096275596317e-06,4,2.0,4.0,,,,,,
362,invariant,0.2,0.25,0.5,0,2,10,,,,0.04478996137025781,0.16294179184366922,0.12860384172928047,0.4678490395676799,0.34827856437246735,3.12405436099612e-06,4,2.5,4.5,,,,,,
363,invariant,0.2,0.25,0.5,0,0,10,,,,,0.14210935333708222,,0.4,0.3552733833427055,2.552331994277876e-06,4,,,,,,,,
364,invariant,0.2,0.25,0.5,0,2,10,,,,0.05275770031612524,0.17364893389809202,0.1411854091551536,0.4647036477112116,0.3736767179542467,3.205728984813012e-06,4,1.5,7.0,,,,,,
365,invariant,0.2,0.25,0.5,0,0,10,,,,,0.13905602920031152,,0.4,0.34764007300077876,2.981123769316559e-06,4,,,,,,,,
366,invariant,0.2,0.25,0.5,0,2,10,,,,0.04466636320665632,0.16069356100695922,0.1299497374365031,0.4675125656408742,0.3437203036172466,2.552331994277876e-06,4,1.5,4.5,,,,,,
367,invariant,0.2,0.25,0.5,0,2,10,,,,0.0676790700561058,0.16072764395170228,0.19048707070286325,0.4523782323242842,0.3552948229314574,2.2664708109187538e-06,4,1.5,7.5,,,,,,
368,invariant,0.2,0.25,0.5,0,0,10,,,,,0.1395597982800141,,0.39999999999999997,0.34889949570003526,2.695262585957437e-06,4,,,,,,,,
369,invariant,0.2,0.25,0.5,0,0,10,,,,,0.13826386702391144,,0.4,0.34565966755977867,2.695262585957437e-06,4,,,,,,,,
370,invariant,0.2,0.25,0.5,0,0,10,,,,,0.13965552093912753,,0.39999999999999997,0.34913880234781874,2.368564090689869e-06,4,,,,,,,,
371,invariant,0.2,0.25,0.5,0,3,10,,,,0.06827158475910795,0.17013802566859523,0.1956512891046188,0.4875780189551634,0.3489452334893727,2.0214469394680776e-06,4,2.0,2.0,,,,,,
372,invariant,0.2,0.25,0.5,0,2,10,,,,0.05525529871894259,0.15468858125049542,0.16395996963337486,0.4590100075916563,0.33700481186046216,2.1235402192391928e-06,4,1.5,2.5,,,,,,
373,invariant,0.2,0.25,0.5,0,2,10,,,,0.06252222839006495,0.1601442594306507,0.1778475142940801,0.45553812142648,0.35154963305633385,2.491076026415207e-06,4,2.0,6.0,,,,,,
374,invariant,0.2,0.25,0.5,0,2,10,,,,0.04658432543975698,0.1670732074501064,0.1303281972246146,0.46741795069384634,0.3574385776200913,2.8177745216827748e-06,4,2.5,6.5,,,,,,
375,invariant,0.2,0.25,0.5,0,3,10,,,,0.06781908347390558,0.16479243176946118,0.19990823856014173,0.48575361204565354,0.33925106820198625,2.491076026415207e-06,4,4.0,2.3333333333333335,,,,,,
376,invariant,0.2,0.25,0.5,0,1,10,,,,0.03696716918529171,0.15384681248954007,0.1040165129754433,0.43288705411383965,0.3553971203977881,2.981123769316559e-06,4,2.0,8.0,,,,,,
377,invariant,0.2,0.25,0.5,0,1,10,,,,0.07151848662361272,0.14544316399265345,0.20722383461542074,0.42141957393162,0.34512674063937343,2.4502387145067606e-06,4,3.0,6.0,,,,,,
378,invariant,0.2,0.25,0.5,0,2,10,,,,0.05727824069350458,0.15653180793782878,0.16762593512339607,0.45809351621915095,0.3417027362224098,2.4706573704609838e-06,4,3.0,3.0,,,,,,
379,invariant,0.2,0.25,0.5,0,3,10,,,,0.05995095032563514,0.1722782062785945,0.17304354904554353,0.4972670504090528,0.3464500737317667,2.634006618094768e-06,4,3.0,2.3333333333333335,,,,,,
380,invariant,0.2,0.25,0.5,0,0,10,,,,,0.1483945423382873,,0.4,0.37098635584571826,2.4706573704609838e-06,4,,,,,,,,
381,invariant,0.2,0.25,0.5,0,2,10,,,,0.06506557170893013,0.1634301327567822,0.18104293185763623,0.4547392670355909,0.3593930513680295,2.1847961871018617e-06,4,3.5,5.5,,,,,,
382,invariant,0.2,0.25,0.5,0,1,10,,,,0.07997500197431465,0.1595329524523652,0.2110476363159681,0.42099470707600356,0.37894289351140037,2.3889827466440917e-06,4,4.0,5.0,,,,,,
383,invariant,0.2,0.25,0.5,0,0,10,,,,,0.13781833195099033,,0.4,0.34454582987747584,3.103635705041897e-06,4,,,,,,,,
384,invariant,0.2,0.25,0.5,0,1,10,,,,0.039011375979569295,0.1574414155488434,0.1071752790515616,0.4325360801053821,0.36399602897979,3.226147640767235e-06,4,1.0,8.0,,,,,,
385,invariant,0.2,0.25,0.5,0,0,10,,,,,0.1386987027211126,,0.4,0.3467467568027815,2.491076026415207e-06,4,,,,,,,,
386,invariant,0.2,0.25,0.5,0,1,10,,,,0.03977002304464086,0.1489264852609585,0.115266375659982,0.4316370693711131,0.34502709759831685,3.859125975348148e-06,4,2.0,4.0,,,,,,
387,invariant,0.2,0.25,0.5,0,1,10,,,,0.06446634475060771,0.14554638569548153,0.18762253745904528,0.42359749583788386,0.3435959540024854,3.205728984813012e-06,4,4.0,5.0,,,,,,
388,invariant,0.2,0.25,0.5,0,0,10,,,,,0.1397077926983703,,0.39999999999999997,0.34926948174592576,3.042379737179228e-06,4,,,,,,,,
389,invariant,0.2,0.25,0.5,0,1,10,,,,0.052874124678848125,0.14450051239754058,0.15627295822628853,0.42708078241930125,0.3383446840641783,2.858611833591221e-06,4,4.0,3.0,,,,,,
390,invariant,0.2,0.25,0.5,0,2,10,,,,0.05310274480455175,0.16048258386498993,0.15280638091166032,0.46179840477208495,0.3475165401322557,2.838193177636998e-06,4,1.5,7.5,,,,,,
391,invariant,0.2,0.25,0.5,0,0,10,,,,,0.1436396090889155,,0.4,0.3590990227222887,3.103635705041897e-06,4,,,,,,,,
392,invariant,0.2,0.25,0.5,0,1,10,,,,0.022940560083059138,0.1622076410313912,0.06188404571982092,0.4375684393644643,0.37070233234139505,5.02298936473886e-06,4,1.0,9.0,,,,,,
393,invariant,0.2,0.25,0.5,0,1,10,,,,0.047823305390582646,0.14911504462154948,0.1376350132578333,0.42915166519357406,0.347464676746132,2.7360998978658827e-06,4,2.0,8.0,,,,,,
394,invariant,0.2,0.25,0.5,0,3,10,,,,0.05153237843841407,0.17624086688226542,0.14847800019139087,0.5077951427751182,0.34707080087277503,2.981123769316559e-06,4,2.6666666666666665,2.0,,,,,,
395,invariant,0.2,0.25,0.5,0,1,10,,,,0.04680080306124138,0.14950326422666507,0.13445317410048674,0.42950520287772365,0.3480825452753068,3.471171512217911e-06,4,3.0,3.0,,,,,,
396,invariant,0.2,0.25,0.5,0,0,10,,,,,0.14251184588325183,,0.4,0.35627961470812963,3.471171512217911e-06,4,,,,,,,,
397,invariant,0.2,0.25,0.5,0,2,10,,,,0.059655759709122916,0.1588553562130624,0.17165218779772953,0.4570869530505677,0.3475385922806863,3.185310328858789e-06,4,2.5,6.5,,,,,,
398,invariant,0.2,0.25,0.5,0,3,10,,,,0.07009839536079727,0.16558068911665322,0.2047625017645122,0.4836732135294947,0.3423400024747411,2.429820058552538e-06,4,3.0,2.0,,,,,,
399,invariant,0.2,0.25,0.5,0,1,10,,,,0.027445354884165822,0.14852391649584615,0.08047543615270052,0.43550272931636663,0.34104015083669525,2.756518553820106e-06,4,1.0,8.0,,,,,,
400,invariant,0.2,0.25,0.5,0,1,10,,,,0.028404990456545574,0.16044759941103737,0.07716475527628279,0.4358705827470797,0.36810834628897054,3.879544631302371e-06,4,3.0,7.0,,,,,,
401,invariant,0.2,0.25,0.5,0,3,10,,,,0.06034006815936466,0.18040059906388675,0.16716733211066423,0.4997854290954296,0.3609560994813253,3.3078222645841273e-06,4,2.3333333333333335,4.666666666666667,,,,,,
402,invariant,0.2,0.25,0.5,0,4,10,,,,0.0820869502931634,0.17834030337825812,0.23480423205230772,0.5101305119651283,0.34959740536055056,2.205214843056085e-06,4,3.5,2.5,,,,,,
403,invariant,0.2,0.25,0.5,0,2,10,,,,0.06827084580612945,0.16938065119686532,0.1830824493076238,0.45422938767309406,0.37289672529679535,2.613587962140545e-06,4,1.5,7.5,,,,,,
404,invariant,0.2,0.25,0.5,0,1,10,,,,0.0270108618743999,0.15864576009934267,0.07426571450390221,0.43619269838845537,0.363705675692121,3.879544631302371e-06,4,1.0,7.0,,,,,,
405,invariant,0.2,0.25,0.5,0,0,10,,,,,0.1419691180079886,,0.4,0.3549227950199715,4.471685653974839e-06,4,,,,,,,,
406,invariant,0.2,0.25,0.5,0,0,10,,,,,0.14164495142605935,,0.39999999999999997,0.3541123785651484,3.491590168172134e-06,4,,,,,,,,
407,invariant,0.2,0.25,0.5,0,0,10,,,,,0.14651284068016995,,0.39999999999999997,0.36628210170042486,4.573778933745954e-06,4,,,,,,,,
408,invariant,0.2,0.25,0.5,0,1,10,,,,0.04108233856739222,0.15317177245023939,0.11575519828352611,0.43158275574627486,0.35490707265488675,3.471171512217911e-06,4,1.0,5.0,,,,,,
409,invariant,0.2,0.25,0.5,0,0,10,,,,,0.1353034069344206,,0.39999999999999997,0.33825851733605145,4.9413147409219675e-06,4,,,,,,,,
410,invariant,0.2,0.25,0.5,0,1,10,,,,0.04684015398892711,0.150743250170008,0.13349247633784056,0.42961194707357325,0.3508823513797498,3.5936834479432493e-06,4,1.0,3.0,,,,,,
411,invariant,0.2,0.25,0.5,0,1,10,,,,0.059500066411957896,0.144580135391766,0.17490743202323153,0.425010285330752,0.34018032123446296,2.981123769316559e-06,4,3.0,3.0,,,,,,
412,invariant,0.2,0.25,0.5,0,2,10,,,,0.08134248828655657,0.15318252460046705,0.23439187729531213,0.44140203067617195,0.3470362933442124,3.9612192551192635e-06,4,5.5,5.5,,,,,,
413,invariant,0.2,0.25,0.5,0,0,10,,,,,0.15389034610030217,,0.4,0.38472586525075536,3.2465662967214583e-06,4,,,,,,,,
414,invariant,0.2,0.25,0.5,0,0,10,,,,,0.14201044536763996,,0.39999999999999997,0.35502611341909984,3.266984952675681e-06,4,,,,,,,,
415,invariant,0.2,0.25,0.5,0,1,10,,,,0.048443820703860795,0.15099485499990076,0.13768340547244481,0.4291462882808395,0.35184937892574186,2.613587962140545e-06,4,2.0,7.0,,,,,,
416,invariant,0.2,0.25,0.5,0,1,10,,,,0.06342500669905107,0.14447063866110782,0.18604335860754567,0.4237729601547172,0.3409151886622554,2.409401402598315e-06,4,4.0,4.0,,,,,,
417,invariant,0.2,0.25,0.5,0,1,10,,,,0.04621399532030063,0.14748757717107921,0.13457752371524795,0.42949138625386135,0.3434005474650034,3.287403608629904e-06,4,2.0,5.0,,,,,,
418,invariant,0.2,0.25,0.5,0,1,10,,,,0.03411537131054144,0.1496467092246657,0.09881812735605766,0.4334646525159936,0.3452339385831331,3.205728984813012e-06,4,2.0,4.0,,,,,,
419,invariant,0.2,0.25,0.5,0,1,10,,,,0.04670883487379146,0.14821540089296306,0.13532443815005343,0.4294083957611052,0.34516186072761473,4.042893878936155e-06,4,2.0,6.0,,,,,,
420,invariant,0.2,0.25,0.5,0,1,10,,,,0.04058992245052472,0.15549204866721214,0.11274834700770722,0.43191685033247695,0.3600045901138585,3.144473016950343e-06,4,2.0,4.0,,,,,,
421,invariant,0.2,0.25,0.5,0,0,10,,,,,0.13790311021051224,,0.4,0.3447577755262807,4.41042968611217e-06,4,,,,,,,,
422,invariant,0.2,0.25,0.5,0,0,10,,,,,0.1398058839215744,,0.4,0.349514709803936,4.900477429013521e-06,4,,,,,,,,
423,invariant,0.2,0.25,0.5,0,1,10,,,,0.05096412288383504,0.14990052542489363,0.1456046188633261,0.4282661534596304,0.3500172129269694,3.287403608629904e-06,4,1.0,9.0,,,,,,
424,invariant,0.2,0.25,0.5,0,0,10,,,,,0.1401917148444854,,0.39999999999999997,0.35047928711121346,4.41042968611217e-06,4,,,,,,,,
425,invariant,0.2,0.25,0.5,0,1,10,,,,0.05608689985086891,0.15644591371521954,0.15323241616814517,0.4274186204257617,0.36602503082196114,3.6753580717601414e-06,4,3.0,8.0,,,,,,
426,invariant,0.2,0.25,0.5,0,0,10,,,,,0.137504456371662,,0.4,0.343761140929155,5.451781139777543e-06,4,,,,,,,,
427,invariant,0.2,0.25,0.5,0,1,10,,,,0.08055092674176079,0.14802171778610831,0.22806903629252748,0.4191034404119414,0.3531865967041839,3.9612192551192635e-06,4,3.0,2.0,,,,,,
428,invariant,0.2,0.25,0.5,0,1,10,,,,0.03612373982979263,0.165654573658938,0.09462576891553659,0.43393047012049596,0.38175372569005867,3.879544631302371e-06,4,1.0,8.0,,,,,,
429,invariant,0.2,0.25,0.5,0,2,10,,,,0.08542320173953058,0.16163935911853686,0.23340289969416939,0.4416492750764577,0.365990319106839,2.940286457408113e-06,4,4.5,4.0,,,,,,
430,invariant,0.2,0.25,0.5,0,0,10,,,,,0.13712744630812324,,0.4,0.3428186157703081,3.777451351531256e-06,4,,,,,,,,
431,invariant,0.2,0.25,0.5,0,2,10,,,,0.036580815062852864,0.1585684294850062,0.1090573686641421,0.4727356578339645,0.3354272665014389,3.1648916729045662e-06,4,1.5,4.0,,,,,,
432,invariant,0.2,0.25,0.5,0,1,10,,,,0.02114633636147298,0.15175581153071768,0.06098664579063282,0.43766815046770746,0.346737160034483,4.451266998020615e-06,4,1.0,6.0,,,,,,
433,invariant,0.2,0.25,0.5,0,1,10,,,,0.018202514998386647,0.15812827694904516,0.05051493808450955,0.4388316735461656,0.3603392518849482,5.268013236189536e-06,4,1.0,9.0,,,,,,
434,invariant,0.2,0.25,0.5,0,0,10,,,,,0.14123167782954588,,0.39999999999999997,0.3530791945738647,3.94080059916504e-06,4,,,,,,,,
435,invariant,0.2,0.25,0.5,0,0,10,,,,,0.1356419482501416,,0.4000000000000001,0.339104870625354,4.5941975897001765e-06,4,,,,,,,,
436,invariant,0.2,0.25,0.5,0,2,10,,,,0.051414147315950655,0.1633810057379886,0.14586852999153443,0.4635328675021164,0.35246908513395253,2.858611833591221e-06,4,1.5,3.5,,,,,,
437,invariant,0.2,0.25,0.5,0,2,10,,,,0.04279550188927417,0.16533740194534222,0.12155307564172774,0.469611731089568,0.3520725548353215,2.940286457408113e-06,4,1.5,7.5,,,,,,
438,invariant,0.2,0.25,0.5,0,1,10,,,,0.03007611168988803,0.1527817942265203,0.08561909977412883,0.4349312111362079,0.3512780649321427,3.369078232446796e-06,4,1.0,7.0,,,,,,
439,invariant,0.2,0.25,0.5,0,2,10,,,,0.047772774599761106,0.15738055271604945,0.14106932909605385,0.46473266772598654,0.3386474927319794,4.9413147409219675e-06,4,3.5,4.5,,,,,,
440,invariant,0.2,0.25,0.5,0,0,10,,,,,0.13820334612766316,,0.4,0.3455083653191579,5.43136248382332e-06,4,,,,,,,,
441,invariant,0.2,0.25,0.5,0,1,10,,,,0.028679046821430045,0.15072681758628184,0.08281439319225675,0.4352428452008603,0.34630510127449166,3.552846136034803e-06,4,1.0,7.0,,,,,,
442,invariant,0.2,0.25,0.5,0,1,10,,,,0.026454612041139535,0.16062446905735406,0.07188387828684209,0.43645734685701754,0.3680187083893315,5.329269204052205e-06,4,1.0,9.0,,,,,,
443,invariant,0.2,0.25,0.5,0,0,10,,,,,0.1370064861902504,,0.4,0.34251621547562605,5.594711731457104e-06,4,,,,,,,,
444,invariant,0.2,0.25,0.5,0,2,10,,,,0.06176744936617651,0.1573559141484971,0.1787275583657071,0.45531811040857323,0.34559555298008243,2.797355865728552e-06,4,4.5,3.5,,,,,,
445,invariant,0.2,0.25,0.5,0,0,10,,,,,0.1476483629750962,,0.4,0.36912090743774045,5.0025707087846365e-06,4,,,,,,,,
446,invariant,0.2,0.25,0.5,0,0,10,,,,,0.15155731047097262,,0.4,0.37889327617743157,4.675872213517068e-06,4,,,,,,,,
447,invariant,0.2,0.25,0.5,0,1,10,,,,0.050946830636405795,0.14983701633708357,0.14561646168377954,0.42826483759069117,0.34986999441753946,3.3894968884010193e-06,4,3.0,3.0,,,,,,
448,invariant,0.2,0.25,0.5,0,0,10,,,,,0.14250367842087014,,0.4,0.3562591960521754,8.371648941231433e-06,4,,,,,,,,
449,invariant,0.2,0.25,0.5,0,1,10,,,,0.029819035836466737,0.16234832077957043,0.07999988565552665,0.435555568260497,0.37273848071315013,4.777965493288183e-06,4,1.0,9.0,,,,,,
450,invariant,0.2,0.25,0.5,0,2,10,,,,0.039793596176317884,0.16246948835193342,0.11539868855056537,0.47115032786235866,0.34483577479202576,3.8999632872565945e-06,4,1.5,5.5,,,,,,
451,invariant,0.2,0.25,0.5,0,0,10,,,,,0.13413325459899594,,0.4,0.3353331364974899,6.003084850541564e-06,4,,,,,,,,
452,invariant,0.2,0.25,0.5,0,3,10,,,,0.039739513193585214,0.17699221612648416,0.1170389191833681,0.5212690346356993,0.3395410131165362,3.9612192551192635e-06,4,2.6666666666666665,2.0,,,,,,
453,invariant,0.2,0.25,0.5,0,1,10,,,,0.01867513572940032,0.1463400275878209,0.055924656793021395,0.43823059368966427,0.333933846004947,5.676386355273996e-06,4,1.0,8.0,,,,,,
454,invariant,0.2,0.25,0.5,0,0,10,,,,,0.1319816999837876,,0.4,0.329954249959469,9.37216308298836e-06,4,,,,,,,,
455,invariant,0.2,0.25,0.5,0,0,10,,,,,0.14633479000024913,,0.4,0.3658369750006228,4.696290869471292e-06,4,,,,,,,,
456,invariant,0.2,0.25,0.5,0,1,10,,,,0.03313326622136368,0.16183723311692877,0.08896816772374048,0.4345590924751399,0.3724170910684307,4.00205656702771e-06,4,2.0,8.0,,,,,,
457,invariant,0.2,0.25,0.5,0,1,10,,,,0.013738768650248914,0.1545672887013558,0.03911826526365998,0.44009797052626,0.3512110917406128,6.45229528153447e-06,4,1.0,6.0,,,,,,
458,invariant,0.2,0.25,0.5,0,3,10,,,,0.05717455858589183,0.172084520325312,0.16619118423167933,0.5002037781864231,0.3440288295087149,3.471171512217911e-06,4,3.0,3.0,,,,,,
459,invariant,0.2,0.25,0.5,0,1,10,,,,0.03154355104375854,0.1543778353072754,0.08879603845404639,0.4345782179495504,0.3552360172023093,4.635034901608623e-06,4,1.0,5.0,,,,,,
460,invariant,0.2,0.25,0.5,0,2,10,,,,0.02402391395424416,0.1678569371893322,0.06908866637998873,0.48272783340500286,0.3477258313557865,5.206757268326867e-06,4,1.5,6.0,,,,,,
461,invariant,0.2,0.25,0.5,0,2,10,,,,0.015341829066143306,0.17571507502740624,0.04272287269253874,0.48931928182686535,0.35910106458788416,7.575321359016736e-06,4,1.5,5.5,,,,,,
462,invariant,0.2,0.25,0.5,0,2,10,,,,0.02819126385243988,0.15994748897113992,0.08440735463652546,0.4788981613408686,0.33399060986849977,4.737128181379738e-06,4,2.5,4.5,,,,,,
463,invariant,0.2,0.25,0.5,0,2,10,,,,0.02150410460328371,0.16043959093567373,0.06484342362054624,0.48378914409486345,0.3316312341729893,5.492618451685989e-06,4,1.5,4.5,,,,,,
464,invariant,0.2,0.25,0.5,0,2,10,,,,0.0330256885792833,0.16433339033432662,0.09567681923078022,0.47608079519230495,0.3451796249582949,4.1858244706157166e-06,4,1.5,7.5,,,,,,
465,invariant,0.2,0.25,0.5,0,1,10,,,,0.022871285735108368,0.15191126764042442,0.06581320768509205,0.4371318658127676,0.34751817362473203,6.595225873214031e-06,4,1.0,6.0,,,,,,
466,invariant,0.2,0.25,0.5,0,4,10,,,,0.059624371871520795,0.19101948198386035,0.17224831045831307,0.551834459694458,0.34615359484731134,5.268013236189536e-06,4,2.5,3.0,,,,,,
467,invariant,0.2,0.25,0.5,0,0,10,,,,,0.14308389494846535,,0.39999999999999997,0.3577097373711634,5.758060979090888e-06,4,,,,,,,,
468,invariant,0.2,0.25,0.5,0,2,10,,,,0.03469184062467643,0.16438842118224112,0.10022987322873264,0.47494253169281686,0.34612276267682046,4.41042968611217e-06,4,2.5,2.0,,,,,,
469,invariant,0.2,0.25,0.5,0,2,10,,,,0.036292673791179925,0.16056216660805617,0.10697262389121594,0.47325684402719603,0.3392706701117023,4.900477429013521e-06,4,3.0,4.5,,,,,,
470,invariant,0.2,0.25,0.5,0,3,10,,,,0.030745709963664495,0.19280293472754242,0.08529471539320273,0.5348736934029131,0.3604644182459476,5.308850548097982e-06,4,2.0,5.666666666666667,,,,,,
471,invariant,0.2,0.25,0.5,0,1,10,,,,0.023466185437697466,0.15075617268924485,0.06800453784209927,0.43688838468421115,0.3450679349102253,7.330297487566059e-06,4,1.0,6.0,,,,,,
472,invariant,0.2,0.25,0.5,0,1,10,,,,0.02675188104947671,0.1548453571332744,0.07533830650117754,0.43607352149986917,0.3550900238122366,6.717737808939369e-06,4,2.0,6.0,,,,,,
473,invariant,0.2,0.25,0.5,0,2,10,,,,0.024659264384232618,0.1670489905090503,0.07118157861529659,0.48220460534617593,0.346427613210217,3.859125975348148e-06,4,1.5,5.5,,,,,,
474,invariant,0.2,0.25,0.5,0,0,10,,,,,0.1397542655593221,,0.4,0.3493856638983053,5.900991570770449e-06,4,,,,,,,,
475,invariant,0.2,0.25,0.5,0,2,10,,,,0.041901808232137405,0.16134437290507936,0.12193531288119078,0.46951617177970234,0.3436396499262274,4.267499094432608e-06,4,2.5,5.5,,,,,,
476,invariant,0.2,0.25,0.5,0,0,10,,,,,0.13677355016312465,,0.4,0.3419338754078116,4.471685653974839e-06,4,,,,,,,,
477,invariant,0.2,0.25,0.5,0,0,10,,,,,0.13573669081376924,,0.4,0.339341727034423,5.676386355273996e-06,4,,,,,,,,
478,invariant,0.2,0.25,0.5,0,1,10,,,,0.02257057676983897,0.14814853398224948,0.06658442032048306,0.43704617551994634,0.338976845652521,4.635034901608623e-06,4,2.0,2.0,,,,,,
479,invariant,0.2,0.25,0.5,0,1,10,,,,0.05092350384188631,0.1407839796622344,0.15455023622343073,0.4272721959751744,0.32949483020049897,4.00205656702771e-06,4,4.0,4.0,,,,,,
480,invariant,0.2,0.25,0.5,0,1,10,,,,0.020227371016078934,0.15411667588776418,0.05749362631654389,0.4380562637426062,0.3518193635014891,5.9826661945873414e-06,4,1.0,7.0,,,,,,
481,invariant,0.2,0.25,0.5,0,0,10,,,,,0.1616755712425283,,0.4,0.40418892810632073,8.575835500773664e-06,4,,,,,,,,
482,invariant,0.2,0.25,0.5,0,1,10,,,,0.027632270901629598,0.1531028813636646,0.07863714455714181,0.43570698393809537,0.35138955079365275,4.81880280519663e-06,4,2.0,4.0,,,,,,
483,invariant,0.2,0.25,0.5,0,1,10,,,,0.018776108933272258,0.14867804277266605,0.05535089256070773,0.43829434527103245,0.3392196234718167,5.3496878600064275e-06,4,2.0,6.0,,,,,,
484,invariant,0.2,0.25,0.5,0,1,10,,,,0.027677297811773714,0.14361382105603104,0.08385778651151755,0.4351269126098314,0.33005042182901334,4.492104309929061e-06,4,1.0,5.0,,,,,,
485,invariant,0.2,0.25,0.5,0,0,10,,,,,0.14575579859201115,,0.39999999999999997,0.3643894964800279,5.941828882678895e-06,4,,,,,,,,
486,invariant,0.2,0.25,0.5,0,0,10,,,,,0.15060220742005787,,0.4,0.37650551855014475,6.391039313671801e-06,4,,,,,,,,
487,invariant,0.2,0.25,0.5,0,3,10,,,,0.0367488729369588,0.18838617094641322,0.10286959707049459,0.5273416012555023,0.35723745385894223,3.3078222645841273e-06,4,3.0,2.6666666666666665,,,,,,
488,invariant,0.2,0.25,0.5,0,2,10,,,,0.03542877046860507,0.1681697979874084,0.1000660135147,0.474983496621325,0.3540539812091193,4.083731190844601e-06,4,2.5,5.0,,,,,,
489,invariant,0.2,0.25,0.5,0,2,10,,,,0.024757631119685927,0.1580377399666144,0.07537618310797263,0.48115595422300683,0.32845429549307176,4.982152052830414e-06,4,2.5,5.5,,,,,,
490,invariant,0.2,0.25,0.5,0,1,10,,,,0.015228534297621837,0.1538276773291303,0.04352011911427137,0.43960887565396983,0.34991940756494866,7.73867060665052e-06,4,1.0,7.0,,,,,,
491,invariant,0.2,0.25,0.5,0,1,10,,,,0.0170777190502332,0.155822345223081,0.04812391347227003,0.43909734294752556,0.3548697065144905,7.146529583978052e-06,4,2.0,9.0,,,,,,
492,invariant,0.2,0.25,0.5,0,1,10,,,,0.019771853269557063,0.14441243490034955,0.05993814780738347,0.43778465024362406,0.3298709418431757,5.43136248382332e-06,4,1.0,6.0,,,,,,
493,invariant,0.2,0.25,0.5,0,1,10,,,,0.03775494078789259,0.14473913685713574,0.11266708075700942,0.4319258799158879,0.33510179312552857,4.430848342066392e-06,4,4.0,3.0,,,,,,
494,invariant,0.2,0.25,0.5,0,1,10,,,,0.04122429799306915,0.15304238070403228,0.11623891624308165,0.43152900930632426,0.3546514310823399,5.553874419548658e-06,4,2.0,5.0,,,,,,
495,invariant,0.2,0.25,0.5,0,1,10,,,,0.04231091315795722,0.16439783782780487,0.11120612592348476,0.4320882082307239,0.3804728634020503,3.7978700074854793e-06,4,1.0,8.0,,,,,,
496,invariant,0.2,0.25,0.5,0,2,10,,,,0.07044932161851156,0.15385966275430563,0.20542515521241322,0.4486437111968967,0.34294398631786704,5.574293075502881e-06,4,2.5,4.0,,,,,,
497,invariant,0.2,0.25,0.5,0,1,10,,,,0.02000070170227226,0.16144629522376674,0.0543121955323164,0.4384097560519648,0.36825433967904325,5.594711731457104e-06,4,1.0,7.0,,,,,,
498,invariant,0.2,0.25,0.5,0,0,10,,,,,0.1296261221582846,,0.4,0.3240653053957115,6.983180336344268e-06,4,,,,,,,,
499,invariant,0.2,0.25,0.5,0,1,10,,,,0.019915150761588712,0.14953148730574048,0.05832956609130978,0.43796338154541004,0.3414246341283133,6.942343024435822e-06,4,2.0,5.0,,,,,,
500,invariant,0.2,0.25,0.5,0,1,10,,,,0.023958778921355846,0.14733844206949792,0.07098872440980895,0.4365568083989101,0.3375011893867093,8.269555661460317e-06,4,3.0,4.0,,,,,,
