round,defense,tau,alpha,alpha_dirichlet,seed,n_malicious_in_round,n_selected,tpr,fpr,youden_j,n_excluded,influence_malicious_mean,influence_benign_mean,trim_survival_malicious_mean,trim_survival_benign_mean,mask_keep_ratio,zero_sign_ratio,effective_trim_n,malicious_rank_l2_mean,malicious_rank_norm_mean,malicious_rank_cos_mean,flame_n_clusters,flame_n_noise,flame_max_cluster_size,flame_fallback_triggered,clip_rate_malicious,clip_rate_benign,precision
1,multi_krum,,,0.5,0,2,10,0.0,0.25,-0.25,2,1.0,0.75,,,,,-1,7.5,8.0,6.0,,,,,,,0.0
2,multi_krum,,,0.5,0,0,10,,0.2,,2,,0.8,,,,,-1,,,,,,,,,,0.0
3,multi_krum,,,0.5,0,1,10,0.0,0.2222222222222222,-0.2222222222222222,2,1.0,0.7777777777777778,,,,,-1,4.0,7.0,9.0,,,,,,,0.0
4,multi_krum,,,0.5,0,4,10,0.0,0.3333333333333333,-0.3333333333333333,2,1.0,0.6666666666666666,,,,,-1,7.0,6.0,4.5,,,,,,,0.0
5,multi_krum,,,0.5,0,1,10,0.0,0.2222222222222222,-0.2222222222222222,2,1.0,0.7777777777777778,,,,,-1,7.0,10.0,10.0,,,,,,,0.0
6,multi_krum,,,0.5,0,2,10,0.0,0.25,-0.25,2,1.0,0.75,,,,,-1,9.0,5.5,2.0,,,,,,,0.0
7,multi_krum,,,0.5,0,1,10,0.0,0.2222222222222222,-0.2222222222222222,2,1.0,0.7777777777777778,,,,,-1,4.0,4.0,7.0,,,,,,,0.0
8,multi_krum,,,0.5,0,0,10,,0.2,,2,,0.8,,,,,-1,,,,,,,,,,0.0
9,multi_krum,,,0.5,0,1,10,1.0,0.1111111111111111,0.8888888888888888,2,0.0,0.8888888888888888,,,,,-1,5.0,4.0,6.0,,,,,,,0.5
10,multi_krum,,,0.5,0,1,10,0.0,0.2222222222222222,-0.2222222222222222,2,1.0,0.7777777777777778,,,,,-1,7.0,6.0,2.0,,,,,,,0.0
11,multi_krum,,,0.5,0,2,10,0.5,0.125,0.375,2,0.5,0.875,,,,,-1,1.5,1.5,7.5,,,,,,,0.5
12,multi_krum,,,0.5,0,0,10,,0.2,,2,,0.8,,,,,-1,,,,,,,,,,0.0
13,multi_krum,,,0.5,0,0,10,,0.2,,2,,0.8,,,,,-1,,,,,,,,,,0.0
14,multi_krum,,,0.5,0,1,10,0.0,0.2222222222222222,-0.2222222222222222,2,1.0,0.7777777777777778,,,,,-1,5.0,4.0,7.0,,,,,,,0.0
15,multi_krum,,,0.5,0,1,10,0.0,0.2222222222222222,-0.2222222222222222,2,1.0,0.7777777777777778,,,,,-1,4.0,9.0,9.0,,,,,,,0.0
16,multi_krum,,,0.5,0,2,10,0.0,0.25,-0.25,2,1.0,0.75,,,,,-1,9.5,7.5,4.0,,,,,,,0.0
17,multi_krum,,,0.5,0,2,10,0.0,0.25,-0.25,2,1.0,0.75,,,,,-1,8.5,8.5,5.5,,,,,,,0.0
18,multi_krum,,,0.5,0,1,10,1.0,0.1111111111111111,0.8888888888888888,2,0.0,0.8888888888888888,,,,,-1,1.0,4.0,9.0,,,,,,,0.5
19,multi_krum,,,0.5,0,2,10,0.5,0.125,0.375,2,0.5,0.875,,,,,-1,4.5,3.5,4.0,,,,,,,0.5
20,multi_krum,,,0.5,0,1,10,0.0,0.2222222222222222,-0.2222222222222222,2,1.0,0.7777777777777778,,,,,-1,6.0,4.0,6.0,,,,,,,0.0
21,multi_krum,,,0.5,0,3,10,0.3333333333333333,0.14285714285714285,0.19047619047619047,2,0.6666666666666666,0.8571428571428571,,,,,-1,6.333333333333333,6.333333333333333,7.333333333333333,,,,,,,0.5
22,multi_krum,,,0.5,0,2,10,0.0,0.25,-0.25,2,1.0,0.75,,,,,-1,4.5,5.0,6.5,,,,,,,0.0
23,multi_krum,,,0.5,0,1,10,1.0,0.1111111111111111,0.8888888888888888,2,0.0,0.8888888888888888,,,,,-1,2.0,5.0,8.0,,,,,,,0.5
24,multi_krum,,,0.5,0,1,10,0.0,0.2222222222222222,-0.2222222222222222,2,1.0,0.7777777777777778,,,,,-1,2.0,6.0,8.0,,,,,,,0.0
25,multi_krum,,,0.5,0,4,10,0.25,0.16666666666666666,0.08333333333333334,2,0.75,0.8333333333333334,,,,,-1,5.25,4.25,3.75,,,,,,,0.5
26,multi_krum,,,0.5,0,3,10,0.3333333333333333,0.14285714285714285,0.19047619047619047,2,0.6666666666666666,0.8571428571428571,,,,,-1,4.666666666666667,6.666666666666667,6.666666666666667,,,,,,,0.5
27,multi_krum,,,0.5,0,1,10,1.0,0.1111111111111111,0.8888888888888888,2,0.0,0.8888888888888888,,,,,-1,1.0,4.0,7.0,,,,,,,0.5
28,multi_krum,,,0.5,0,0,10,,0.2,,2,,0.8,,,,,-1,,,,,,,,,,0.0
29,multi_krum,,,0.5,0,1,10,1.0,0.1111111111111111,0.8888888888888888,2,0.0,0.8888888888888888,,,,,-1,1.0,1.0,5.0,,,,,,,0.5
30,multi_krum,,,0.5,0,0,10,,0.2,,2,,0.8,,,,,-1,,,,,,,,,,0.0
31,multi_krum,,,0.5,0,1,10,1.0,0.1111111111111111,0.8888888888888888,2,0.0,0.8888888888888888,,,,,-1,1.0,1.0,5.0,,,,,,,0.5
32,multi_krum,,,0.5,0,1,10,0.0,0.2222222222222222,-0.2222222222222222,2,1.0,0.7777777777777778,,,,,-1,6.0,1.0,2.0,,,,,,,0.0
33,multi_krum,,,0.5,0,0,10,,0.2,,2,,0.8,,,,,-1,,,,,,,,,,0.0
34,multi_krum,,,0.5,0,0,10,,0.2,,2,,0.8,,,,,-1,,,,,,,,,,0.0
35,multi_krum,,,0.5,0,0,10,,0.2,,2,,0.8,,,,,-1,,,,,,,,,,0.0
36,multi_krum,,,0.5,0,2,10,0.5,0.125,0.375,2,0.5,0.875,,,,,-1,3.5,2.0,2.5,,,,,,,0.5
37,multi_krum,,,0.5,0,2,10,0.5,0.125,0.375,2,0.5,0.875,,,,,-1,3.0,4.0,8.5,,,,,,,0.5
38,multi_krum,,,0.5,0,1,10,0.0,0.2222222222222222,-0.2222222222222222,2,1.0,0.7777777777777778,,,,,-1,4.0,4.0,6.0,,,,,,,0.0
39,multi_krum,,,0.5,0,1,10,1.0,0.1111111111111111,0.8888888888888888,2,0.0,0.8888888888888888,,,,,-1,1.0,1.0,7.0,,,,,,,0.5
40,multi_krum,,,0.5,0,2,10,0.5,0.125,0.375,2,0.5,0.875,,,,,-1,6.0,3.5,1.5,,,,,,,0.5
41,multi_krum,,,0.5,0,1,10,1.0,0.1111111111111111,0.8888888888888888,2,0.0,0.8888888888888888,,,,,-1,2.0,1.0,3.0,,,,,,,0.5
42,multi_krum,,,0.5,0,1,10,1.0,0.1111111111111111,0.8888888888888888,2,0.0,0.8888888888888888,,,,,-1,1.0,1.0,8.0,,,,,,,0.5
43,multi_krum,,,0.5,0,2,10,0.5,0.125,0.375,2,0.5,0.875,,,,,-1,3.5,3.0,3.5,,,,,,,0.5
44,multi_krum,,,0.5,0,1,10,1.0,0.1111111111111111,0.8888888888888888,2,0.0,0.8888888888888888,,,,,-1,1.0,1.0,6.0,,,,,,,0.5
45,multi_krum,,,0.5,0,1,10,1.0,0.1111111111111111,0.8888888888888888,2,0.0,0.8888888888888888,,,,,-1,1.0,1.0,7.0,,,,,,,0.5
46,multi_krum,,,0.5,0,1,10,1.0,0.1111111111111111,0.8888888888888888,2,0.0,0.8888888888888888,,,,,-1,1.0,1.0,4.0,,,,,,,0.5
47,multi_krum,,,0.5,0,0,10,,0.2,,2,,0.8,,,,,-1,,,,,,,,,,0.0
48,multi_krum,,,0.5,0,0,10,,0.2,,2,,0.8,,,,,-1,,,,,,,,,,0.0
49,multi_krum,,,0.5,0,0,10,,0.2,,2,,0.8,,,,,-1,,,,,,,,,,0.0
50,multi_krum,,,0.5,0,2,10,1.0,0.0,1.0,2,0.0,1.0,,,,,-1,1.5,1.5,7.0,,,,,,,1.0
51,multi_krum,,,0.5,0,2,10,0.5,0.125,0.375,2,0.5,0.875,,,,,-1,5.5,3.5,4.0,,,,,,,0.5
52,multi_krum,,,0.5,0,1,10,1.0,0.1111111111111111,0.8888888888888888,2,0.0,0.8888888888888888,,,,,-1,1.0,1.0,6.0,,,,,,,0.5
53,multi_krum,,,0.5,0,1,10,1.0,0.1111111111111111,0.8888888888888888,2,0.0,0.8888888888888888,,,,,-1,1.0,1.0,8.0,,,,,,,0.5
54,multi_krum,,,0.5,0,1,10,1.0,0.1111111111111111,0.8888888888888888,2,0.0,0.8888888888888888,,,,,-1,1.0,1.0,3.0,,,,,,,0.5
55,multi_krum,,,0.5,0,0,10,,0.2,,2,,0.8,,,,,-1,,,,,,,,,,0.0
56,multi_krum,,,0.5,0,0,10,,0.2,,2,,0.8,,,,,-1,,,,,,,,,,0.0
57,multi_krum,,,0.5,0,0,10,,0.2,,2,,0.8,,,,,-1,,,,,,,,,,0.0
58,multi_krum,,,0.5,0,2,10,1.0,0.0,1.0,2,0.0,1.0,,,,,-1,1.5,1.5,3.5,,,,,,,1.0
59,multi_krum,,,0.5,0,2,10,1.0,0.0,1.0,2,0.0,1.0,,,,,-1,2.0,1.5,3.0,,,,,,,1.0
60,multi_krum,,,0.5,0,0,10,,0.2,,2,,0.8,,,,,-1,,,,,,,,,,0.0
61,multi_krum,,,0.5,0,3,10,0.6666666666666666,0.0,0.6666666666666666,2,0.3333333333333333,1.0,,,,,-1,2.0,2.0,2.3333333333333335,,,,,,,1.0
62,multi_krum,,,0.5,0,0,10,,0.2,,2,,0.8,,,,,-1,,,,,,,,,,0.0
63,multi_krum,,,0.5,0,0,10,,0.2,,2,,0.8,,,,,-1,,,,,,,,,,0.0
64,multi_krum,,,0.5,0,0,10,,0.2,,2,,0.8,,,,,-1,,,,,,,,,,0.0
65,multi_krum,,,0.5,0,0,10,,0.2,,2,,0.8,,,,,-1,,,,,,,,,,0.0
66,multi_krum,,,0.5,0,0,10,,0.2,,2,,0.8,,,,,-1,,,,,,,,,,0.0
67,multi_krum,,,0.5,0,1,10,1.0,0.1111111111111111,0.8888888888888888,2,0.0,0.8888888888888888,,,,,-1,1.0,2.0,8.0,,,,,,,0.5
68,multi_krum,,,0.5,0,0,10,,0.2,,2,,0.8,,,,,-1,,,,,,,,,,0.0
69,multi_krum,,,0.5,0,1,10,1.0,0.1111111111111111,0.8888888888888888,2,0.0,0.8888888888888888,,,,,-1,1.0,1.0,5.0,,,,,,,0.5
70,multi_krum,,,0.5,0,2,10,1.0,0.0,1.0,2,0.0,1.0,,,,,-1,2.5,1.5,2.0,,,,,,,1.0
71,multi_krum,,,0.5,0,0,10,,0.2,,2,,0.8,,,,,-1,,,,,,,,,,0.0
72,multi_krum,,,0.5,0,2,10,1.0,0.0,1.0,2,0.0,1.0,,,,,-1,1.5,2.5,9.0,,,,,,,1.0
73,multi_krum,,,0.5,0,3,10,0.6666666666666666,0.0,0.6666666666666666,2,0.3333333333333333,1.0,,,,,-1,2.3333333333333335,2.0,4.0,,,,,,,1.0
74,multi_krum,,,0.5,0,2,10,1.0,0.0,1.0,2,0.0,1.0,,,,,-1,1.5,1.5,2.5,,,,,,,1.0
75,multi_krum,,,0.5,0,0,10,,0.2,,2,,0.8,,,,,-1,,,,,,,,,,0.0
76,multi_krum,,,0.5,0,2,10,1.0,0.0,1.0,2,0.0,1.0,,,,,-1,1.5,1.5,2.5,,,,,,,1.0
77,multi_krum,,,0.5,0,1,10,1.0,0.1111111111111111,0.8888888888888888,2,0.0,0.8888888888888888,,,,,-1,1.0,1.0,6.0,,,,,,,0.5
78,multi_krum,,,0.5,0,0,10,,0.2,,2,,0.8,,,,,-1,,,,,,,,,,0.0
79,multi_krum,,,0.5,0,2,10,1.0,0.0,1.0,2,0.0,1.0,,,,,-1,1.5,1.5,1.5,,,,,,,1.0
80,multi_krum,,,0.5,0,0,10,,0.2,,2,,0.8,,,,,-1,,,,,,,,,,0.0
81,multi_krum,,,0.5,0,1,10,1.0,0.1111111111111111,0.8888888888888888,2,0.0,0.8888888888888888,,,,,-1,1.0,1.0,10.0,,,,,,,0.5
82,multi_krum,,,0.5,0,0,10,,0.2,,2,,0.8,,,,,-1,,,,,,,,,,0.0
83,multi_krum,,,0.5,0,1,10,1.0,0.1111111111111111,0.8888888888888888,2,0.0,0.8888888888888888,,,,,-1,1.0,1.0,6.0,,,,,,,0.5
84,multi_krum,,,0.5,0,0,10,,0.2,,2,,0.8,,,,,-1,,,,,,,,,,0.0
85,multi_krum,,,0.5,0,1,10,1.0,0.1111111111111111,0.8888888888888888,2,0.0,0.8888888888888888,,,,,-1,2.0,2.0,5.0,,,,,,,0.5
86,multi_krum,,,0.5,0,1,10,1.0,0.1111111111111111,0.8888888888888888,2,0.0,0.8888888888888888,,,,,-1,1.0,1.0,9.0,,,,,,,0.5
87,multi_krum,,,0.5,0,2,10,0.5,0.125,0.375,2,0.5,0.875,,,,,-1,2.0,2.0,5.5,,,,,,,0.5
88,multi_krum,,,0.5,0,2,10,1.0,0.0,1.0,2,0.0,1.0,,,,,-1,1.5,1.5,5.0,,,,,,,1.0
89,multi_krum,,,0.5,0,0,10,,0.2,,2,,0.8,,,,,-1,,,,,,,,,,0.0
90,multi_krum,,,0.5,0,2,10,1.0,0.0,1.0,2,0.0,1.0,,,,,-1,1.5,1.5,5.5,,,,,,,1.0
91,multi_krum,,,0.5,0,0,10,,0.2,,2,,0.8,,,,,-1,,,,,,,,,,0.0
92,multi_krum,,,0.5,0,0,10,,0.2,,2,,0.8,,,,,-1,,,,,,,,,,0.0
93,multi_krum,,,0.5,0,1,10,1.0,0.1111111111111111,0.8888888888888888,2,0.0,0.8888888888888888,,,,,-1,1.0,1.0,6.0,,,,,,,0.5
94,multi_krum,,,0.5,0,1,10,1.0,0.1111111111111111,0.8888888888888888,2,0.0,0.8888888888888888,,,,,-1,1.0,1.0,7.0,,,,,,,0.5
95,multi_krum,,,0.5,0,0,10,,0.2,,2,,0.8,,,,,-1,,,,,,,,,,0.0
96,multi_krum,,,0.5,0,0,10,,0.2,,2,,0.8,,,,,-1,,,,,,,,,,0.0
97,multi_krum,,,0.5,0,2,10,1.0,0.0,1.0,2,0.0,1.0,,,,,-1,1.5,1.5,1.5,,,,,,,1.0
98,multi_krum,,,0.5,0,4,10,0.5,0.0,0.5,2,0.5,1.0,,,,,-1,2.75,2.5,2.5,,,,,,,1.0
99,multi_krum,,,0.5,0,1,10,1.0,0.1111111111111111,0.8888888888888888,2,0.0,0.8888888888888888,,,,,-1,1.0,1.0,10.0,,,,,,,0.5
100,multi_krum,,,0.5,0,1,10,1.0,0.1111111111111111,0.8888888888888888,2,0.0,0.8888888888888888,,,,,-1,1.0,1.0,10.0,,,,,,,0.5
101,multi_krum,,,0.5,0,0,10,,0.2,,2,,0.8,,,,,-1,,,,,,,,,,0.0
102,multi_krum,,,0.5,0,0,10,,0.2,,2,,0.8,,,,,-1,,,,,,,,,,0.0
103,multi_krum,,,0.5,0,1,10,1.0,0.1111111111111111,0.8888888888888888,2,0.0,0.8888888888888888,,,,,-1,1.0,1.0,4.0,,,,,,,0.5
104,multi_krum,,,0.5,0,0,10,,0.2,,2,,0.8,,,,,-1,,,,,,,,,,0.0
105,multi_krum,,,0.5,0,1,10,1.0,0.1111111111111111,0.8888888888888888,2,0.0,0.8888888888888888,,,,,-1,1.0,1.0,6.0,,,,,,,0.5
106,multi_krum,,,0.5,0,1,10,1.0,0.1111111111111111,0.8888888888888888,2,0.0,0.8888888888888888,,,,,-1,1.0,1.0,6.0,,,,,,,0.5
107,multi_krum,,,0.5,0,3,10,0.6666666666666666,0.0,0.6666666666666666,2,0.3333333333333333,1.0,,,,,-1,2.0,2.0,2.0,,,,,,,1.0
108,multi_krum,,,0.5,0,1,10,1.0,0.1111111111111111,0.8888888888888888,2,0.0,0.8888888888888888,,,,,-1,1.0,1.0,8.0,,,,,,,0.5
109,multi_krum,,,0.5,0,2,10,1.0,0.0,1.0,2,0.0,1.0,,,,,-1,1.5,1.5,4.5,,,,,,,1.0
110,multi_krum,,,0.5,0,0,10,,0.2,,2,,0.8,,,,,-1,,,,,,,,,,0.0
111,multi_krum,,,0.5,0,2,10,1.0,0.0,1.0,2,0.0,1.0,,,,,-1,2.0,1.5,3.5,,,,,,,1.0
112,multi_krum,,,0.5,0,1,10,1.0,0.1111111111111111,0.8888888888888888,2,0.0,0.8888888888888888,,,,,-1,1.0,1.0,9.0,,,,,,,0.5
113,multi_krum,,,0.5,0,0,10,,0.2,,2,,0.8,,,,,-1,,,,,,,,,,0.0
114,multi_krum,,,0.5,0,1,10,1.0,0.1111111111111111,0.8888888888888888,2,0.0,0.8888888888888888,,,,,-1,1.0,1.0,10.0,,,,,,,0.5
115,multi_krum,,,0.5,0,0,10,,0.2,,2,,0.8,,,,,-1,,,,,,,,,,0.0
116,multi_krum,,,0.5,0,0,10,,0.2,,2,,0.8,,,,,-1,,,,,,,,,,0.0
117,multi_krum,,,0.5,0,1,10,1.0,0.1111111111111111,0.8888888888888888,2,0.0,0.8888888888888888,,,,,-1,1.0,1.0,3.0,,,,,,,0.5
118,multi_krum,,,0.5,0,1,10,1.0,0.1111111111111111,0.8888888888888888,2,0.0,0.8888888888888888,,,,,-1,1.0,1.0,6.0,,,,,,,0.5
119,multi_krum,,,0.5,0,1,10,1.0,0.1111111111111111,0.8888888888888888,2,0.0,0.8888888888888888,,,,,-1,1.0,1.0,3.0,,,,,,,0.5
120,multi_krum,,,0.5,0,2,10,1.0,0.0,1.0,2,0.0,1.0,,,,,-1,1.5,1.5,1.5,,,,,,,1.0
121,multi_krum,,,0.5,0,1,10,1.0,0.1111111111111111,0.8888888888888888,2,0.0,0.8888888888888888,,,,,-1,1.0,1.0,5.0,,,,,,,0.5
122,multi_krum,,,0.5,0,0,10,,0.2,,2,,0.8,,,,,-1,,,,,,,,,,0.0
123,multi_krum,,,0.5,0,1,10,1.0,0.1111111111111111,0.8888888888888888,2,0.0,0.8888888888888888,,,,,-1,1.0,1.0,8.0,,,,,,,0.5
124,multi_krum,,,0.5,0,0,10,,0.2,,2,,0.8,,,,,-1,,,,,,,,,,0.0
125,multi_krum,,,0.5,0,1,10,1.0,0.1111111111111111,0.8888888888888888,2,0.0,0.8888888888888888,,,,,-1,1.0,1.0,5.0,,,,,,,0.5
126,multi_krum,,,0.5,0,0,10,,0.2,,2,,0.8,,,,,-1,,,,,,,,,,0.0
127,multi_krum,,,0.5,0,1,10,1.0,0.1111111111111111,0.8888888888888888,2,0.0,0.8888888888888888,,,,,-1,1.0,1.0,6.0,,,,,,,0.5
128,multi_krum,,,0.5,0,0,10,,0.2,,2,,0.8,,,,,-1,,,,,,,,,,0.0
129,multi_krum,,,0.5,0,1,10,1.0,0.1111111111111111,0.8888888888888888,2,0.0,0.8888888888888888,,,,,-1,1.0,1.0,5.0,,,,,,,0.5
130,multi_krum,,,0.5,0,0,10,,0.2,,2,,0.8,,,,,-1,,,,,,,,,,0.0
131,multi_krum,,,0.5,0,1,10,1.0,0.1111111111111111,0.8888888888888888,2,0.0,0.8888888888888888,,,,,-1,1.0,1.0,1.0,,,,,,,0.5
132,multi_krum,,,0.5,0,1,10,1.0,0.1111111111111111,0.8888888888888888,2,0.0,0.8888888888888888,,,,,-1,1.0,1.0,5.0,,,,,,,0.5
133,multi_krum,,,0.5,0,1,10,1.0,0.1111111111111111,0.8888888888888888,2,0.0,0.8888888888888888,,,,,-1,1.0,1.0,9.0,,,,,,,0.5
134,multi_krum,,,0.5,0,0,10,,0.2,,2,,0.8,,,,,-1,,,,,,,,,,0.0
135,multi_krum,,,0.5,0,1,10,1.0,0.1111111111111111,0.8888888888888888,2,0.0,0.8888888888888888,,,,,-1,1.0,1.0,8.0,,,,,,,0.5
136,multi_krum,,,0.5,0,3,10,0.6666666666666666,0.0,0.6666666666666666,2,0.3333333333333333,1.0,,,,,-1,2.0,2.0,2.0,,,,,,,1.0
137,multi_krum,,,0.5,0,0,10,,0.2,,2,,0.8,,,,,-1,,,,,,,,,,0.0
138,multi_krum,,,0.5,0,1,10,1.0,0.1111111111111111,0.8888888888888888,2,0.0,0.8888888888888888,,,,,-1,1.0,1.0,10.0,,,,,,,0.5
139,multi_krum,,,0.5,0,2,10,1.0,0.0,1.0,2,0.0,1.0,,,,,-1,1.5,1.5,1.5,,,,,,,1.0
140,multi_krum,,,0.5,0,2,10,1.0,0.0,1.0,2,0.0,1.0,,,,,-1,1.5,1.5,3.5,,,,,,,1.0
141,multi_krum,,,0.5,0,1,10,1.0,0.1111111111111111,0.8888888888888888,2,0.0,0.8888888888888888,,,,,-1,1.0,1.0,10.0,,,,,,,0.5
142,multi_krum,,,0.5,0,1,10,1.0,0.1111111111111111,0.8888888888888888,2,0.0,0.8888888888888888,,,,,-1,1.0,1.0,8.0,,,,,,,0.5
143,multi_krum,,,0.5,0,1,10,1.0,0.1111111111111111,0.8888888888888888,2,0.0,0.8888888888888888,,,,,-1,1.0,1.0,3.0,,,,,,,0.5
144,multi_krum,,,0.5,0,1,10,1.0,0.1111111111111111,0.8888888888888888,2,0.0,0.8888888888888888,,,,,-1,1.0,1.0,3.0,,,,,,,0.5
145,multi_krum,,,0.5,0,0,10,,0.2,,2,,0.8,,,,,-1,,,,,,,,,,0.0
146,multi_krum,,,0.5,0,2,10,1.0,0.0,1.0,2,0.0,1.0,,,,,-1,1.5,1.5,2.5,,,,,,,1.0
147,multi_krum,,,0.5,0,0,10,,0.2,,2,,0.8,,,,,-1,,,,,,,,,,0.0
148,multi_krum,,,0.5,0,0,10,,0.2,,2,,0.8,,,,,-1,,,,,,,,,,0.0
149,multi_krum,,,0.5,0,0,10,,0.2,,2,,0.8,,,,,-1,,,,,,,,,,0.0
150,multi_krum,,,0.5,0,3,10,0.6666666666666666,0.0,0.6666666666666666,2,0.3333333333333333,1.0,,,,,-1,3.3333333333333335,2.3333333333333335,2.0,,,,,,,1.0
151,multi_krum,,,0.5,0,0,10,,0.2,,2,,0.8,,,,,-1,,,,,,,,,,0.0
152,multi_krum,,,0.5,0,0,10,,0.2,,2,,0.8,,,,,-1,,,,,,,,,,0.0
153,multi_krum,,,0.5,0,0,10,,0.2,,2,,0.8,,,,,-1,,,,,,,,,,0.0
154,multi_krum,,,0.5,0,0,10,,0.2,,2,,0.8,,,,,-1,,,,,,,,,,0.0
155,multi_krum,,,0.5,0,0,10,,0.2,,2,,0.8,,,,,-1,,,,,,,,,,0.0
156,multi_krum,,,0.5,0,1,10,1.0,0.1111111111111111,0.8888888888888888,2,0.0,0.8888888888888888,,,,,-1,1.0,1.0,4.0,,,,,,,0.5
157,multi_krum,,,0.5,0,0,10,,0.2,,2,,0.8,,,,,-1,,,,,,,,,,0.0
158,multi_krum,,,0.5,0,1,10,1.0,0.1111111111111111,0.8888888888888888,2,0.0,0.8888888888888888,,,,,-1,1.0,1.0,7.0,,,,,,,0.5
159,multi_krum,,,0.5,0,0,10,,0.2,,2,,0.8,,,,,-1,,,,,,,,,,0.0
160,multi_krum,,,0.5,0,1,10,1.0,0.1111111111111111,0.8888888888888888,2,0.0,0.8888888888888888,,,,,-1,1.0,1.0,3.0,,,,,,,0.5
161,multi_krum,,,0.5,0,0,10,,0.2,,2,,0.8,,,,,-1,,,,,,,,,,0.0
162,multi_krum,,,0.5,0,2,10,1.0,0.0,1.0,2,0.0,1.0,,,,,-1,1.5,1.5,1.5,,,,,,,1.0
163,multi_krum,,,0.5,0,1,10,1.0,0.1111111111111111,0.8888888888888888,2,0.0,0.8888888888888888,,,,,-1,1.0,1.0,5.0,,,,,,,0.5
164,multi_krum,,,0.5,0,2,10,0.5,0.125,0.375,2,0.5,0.875,,,,,-1,2.0,1.5,1.5,,,,,,,0.5
165,multi_krum,,,0.5,0,3,10,0.6666666666666666,0.0,0.6666666666666666,2,0.3333333333333333,1.0,,,,,-1,2.3333333333333335,2.3333333333333335,3.3333333333333335,,,,,,,1.0
166,multi_krum,,,0.5,0,2,10,1.0,0.0,1.0,2,0.0,1.0,,,,,-1,1.5,1.5,3.5,,,,,,,1.0
167,multi_krum,,,0.5,0,1,10,1.0,0.1111111111111111,0.8888888888888888,2,0.0,0.8888888888888888,,,,,-1,1.0,1.0,6.0,,,,,,,0.5
168,multi_krum,,,0.5,0,0,10,,0.2,,2,,0.8,,,,,-1,,,,,,,,,,0.0
169,multi_krum,,,0.5,0,2,10,1.0,0.0,1.0,2,0.0,1.0,,,,,-1,1.5,1.5,2.5,,,,,,,1.0
170,multi_krum,,,0.5,0,1,10,1.0,0.1111111111111111,0.8888888888888888,2,0.0,0.8888888888888888,,,,,-1,2.0,2.0,1.0,,,,,,,0.5
171,multi_krum,,,0.5,0,1,10,1.0,0.1111111111111111,0.8888888888888888,2,0.0,0.8888888888888888,,,,,-1,1.0,1.0,10.0,,,,,,,0.5
172,multi_krum,,,0.5,0,0,10,,0.2,,2,,0.8,,,,,-1,,,,,,,,,,0.0
173,multi_krum,,,0.5,0,0,10,,0.2,,2,,0.8,,,,,-1,,,,,,,,,,0.0
174,multi_krum,,,0.5,0,1,10,1.0,0.1111111111111111,0.8888888888888888,2,0.0,0.8888888888888888,,,,,-1,1.0,1.0,5.0,,,,,,,0.5
175,multi_krum,,,0.5,0,0,10,,0.2,,2,,0.8,,,,,-1,,,,,,,,,,0.0
176,multi_krum,,,0.5,0,0,10,,0.2,,2,,0.8,,,,,-1,,,,,,,,,,0.0
177,multi_krum,,,0.5,0,0,10,,0.2,,2,,0.8,,,,,-1,,,,,,,,,,0.0
178,multi_krum,,,0.5,0,1,10,1.0,0.1111111111111111,0.8888888888888888,2,0.0,0.8888888888888888,,,,,-1,2.0,2.0,6.0,,,,,,,0.5
179,multi_krum,,,0.5,0,0,10,,0.2,,2,,0.8,,,,,-1,,,,,,,,,,0.0
180,multi_krum,,,0.5,0,0,10,,0.2,,2,,0.8,,,,,-1,,,,,,,,,,0.0
181,multi_krum,,,0.5,0,1,10,1.0,0.1111111111111111,0.8888888888888888,2,0.0,0.8888888888888888,,,,,-1,2.0,3.0,6.0,,,,,,,0.5
182,multi_krum,,,0.5,0,1,10,1.0,0.1111111111111111,0.8888888888888888,2,0.0,0.8888888888888888,,,,,-1,1.0,1.0,10.0,,,,,,,0.5
183,multi_krum,,,0.5,0,1,10,1.0,0.1111111111111111,0.8888888888888888,2,0.0,0.8888888888888888,,,,,-1,1.0,1.0,7.0,,,,,,,0.5
184,multi_krum,,,0.5,0,1,10,1.0,0.1111111111111111,0.8888888888888888,2,0.0,0.8888888888888888,,,,,-1,1.0,1.0,10.0,,,,,,,0.5
185,multi_krum,,,0.5,0,0,10,,0.2,,2,,0.8,,,,,-1,,,,,,,,,,0.0
186,multi_krum,,,0.5,0,1,10,1.0,0.1111111111111111,0.8888888888888888,2,0.0,0.8888888888888888,,,,,-1,1.0,1.0,5.0,,,,,,,0.5
187,multi_krum,,,0.5,0,1,10,1.0,0.1111111111111111,0.8888888888888888,2,0.0,0.8888888888888888,,,,,-1,1.0,1.0,5.0,,,,,,,0.5
188,multi_krum,,,0.5,0,3,10,0.6666666666666666,0.0,0.6666666666666666,2,0.3333333333333333,1.0,,,,,-1,2.3333333333333335,2.3333333333333335,2.3333333333333335,,,,,,,1.0
189,multi_krum,,,0.5,0,1,10,1.0,0.1111111111111111,0.8888888888888888,2,0.0,0.8888888888888888,,,,,-1,1.0,1.0,8.0,,,,,,,0.5
190,multi_krum,,,0.5,0,3,10,0.6666666666666666,0.0,0.6666666666666666,2,0.3333333333333333,1.0,,,,,-1,2.0,2.0,2.0,,,,,,,1.0
191,multi_krum,,,0.5,0,3,10,0.6666666666666666,0.0,0.6666666666666666,2,0.3333333333333333,1.0,,,,,-1,2.0,2.0,2.0,,,,,,,1.0
192,multi_krum,,,0.5,0,2,10,1.0,0.0,1.0,2,0.0,1.0,,,,,-1,1.5,1.5,4.5,,,,,,,1.0
193,multi_krum,,,0.5,0,0,10,,0.2,,2,,0.8,,,,,-1,,,,,,,,,,0.0
194,multi_krum,,,0.5,0,1,10,1.0,0.1111111111111111,0.8888888888888888,2,0.0,0.8888888888888888,,,,,-1,1.0,1.0,9.0,,,,,,,0.5
195,multi_krum,,,0.5,0,1,10,1.0,0.1111111111111111,0.8888888888888888,2,0.0,0.8888888888888888,,,,,-1,1.0,1.0,10.0,,,,,,,0.5
196,multi_krum,,,0.5,0,1,10,1.0,0.1111111111111111,0.8888888888888888,2,0.0,0.8888888888888888,,,,,-1,1.0,1.0,8.0,,,,,,,0.5
197,multi_krum,,,0.5,0,2,10,1.0,0.0,1.0,2,0.0,1.0,,,,,-1,1.5,1.5,1.5,,,,,,,1.0
198,multi_krum,,,0.5,0,1,10,1.0,0.1111111111111111,0.8888888888888888,2,0.0,0.8888888888888888,,,,,-1,1.0,1.0,10.0,,,,,,,0.5
199,multi_krum,,,0.5,0,1,10,1.0,0.1111111111111111,0.8888888888888888,2,0.0,0.8888888888888888,,,,,-1,1.0,1.0,7.0,,,,,,,0.5
200,multi_krum,,,0.5,0,0,10,,0.2,,2,,0.8,,,,,-1,,,,,,,,,,0.0
201,multi_krum,,,0.5,0,4,10,0.5,0.0,0.5,2,0.5,1.0,,,,,-1,2.5,2.5,2.5,,,,,,,1.0
202,multi_krum,,,0.5,0,0,10,,0.2,,2,,0.8,,,,,-1,,,,,,,,,,0.0
203,multi_krum,,,0.5,0,1,10,1.0,0.1111111111111111,0.8888888888888888,2,0.0,0.8888888888888888,,,,,-1,1.0,1.0,6.0,,,,,,,0.5
204,multi_krum,,,0.5,0,1,10,1.0,0.1111111111111111,0.8888888888888888,2,0.0,0.8888888888888888,,,,,-1,2.0,2.0,9.0,,,,,,,0.5
205,multi_krum,,,0.5,0,1,10,1.0,0.1111111111111111,0.8888888888888888,2,0.0,0.8888888888888888,,,,,-1,2.0,2.0,2.0,,,,,,,0.5
206,multi_krum,,,0.5,0,1,10,1.0,0.1111111111111111,0.8888888888888888,2,0.0,0.8888888888888888,,,,,-1,1.0,1.0,6.0,,,,,,,0.5
207,multi_krum,,,0.5,0,1,10,1.0,0.1111111111111111,0.8888888888888888,2,0.0,0.8888888888888888,,,,,-1,1.0,1.0,4.0,,,,,,,0.5
208,multi_krum,,,0.5,0,0,10,,0.2,,2,,0.8,,,,,-1,,,,,,,,,,0.0
209,multi_krum,,,0.5,0,2,10,0.5,0.125,0.375,2,0.5,0.875,,,,,-1,2.5,2.5,6.5,,,,,,,0.5
210,multi_krum,,,0.5,0,0,10,,0.2,,2,,0.8,,,,,-1,,,,,,,,,,0.0
211,multi_krum,,,0.5,0,0,10,,0.2,,2,,0.8,,,,,-1,,,,,,,,,,0.0
212,multi_krum,,,0.5,0,0,10,,0.2,,2,,0.8,,,,,-1,,,,,,,,,,0.0
213,multi_krum,,,0.5,0,3,10,0.3333333333333333,0.14285714285714285,0.19047619047619047,2,0.6666666666666666,0.8571428571428571,,,,,-1,3.0,3.0,2.0,,,,,,,0.5
214,multi_krum,,,0.5,0,0,10,,0.2,,2,,0.8,,,,,-1,,,,,,,,,,0.0
215,multi_krum,,,0.5,0,1,10,1.0,0.1111111111111111,0.8888888888888888,2,0.0,0.8888888888888888,,,,,-1,2.0,3.0,7.0,,,,,,,0.5
216,multi_krum,,,0.5,0,4,10,0.5,0.0,0.5,2,0.5,1.0,,,,,-1,2.75,2.75,2.5,,,,,,,1.0
217,multi_krum,,,0.5,0,1,10,1.0,0.1111111111111111,0.8888888888888888,2,0.0,0.8888888888888888,,,,,-1,1.0,1.0,9.0,,,,,,,0.5
218,multi_krum,,,0.5,0,0,10,,0.2,,2,,0.8,,,,,-1,,,,,,,,,,0.0
219,multi_krum,,,0.5,0,2,10,0.5,0.125,0.375,2,0.5,0.875,,,,,-1,2.5,2.5,5.0,,,,,,,0.5
220,multi_krum,,,0.5,0,2,10,0.5,0.125,0.375,2,0.5,0.875,,,,,-1,2.0,2.0,1.5,,,,,,,0.5
221,multi_krum,,,0.5,0,4,10,0.25,0.16666666666666666,0.08333333333333334,2,0.75,0.8333333333333334,,,,,-1,3.5,3.5,2.5,,,,,,,0.5
222,multi_krum,,,0.5,0,1,10,1.0,0.1111111111111111,0.8888888888888888,2,0.0,0.8888888888888888,,,,,-1,1.0,1.0,10.0,,,,,,,0.5
223,multi_krum,,,0.5,0,0,10,,0.2,,2,,0.8,,,,,-1,,,,,,,,,,0.0
224,multi_krum,,,0.5,0,0,10,,0.2,,2,,0.8,,,,,-1,,,,,,,,,,0.0
225,multi_krum,,,0.5,0,0,10,,0.2,,2,,0.8,,,,,-1,,,,,,,,,,0.0
226,multi_krum,,,0.5,0,1,10,0.0,0.2222222222222222,-0.2222222222222222,2,1.0,0.7777777777777778,,,,,-1,3.0,4.0,8.0,,,,,,,0.0
227,multi_krum,,,0.5,0,0,10,,0.2,,2,,0.8,,,,,-1,,,,,,,,,,0.0
228,multi_krum,,,0.5,0,1,10,1.0,0.1111111111111111,0.8888888888888888,2,0.0,0.8888888888888888,,,,,-1,2.0,2.0,9.0,,,,,,,0.5
229,multi_krum,,,0.5,0,1,10,1.0,0.1111111111111111,0.8888888888888888,2,0.0,0.8888888888888888,,,,,-1,1.0,1.0,4.0,,,,,,,0.5
230,multi_krum,,,0.5,0,2,10,0.5,0.125,0.375,2,0.5,0.875,,,,,-1,2.0,2.0,3.0,,,,,,,0.5
231,multi_krum,,,0.5,0,0,10,,0.2,,2,,0.8,,,,,-1,,,,,,,,,,0.0
232,multi_krum,,,0.5,0,1,10,1.0,0.1111111111111111,0.8888888888888888,2,0.0,0.8888888888888888,,,,,-1,1.0,1.0,10.0,,,,,,,0.5
233,multi_krum,,,0.5,0,0,10,,0.2,,2,,0.8,,,,,-1,,,,,,,,,,0.0
234,multi_krum,,,0.5,0,1,10,1.0,0.1111111111111111,0.8888888888888888,2,0.0,0.8888888888888888,,,,,-1,1.0,1.0,7.0,,,,,,,0.5
235,multi_krum,,,0.5,0,0,10,,0.2,,2,,0.8,,,,,-1,,,,,,,,,,0.0
236,multi_krum,,,0.5,0,1,10,1.0,0.1111111111111111,0.8888888888888888,2,0.0,0.8888888888888888,,,,,-1,2.0,2.0,8.0,,,,,,,0.5
237,multi_krum,,,0.5,0,1,10,1.0,0.1111111111111111,0.8888888888888888,2,0.0,0.8888888888888888,,,,,-1,1.0,1.0,5.0,,,,,,,0.5
238,multi_krum,,,0.5,0,0,10,,0.2,,2,,0.8,,,,,-1,,,,,,,,,,0.0
239,multi_krum,,,0.5,0,1,10,1.0,0.1111111111111111,0.8888888888888888,2,0.0,0.8888888888888888,,,,,-1,1.0,1.0,3.0,,,,,,,0.5
240,multi_krum,,,0.5,0,2,10,0.5,0.125,0.375,2,0.5,0.875,,,,,-1,2.5,2.5,3.5,,,,,,,0.5
241,multi_krum,,,0.5,0,1,10,1.0,0.1111111111111111,0.8888888888888888,2,0.0,0.8888888888888888,,,,,-1,1.0,1.0,9.0,,,,,,,0.5
242,multi_krum,,,0.5,0,0,10,,0.2,,2,,0.8,,,,,-1,,,,,,,,,,0.0
243,multi_krum,,,0.5,0,1,10,1.0,0.1111111111111111,0.8888888888888888,2,0.0,0.8888888888888888,,,,,-1,2.0,2.0,8.0,,,,,,,0.5
244,multi_krum,,,0.5,0,0,10,,0.2,,2,,0.8,,,,,-1,,,,,,,,,,0.0
245,multi_krum,,,0.5,0,1,10,1.0,0.1111111111111111,0.8888888888888888,2,0.0,0.8888888888888888,,,,,-1,1.0,1.0,3.0,,,,,,,0.5
246,multi_krum,,,0.5,0,0,10,,0.2,,2,,0.8,,,,,-1,,,,,,,,,,0.0
247,multi_krum,,,0.5,0,1,10,1.0,0.1111111111111111,0.8888888888888888,2,0.0,0.8888888888888888,,,,,-1,1.0,1.0,6.0,,,,,,,0.5
248,multi_krum,,,0.5,0,0,10,,0.2,,2,,0.8,,,,,-1,,,,,,,,,,0.0
249,multi_krum,,,0.5,0,0,10,,0.2,,2,,0.8,,,,,-1,,,,,,,,,,0.0
250,multi_krum,,,0.5,0,3,10,0.6666666666666666,0.0,0.6666666666666666,2,0.3333333333333333,1.0,,,,,-1,2.0,2.0,2.0,,,,,,,1.0
251,multi_krum,,,0.5,0,1,10,1.0,0.1111111111111111,0.8888888888888888,2,0.0,0.8888888888888888,,,,,-1,1.0,1.0,8.0,,,,,,,0.5
252,multi_krum,,,0.5,0,0,10,,0.2,,2,,0.8,,,,,-1,,,,,,,,,,0.0
253,multi_krum,,,0.5,0,1,10,1.0,0.1111111111111111,0.8888888888888888,2,0.0,0.8888888888888888,,,,,-1,1.0,1.0,5.0,,,,,,,0.5
254,multi_krum,,,0.5,0,1,10,1.0,0.1111111111111111,0.8888888888888888,2,0.0,0.8888888888888888,,,,,-1,2.0,2.0,6.0,,,,,,,0.5
255,multi_krum,,,0.5,0,1,10,1.0,0.1111111111111111,0.8888888888888888,2,0.0,0.8888888888888888,,,,,-1,1.0,1.0,5.0,,,,,,,0.5
256,multi_krum,,,0.5,0,1,10,1.0,0.1111111111111111,0.8888888888888888,2,0.0,0.8888888888888888,,,,,-1,1.0,1.0,8.0,,,,,,,0.5
257,multi_krum,,,0.5,0,2,10,1.0,0.0,1.0,2,0.0,1.0,,,,,-1,1.5,1.5,5.5,,,,,,,1.0
258,multi_krum,,,0.5,0,0,10,,0.2,,2,,0.8,,,,,-1,,,,,,,,,,0.0
259,multi_krum,,,0.5,0,2,10,0.5,0.125,0.375,2,0.5,0.875,,,,,-1,2.5,2.5,4.0,,,,,,,0.5
260,multi_krum,,,0.5,0,0,10,,0.2,,2,,0.8,,,,,-1,,,,,,,,,,0.0
261,multi_krum,,,0.5,0,1,10,1.0,0.1111111111111111,0.8888888888888888,2,0.0,0.8888888888888888,,,,,-1,1.0,1.0,5.0,,,,,,,0.5
262,multi_krum,,,0.5,0,0,10,,0.2,,2,,0.8,,,,,-1,,,,,,,,,,0.0
263,multi_krum,,,0.5,0,0,10,,0.2,,2,,0.8,,,,,-1,,,,,,,,,,0.0
264,multi_krum,,,0.5,0,1,10,1.0,0.1111111111111111,0.8888888888888888,2,0.0,0.8888888888888888,,,,,-1,2.0,2.0,10.0,,,,,,,0.5
265,multi_krum,,,0.5,0,1,10,1.0,0.1111111111111111,0.8888888888888888,2,0.0,0.8888888888888888,,,,,-1,2.0,2.0,5.0,,,,,,,0.5
266,multi_krum,,,0.5,0,0,10,,0.2,,2,,0.8,,,,,-1,,,,,,,,,,0.0
267,multi_krum,,,0.5,0,1,10,0.0,0.2222222222222222,-0.2222222222222222,2,1.0,0.7777777777777778,,,,,-1,4.0,4.0,2.0,,,,,,,0.0
268,multi_krum,,,0.5,0,2,10,1.0,0.0,1.0,2,0.0,1.0,,,,,-1,1.5,1.5,9.5,,,,,,,1.0
269,multi_krum,,,0.5,0,0,10,,0.2,,2,,0.8,,,,,-1,,,,,,,,,,0.0
270,multi_krum,,,0.5,0,2,10,1.0,0.0,1.0,2,0.0,1.0,,,,,-1,1.5,1.5,8.5,,,,,,,1.0
271,multi_krum,,,0.5,0,2,10,0.0,0.25,-0.25,2,1.0,0.75,,,,,-1,3.5,3.5,1.5,,,,,,,0.0
272,multi_krum,,,0.5,0,3,10,0.6666666666666666,0.0,0.6666666666666666,2,0.3333333333333333,1.0,,,,,-1,2.0,2.0,3.3333333333333335,,,,,,,1.0
273,multi_krum,,,0.5,0,1,10,1.0,0.1111111111111111,0.8888888888888888,2,0.0,0.8888888888888888,,,,,-1,2.0,2.0,8.0,,,,,,,0.5
274,multi_krum,,,0.5,0,1,10,0.0,0.2222222222222222,-0.2222222222222222,2,1.0,0.7777777777777778,,,,,-1,3.0,3.0,2.0,,,,,,,0.0
275,multi_krum,,,0.5,0,2,10,1.0,0.0,1.0,2,0.0,1.0,,,,,-1,1.5,1.5,3.5,,,,,,,1.0
276,multi_krum,,,0.5,0,1,10,0.0,0.2222222222222222,-0.2222222222222222,2,1.0,0.7777777777777778,,,,,-1,3.0,3.0,7.0,,,,,,,0.0
277,multi_krum,,,0.5,0,3,10,0.6666666666666666,0.0,0.6666666666666666,2,0.3333333333333333,1.0,,,,,-1,2.0,2.0,7.666666666666667,,,,,,,1.0
278,multi_krum,,,0.5,0,2,10,0.5,0.125,0.375,2,0.5,0.875,,,,,-1,2.0,2.0,8.5,,,,,,,0.5
279,multi_krum,,,0.5,0,1,10,1.0,0.1111111111111111,0.8888888888888888,2,0.0,0.8888888888888888,,,,,-1,1.0,1.0,8.0,,,,,,,0.5
280,multi_krum,,,0.5,0,2,10,1.0,0.0,1.0,2,0.0,1.0,,,,,-1,1.5,1.5,8.5,,,,,,,1.0
281,multi_krum,,,0.5,0,0,10,,0.2,,2,,0.8,,,,,-1,,,,,,,,,,0.0
282,multi_krum,,,0.5,0,1,10,0.0,0.2222222222222222,-0.2222222222222222,2,1.0,0.7777777777777778,,,,,-1,5.0,5.0,4.0,,,,,,,0.0
283,multi_krum,,,0.5,0,0,10,,0.2,,2,,0.8,,,,,-1,,,,,,,,,,0.0
284,multi_krum,,,0.5,0,1,10,1.0,0.1111111111111111,0.8888888888888888,2,0.0,0.8888888888888888,,,,,-1,2.0,2.0,5.0,,,,,,,0.5
285,multi_krum,,,0.5,0,2,10,0.5,0.125,0.375,2,0.5,0.875,,,,,-1,2.0,2.0,2.0,,,,,,,0.5
286,multi_krum,,,0.5,0,0,10,,0.2,,2,,0.8,,,,,-1,,,,,,,,,,0.0
287,multi_krum,,,0.5,0,1,10,0.0,0.2222222222222222,-0.2222222222222222,2,1.0,0.7777777777777778,,,,,-1,3.0,3.0,6.0,,,,,,,0.0
288,multi_krum,,,0.5,0,1,10,1.0,0.1111111111111111,0.8888888888888888,2,0.0,0.8888888888888888,,,,,-1,1.0,1.0,7.0,,,,,,,0.5
289,multi_krum,,,0.5,0,0,10,,0.2,,2,,0.8,,,,,-1,,,,,,,,,,0.0
290,multi_krum,,,0.5,0,1,10,1.0,0.1111111111111111,0.8888888888888888,2,0.0,0.8888888888888888,,,,,-1,1.0,1.0,7.0,,,,,,,0.5
291,multi_krum,,,0.5,0,2,10,1.0,0.0,1.0,2,0.0,1.0,,,,,-1,1.5,1.5,3.5,,,,,,,1.0
292,multi_krum,,,0.5,0,0,10,,0.2,,2,,0.8,,,,,-1,,,,,,,,,,0.0
293,multi_krum,,,0.5,0,1,10,1.0,0.1111111111111111,0.8888888888888888,2,0.0,0.8888888888888888,,,,,-1,2.0,2.0,7.0,,,,,,,0.5
294,multi_krum,,,0.5,0,0,10,,0.2,,2,,0.8,,,,,-1,,,,,,,,,,0.0
295,multi_krum,,,0.5,0,3,10,0.3333333333333333,0.14285714285714285,0.19047619047619047,2,0.6666666666666666,0.8571428571428571,,,,,-1,2.6666666666666665,2.3333333333333335,2.0,,,,,,,0.5
296,multi_krum,,,0.5,0,2,10,1.0,0.0,1.0,2,0.0,1.0,,,,,-1,1.5,1.5,8.5,,,,,,,1.0
297,multi_krum,,,0.5,0,0,10,,0.2,,2,,0.8,,,,,-1,,,,,,,,,,0.0
298,multi_krum,,,0.5,0,2,10,0.5,0.125,0.375,2,0.5,0.875,,,,,-1,2.5,2.5,5.0,,,,,,,0.5
299,multi_krum,,,0.5,0,0,10,,0.2,,2,,0.8,,,,,-1,,,,,,,,,,0.0
300,multi_krum,,,0.5,0,2,10,0.5,0.125,0.375,2,0.5,0.875,,,,,-1,2.0,2.0,5.0,,,,,,,0.5
301,multi_krum,,,0.5,0,0,10,,0.2,,2,,0.8,,,,,-1,,,,,,,,,,0.0
302,multi_krum,,,0.5,0,2,10,0.5,0.125,0.375,2,0.5,0.875,,,,,-1,2.5,2.5,4.5,,,,,,,0.5
303,multi_krum,,,0.5,0,1,10,1.0,0.1111111111111111,0.8888888888888888,2,0.0,0.8888888888888888,,,,,-1,2.0,2.0,10.0,,,,,,,0.5
304,multi_krum,,,0.5,0,2,10,0.5,0.125,0.375,2,0.5,0.875,,,,,-1,2.5,2.5,4.5,,,,,,,0.5
305,multi_krum,,,0.5,0,0,10,,0.2,,2,,0.8,,,,,-1,,,,,,,,,,0.0
306,multi_krum,,,0.5,0,1,10,0.0,0.2222222222222222,-0.2222222222222222,2,1.0,0.7777777777777778,,,,,-1,3.0,3.0,7.0,,,,,,,0.0
307,multi_krum,,,0.5,0,0,10,,0.2,,2,,0.8,,,,,-1,,,,,,,,,,0.0
308,multi_krum,,,0.5,0,1,10,1.0,0.1111111111111111,0.8888888888888888,2,0.0,0.8888888888888888,,,,,-1,1.0,2.0,8.0,,,,,,,0.5
309,multi_krum,,,0.5,0,0,10,,0.2,,2,,0.8,,,,,-1,,,,,,,,,,0.0
310,multi_krum,,,0.5,0,0,10,,0.2,,2,,0.8,,,,,-1,,,,,,,,,,0.0
311,multi_krum,,,0.5,0,0,10,,0.2,,2,,0.8,,,,,-1,,,,,,,,,,0.0
312,multi_krum,,,0.5,0,2,10,1.0,0.0,1.0,2,0.0,1.0,,,,,-1,1.5,1.5,4.5,,,,,,,1.0
313,multi_krum,,,0.5,0,1,10,1.0,0.1111111111111111,0.8888888888888888,2,0.0,0.8888888888888888,,,,,-1,1.0,1.0,9.0,,,,,,,0.5
314,multi_krum,,,0.5,0,2,10,1.0,0.0,1.0,2,0.0,1.0,,,,,-1,1.5,1.5,3.5,,,,,,,1.0
315,multi_krum,,,0.5,0,2,10,1.0,0.0,1.0,2,0.0,1.0,,,,,-1,1.5,1.5,2.0,,,,,,,1.0
316,multi_krum,,,0.5,0,2,10,0.0,0.25,-0.25,2,1.0,0.75,,,,,-1,4.0,4.0,2.0,,,,,,,0.0
317,multi_krum,,,0.5,0,0,10,,0.2,,2,,0.8,,,,,-1,,,,,,,,,,0.0
318,multi_krum,,,0.5,0,2,10,0.0,0.25,-0.25,2,1.0,0.75,,,,,-1,3.5,3.5,2.5,,,,,,,0.0
319,multi_krum,,,0.5,0,1,10,1.0,0.1111111111111111,0.8888888888888888,2,0.0,0.8888888888888888,,,,,-1,1.0,1.0,8.0,,,,,,,0.5
320,multi_krum,,,0.5,0,0,10,,0.2,,2,,0.8,,,,,-1,,,,,,,,,,0.0
321,multi_krum,,,0.5,0,0,10,,0.2,,2,,0.8,,,,,-1,,,,,,,,,,0.0
322,multi_krum,,,0.5,0,0,10,,0.2,,2,,0.8,,,,,-1,,,,,,,,,,0.0
323,multi_krum,,,0.5,0,2,10,0.5,0.125,0.375,2,0.5,0.875,,,,,-1,2.5,2.5,7.5,,,,,,,0.5
324,multi_krum,,,0.5,0,1,10,1.0,0.1111111111111111,0.8888888888888888,2,0.0,0.8888888888888888,,,,,-1,1.0,1.0,10.0,,,,,,,0.5
325,multi_krum,,,0.5,0,1,10,1.0,0.1111111111111111,0.8888888888888888,2,0.0,0.8888888888888888,,,,,-1,2.0,2.0,4.0,,,,,,,0.5
326,multi_krum,,,0.5,0,1,10,1.0,0.1111111111111111,0.8888888888888888,2,0.0,0.8888888888888888,,,,,-1,2.0,2.0,6.0,,,,,,,0.5
327,multi_krum,,,0.5,0,1,10,0.0,0.2222222222222222,-0.2222222222222222,2,1.0,0.7777777777777778,,,,,-1,3.0,3.0,10.0,,,,,,,0.0
328,multi_krum,,,0.5,0,2,10,1.0,0.0,1.0,2,0.0,1.0,,,,,-1,1.5,1.5,6.5,,,,,,,1.0
329,multi_krum,,,0.5,0,1,10,0.0,0.2222222222222222,-0.2222222222222222,2,1.0,0.7777777777777778,,,,,-1,3.0,3.0,7.0,,,,,,,0.0
330,multi_krum,,,0.5,0,0,10,,0.2,,2,,0.8,,,,,-1,,,,,,,,,,0.0
331,multi_krum,,,0.5,0,1,10,1.0,0.1111111111111111,0.8888888888888888,2,0.0,0.8888888888888888,,,,,-1,2.0,2.0,10.0,,,,,,,0.5
332,multi_krum,,,0.5,0,1,10,1.0,0.1111111111111111,0.8888888888888888,2,0.0,0.8888888888888888,,,,,-1,2.0,2.0,8.0,,,,,,,0.5
333,multi_krum,,,0.5,0,1,10,1.0,0.1111111111111111,0.8888888888888888,2,0.0,0.8888888888888888,,,,,-1,1.0,1.0,6.0,,,,,,,0.5
334,multi_krum,,,0.5,0,0,10,,0.2,,2,,0.8,,,,,-1,,,,,,,,,,0.0
335,multi_krum,,,0.5,0,1,10,1.0,0.1111111111111111,0.8888888888888888,2,0.0,0.8888888888888888,,,,,-1,1.0,1.0,4.0,,,,,,,0.5
336,multi_krum,,,0.5,0,2,10,0.5,0.125,0.375,2,0.5,0.875,,,,,-1,2.5,2.5,1.5,,,,,,,0.5
337,multi_krum,,,0.5,0,0,10,,0.2,,2,,0.8,,,,,-1,,,,,,,,,,0.0
338,multi_krum,,,0.5,0,2,10,0.5,0.125,0.375,2,0.5,0.875,,,,,-1,2.5,2.5,5.5,,,,,,,0.5
339,multi_krum,,,0.5,0,0,10,,0.2,,2,,0.8,,,,,-1,,,,,,,,,,0.0
340,multi_krum,,,0.5,0,1,10,0.0,0.2222222222222222,-0.2222222222222222,2,1.0,0.7777777777777778,,,,,-1,3.0,3.0,6.0,,,,,,,0.0
341,multi_krum,,,0.5,0,0,10,,0.2,,2,,0.8,,,,,-1,,,,,,,,,,0.0
342,multi_krum,,,0.5,0,1,10,1.0,0.1111111111111111,0.8888888888888888,2,0.0,0.8888888888888888,,,,,-1,2.0,2.0,9.0,,,,,,,0.5
343,multi_krum,,,0.5,0,0,10,,0.2,,2,,0.8,,,,,-1,,,,,,,,,,0.0
344,multi_krum,,,0.5,0,1,10,0.0,0.2222222222222222,-0.2222222222222222,2,1.0,0.7777777777777778,,,,,-1,3.0,3.0,3.0,,,,,,,0.0
345,multi_krum,,,0.5,0,1,10,1.0,0.1111111111111111,0.8888888888888888,2,0.0,0.8888888888888888,,,,,-1,1.0,1.0,10.0,,,,,,,0.5
346,multi_krum,,,0.5,0,2,10,0.5,0.125,0.375,2,0.5,0.875,,,,,-1,2.0,2.0,2.5,,,,,,,0.5
347,multi_krum,,,0.5,0,1,10,1.0,0.1111111111111111,0.8888888888888888,2,0.0,0.8888888888888888,,,,,-1,1.0,1.0,8.0,,,,,,,0.5
348,multi_krum,,,0.5,0,3,10,0.6666666666666666,0.0,0.6666666666666666,2,0.3333333333333333,1.0,,,,,-1,2.0,2.0,4.0,,,,,,,1.0
349,multi_krum,,,0.5,0,2,10,1.0,0.0,1.0,2,0.0,1.0,,,,,-1,1.5,1.5,9.5,,,,,,,1.0
350,multi_krum,,,0.5,0,0,10,,0.2,,2,,0.8,,,,,-1,,,,,,,,,,0.0
351,multi_krum,,,0.5,0,1,10,1.0,0.1111111111111111,0.8888888888888888,2,0.0,0.8888888888888888,,,,,-1,2.0,2.0,5.0,,,,,,,0.5
352,multi_krum,,,0.5,0,1,10,1.0,0.1111111111111111,0.8888888888888888,2,0.0,0.8888888888888888,,,,,-1,2.0,2.0,8.0,,,,,,,0.5
353,multi_krum,,,0.5,0,2,10,0.5,0.125,0.375,2,0.5,0.875,,,,,-1,2.5,2.5,6.0,,,,,,,0.5
354,multi_krum,,,0.5,0,2,10,1.0,0.0,1.0,2,0.0,1.0,,,,,-1,1.5,1.5,7.5,,,,,,,1.0
355,multi_krum,,,0.5,0,0,10,,0.2,,2,,0.8,,,,,-1,,,,,,,,,,0.0
356,multi_krum,,,0.5,0,0,10,,0.2,,2,,0.8,,,,,-1,,,,,,,,,,0.0
357,multi_krum,,,0.5,0,1,10,1.0,0.1111111111111111,0.8888888888888888,2,0.0,0.8888888888888888,,,,,-1,2.0,2.0,8.0,,,,,,,0.5
358,multi_krum,,,0.5,0,2,10,0.5,0.125,0.375,2,0.5,0.875,,,,,-1,2.0,2.0,4.5,,,,,,,0.5
359,multi_krum,,,0.5,0,0,10,,0.2,,2,,0.8,,,,,-1,,,,,,,,,,0.0
360,multi_krum,,,0.5,0,2,10,0.5,0.125,0.375,2,0.5,0.875,,,,,-1,2.5,2.5,3.5,,,,,,,0.5
361,multi_krum,,,0.5,0,1,10,0.0,0.2222222222222222,-0.2222222222222222,2,1.0,0.7777777777777778,,,,,-1,3.0,3.0,6.0,,,,,,,0.0
362,multi_krum,,,0.5,0,2,10,1.0,0.0,1.0,2,0.0,1.0,,,,,-1,1.5,1.5,6.5,,,,,,,1.0
363,multi_krum,,,0.5,0,0,10,,0.2,,2,,0.8,,,,,-1,,,,,,,,,,0.0
364,multi_krum,,,0.5,0,2,10,1.0,0.0,1.0,2,0.0,1.0,,,,,-1,1.5,1.5,8.5,,,,,,,1.0
365,multi_krum,,,0.5,0,0,10,,0.2,,2,,0.8,,,,,-1,,,,,,,,,,0.0
366,multi_krum,,,0.5,0,2,10,0.5,0.125,0.375,2,0.5,0.875,,,,,-1,2.5,2.5,4.0,,,,,,,0.5
367,multi_krum,,,0.5,0,2,10,0.5,0.125,0.375,2,0.5,0.875,,,,,-1,2.5,2.5,9.5,,,,,,,0.5
368,multi_krum,,,0.5,0,0,10,,0.2,,2,,0.8,,,,,-1,,,,,,,,,,0.0
369,multi_krum,,,0.5,0,0,10,,0.2,,2,,0.8,,,,,-1,,,,,,,,,,0.0
370,multi_krum,,,0.5,0,0,10,,0.2,,2,,0.8,,,,,-1,,,,,,,,,,0.0
371,multi_krum,,,0.5,0,3,10,0.6666666666666666,0.0,0.6666666666666666,2,0.3333333333333333,1.0,,,,,-1,2.0,2.0,5.0,,,,,,,1.0
372,multi_krum,,,0.5,0,2,10,0.5,0.125,0.375,2,0.5,0.875,,,,,-1,2.5,2.5,3.0,,,,,,,0.5
373,multi_krum,,,0.5,0,2,10,1.0,0.0,1.0,2,0.0,1.0,,,,,-1,1.5,1.5,9.0,,,,,,,1.0
374,multi_krum,,,0.5,0,2,10,0.5,0.125,0.375,2,0.5,0.875,,,,,-1,2.5,2.5,6.5,,,,,,,0.5
375,multi_krum,,,0.5,0,3,10,0.6666666666666666,0.0,0.6666666666666666,2,0.3333333333333333,1.0,,,,,-1,2.0,2.0,3.6666666666666665,,,,,,,1.0
376,multi_krum,,,0.5,0,1,10,0.0,0.2222222222222222,-0.2222222222222222,2,1.0,0.7777777777777778,,,,,-1,4.0,4.0,7.0,,,,,,,0.0
377,multi_krum,,,0.5,0,1,10,0.0,0.2222222222222222,-0.2222222222222222,2,1.0,0.7777777777777778,,,,,-1,3.0,3.0,8.0,,,,,,,0.0
378,multi_krum,,,0.5,0,2,10,0.5,0.125,0.375,2,0.5,0.875,,,,,-1,2.5,2.5,6.0,,,,,,,0.5
379,multi_krum,,,0.5,0,3,10,0.3333333333333333,0.14285714285714285,0.19047619047619047,2,0.6666666666666666,0.8571428571428571,,,,,-1,2.6666666666666665,2.6666666666666665,4.666666666666667,,,,,,,0.5
380,multi_krum,,,0.5,0,0,10,,0.2,,2,,0.8,,,,,-1,,,,,,,,,,0.0
381,multi_krum,,,0.5,0,2,10,0.5,0.125,0.375,2,0.5,0.875,,,,,-1,2.5,2.5,2.5,,,,,,,0.5
382,multi_krum,,,0.5,0,1,10,1.0,0.1111111111111111,0.8888888888888888,2,0.0,0.8888888888888888,,,,,-1,1.0,1.0,9.0,,,,,,,0.5
383,multi_krum,,,0.5,0,0,10,,0.2,,2,,0.8,,,,,-1,,,,,,,,,,0.0
384,multi_krum,,,0.5,0,1,10,1.0,0.1111111111111111,0.8888888888888888,2,0.0,0.8888888888888888,,,,,-1,2.0,2.0,8.0,,,,,,,0.5
385,multi_krum,,,0.5,0,0,10,,0.2,,2,,0.8,,,,,-1,,,,,,,,,,0.0
386,multi_krum,,,0.5,0,1,10,1.0,0.1111111111111111,0.8888888888888888,2,0.0,0.8888888888888888,,,,,-1,2.0,2.0,3.0,,,,,,,0.5
387,multi_krum,,,0.5,0,1,10,1.0,0.1111111111111111,0.8888888888888888,2,0.0,0.8888888888888888,,,,,-1,1.0,1.0,8.0,,,,,,,0.5
388,multi_krum,,,0.5,0,0,10,,0.2,,2,,0.8,,,,,-1,,,,,,,,,,0.0
389,multi_krum,,,0.5,0,1,10,0.0,0.2222222222222222,-0.2222222222222222,2,1.0,0.7777777777777778,,,,,-1,3.0,3.0,6.0,,,,,,,0.0
390,multi_krum,,,0.5,0,2,10,0.5,0.125,0.375,2,0.5,0.875,,,,,-1,2.5,2.5,6.5,,,,,,,0.5
391,multi_krum,,,0.5,0,0,10,,0.2,,2,,0.8,,,,,-1,,,,,,,,,,0.0
392,multi_krum,,,0.5,0,1,10,1.0,0.1111111111111111,0.8888888888888888,2,0.0,0.8888888888888888,,,,,-1,1.0,1.0,8.0,,,,,,,0.5
393,multi_krum,,,0.5,0,1,10,1.0,0.1111111111111111,0.8888888888888888,2,0.0,0.8888888888888888,,,,,-1,2.0,2.0,9.0,,,,,,,0.5
394,multi_krum,,,0.5,0,3,10,0.6666666666666666,0.0,0.6666666666666666,2,0.3333333333333333,1.0,,,,,-1,2.0,2.0,5.0,,,,,,,1.0
395,multi_krum,,,0.5,0,1,10,1.0,0.1111111111111111,0.8888888888888888,2,0.0,0.8888888888888888,,,,,-1,2.0,2.0,5.0,,,,,,,0.5
396,multi_krum,,,0.5,0,0,10,,0.2,,2,,0.8,,,,,-1,,,,,,,,,,0.0
397,multi_krum,,,0.5,0,2,10,1.0,0.0,1.0,2,0.0,1.0,,,,,-1,1.5,1.5,7.0,,,,,,,1.0
398,multi_krum,,,0.5,0,3,10,0.3333333333333333,0.14285714285714285,0.19047619047619047,2,0.6666666666666666,0.8571428571428571,,,,,-1,3.0,3.0,4.333333333333333,,,,,,,0.5
399,multi_krum,,,0.5,0,1,10,1.0,0.1111111111111111,0.8888888888888888,2,0.0,0.8888888888888888,,,,,-1,1.0,1.0,9.0,,,,,,,0.5
400,multi_krum,,,0.5,0,1,10,0.0,0.2222222222222222,-0.2222222222222222,2,1.0,0.7777777777777778,,,,,-1,3.0,3.0,4.0,,,,,,,0.0
401,multi_krum,,,0.5,0,3,10,0.6666666666666666,0.0,0.6666666666666666,2,0.3333333333333333,1.0,,,,,-1,2.0,2.0,5.0,,,,,,,1.0
402,multi_krum,,,0.5,0,4,10,0.5,0.0,0.5,2,0.5,1.0,,,,,-1,2.5,2.5,3.75,,,,,,,1.0
403,multi_krum,,,0.5,0,2,10,1.0,0.0,1.0,2,0.0,1.0,,,,,-1,1.5,1.5,8.5,,,,,,,1.0
404,multi_krum,,,0.5,0,1,10,1.0,0.1111111111111111,0.8888888888888888,2,0.0,0.8888888888888888,,,,,-1,1.0,1.0,9.0,,,,,,,0.5
405,multi_krum,,,0.5,0,0,10,,0.2,,2,,0.8,,,,,-1,,,,,,,,,,0.0
406,multi_krum,,,0.5,0,0,10,,0.2,,2,,0.8,,,,,-1,,,,,,,,,,0.0
407,multi_krum,,,0.5,0,0,10,,0.2,,2,,0.8,,,,,-1,,,,,,,,,,0.0
408,multi_krum,,,0.5,0,1,10,1.0,0.1111111111111111,0.8888888888888888,2,0.0,0.8888888888888888,,,,,-1,1.0,1.0,7.0,,,,,,,0.5
409,multi_krum,,,0.5,0,0,10,,0.2,,2,,0.8,,,,,-1,,,,,,,,,,0.0
410,multi_krum,,,0.5,0,1,10,1.0,0.1111111111111111,0.8888888888888888,2,0.0,0.8888888888888888,,,,,-1,2.0,2.0,3.0,,,,,,,0.5
411,multi_krum,,,0.5,0,1,10,1.0,0.1111111111111111,0.8888888888888888,2,0.0,0.8888888888888888,,,,,-1,1.0,1.0,5.0,,,,,,,0.5
412,multi_krum,,,0.5,0,2,10,0.0,0.25,-0.25,2,1.0,0.75,,,,,-1,3.5,3.5,5.5,,,,,,,0.0
413,multi_krum,,,0.5,0,0,10,,0.2,,2,,0.8,,,,,-1,,,,,,,,,,0.0
414,multi_krum,,,0.5,0,0,10,,0.2,,2,,0.8,,,,,-1,,,,,,,,,,0.0
415,multi_krum,,,0.5,0,1,10,1.0,0.1111111111111111,0.8888888888888888,2,0.0,0.8888888888888888,,,,,-1,1.0,1.0,9.0,,,,,,,0.5
416,multi_krum,,,0.5,0,1,10,0.0,0.2222222222222222,-0.2222222222222222,2,1.0,0.7777777777777778,,,,,-1,4.0,4.0,4.0,,,,,,,0.0
417,multi_krum,,,0.5,0,1,10,1.0,0.1111111111111111,0.8888888888888888,2,0.0,0.8888888888888888,,,,,-1,1.0,1.0,8.0,,,,,,,0.5
418,multi_krum,,,0.5,0,1,10,1.0,0.1111111111111111,0.8888888888888888,2,0.0,0.8888888888888888,,,,,-1,2.0,2.0,6.0,,,,,,,0.5
419,multi_krum,,,0.5,0,1,10,0.0,0.2222222222222222,-0.2222222222222222,2,1.0,0.7777777777777778,,,,,-1,3.0,3.0,6.0,,,,,,,0.0
420,multi_krum,,,0.5,0,1,10,1.0,0.1111111111111111,0.8888888888888888,2,0.0,0.8888888888888888,,,,,-1,1.0,1.0,9.0,,,,,,,0.5
421,multi_krum,,,0.5,0,0,10,,0.2,,2,,0.8,,,,,-1,,,,,,,,,,0.0
422,multi_krum,,,0.5,0,0,10,,0.2,,2,,0.8,,,,,-1,,,,,,,,,,0.0
423,multi_krum,,,0.5,0,1,10,1.0,0.1111111111111111,0.8888888888888888,2,0.0,0.8888888888888888,,,,,-1,1.0,1.0,9.0,,,,,,,0.5
424,multi_krum,,,0.5,0,0,10,,0.2,,2,,0.8,,,,,-1,,,,,,,,,,0.0
425,multi_krum,,,0.5,0,1,10,1.0,0.1111111111111111,0.8888888888888888,2,0.0,0.8888888888888888,,,,,-1,2.0,2.0,9.0,,,,,,,0.5
426,multi_krum,,,0.5,0,0,10,,0.2,,2,,0.8,,,,,-1,,,,,,,,,,0.0
427,multi_krum,,,0.5,0,1,10,1.0,0.1111111111111111,0.8888888888888888,2,0.0,0.8888888888888888,,,,,-1,2.0,2.0,9.0,,,,,,,0.5
428,multi_krum,,,0.5,0,1,10,1.0,0.1111111111111111,0.8888888888888888,2,0.0,0.8888888888888888,,,,,-1,1.0,1.0,9.0,,,,,,,0.5
429,multi_krum,,,0.5,0,2,10,0.5,0.125,0.375,2,0.5,0.875,,,,,-1,2.5,2.5,8.5,,,,,,,0.5
430,multi_krum,,,0.5,0,0,10,,0.2,,2,,0.8,,,,,-1,,,,,,,,,,0.0
431,multi_krum,,,0.5,0,2,10,1.0,0.0,1.0,2,0.0,1.0,,,,,-1,1.5,1.5,4.0,,,,,,,1.0
432,multi_krum,,,0.5,0,1,10,1.0,0.1111111111111111,0.8888888888888888,2,0.0,0.8888888888888888,,,,,-1,2.0,2.0,6.0,,,,,,,0.5
433,multi_krum,,,0.5,0,1,10,1.0,0.1111111111111111,0.8888888888888888,2,0.0,0.8888888888888888,,,,,-1,2.0,2.0,7.0,,,,,,,0.5
434,multi_krum,,,0.5,0,0,10,,0.2,,2,,0.8,,,,,-1,,,,,,,,,,0.0
435,multi_krum,,,0.5,0,0,10,,0.2,,2,,0.8,,,,,-1,,,,,,,,,,0.0
436,multi_krum,,,0.5,0,2,10,0.5,0.125,0.375,2,0.5,0.875,,,,,-1,2.5,2.5,4.0,,,,,,,0.5
437,multi_krum,,,0.5,0,2,10,1.0,0.0,1.0,2,0.0,1.0,,,,,-1,1.5,1.5,7.5,,,,,,,1.0
438,multi_krum,,,0.5,0,1,10,1.0,0.1111111111111111,0.8888888888888888,2,0.0,0.8888888888888888,,,,,-1,2.0,2.0,8.0,,,,,,,0.5
439,multi_krum,,,0.5,0,2,10,0.5,0.125,0.375,2,0.5,0.875,,,,,-1,2.5,2.5,5.5,,,,,,,0.5
440,multi_krum,,,0.5,0,0,10,,0.2,,2,,0.8,,,,,-1,,,,,,,,,,0.0
441,multi_krum,,,0.5,0,1,10,1.0,0.1111111111111111,0.8888888888888888,2,0.0,0.8888888888888888,,,,,-1,2.0,2.0,5.0,,,,,,,0.5
442,multi_krum,,,0.5,0,1,10,1.0,0.1111111111111111,0.8888888888888888,2,0.0,0.8888888888888888,,,,,-1,1.0,1.0,10.0,,,,,,,0.5
443,multi_krum,,,0.5,0,0,10,,0.2,,2,,0.8,,,,,-1,,,,,,,,,,0.0
444,multi_krum,,,0.5,0,2,10,1.0,0.0,1.0,2,0.0,1.0,,,,,-1,1.5,1.5,4.5,,,,,,,1.0
445,multi_krum,,,0.5,0,0,10,,0.2,,2,,0.8,,,,,-1,,,,,,,,,,0.0
446,multi_krum,,,0.5,0,0,10,,0.2,,2,,0.8,,,,,-1,,,,,,,,,,0.0
447,multi_krum,,,0.5,0,1,10,1.0,0.1111111111111111,0.8888888888888888,2,0.0,0.8888888888888888,,,,,-1,2.0,2.0,8.0,,,,,,,0.5
448,multi_krum,,,0.5,0,0,10,,0.2,,2,,0.8,,,,,-1,,,,,,,,,,0.0
449,multi_krum,,,0.5,0,1,10,1.0,0.1111111111111111,0.8888888888888888,2,0.0,0.8888888888888888,,,,,-1,2.0,2.0,8.0,,,,,,,0.5
450,multi_krum,,,0.5,0,2,10,1.0,0.0,1.0,2,0.0,1.0,,,,,-1,1.5,1.5,8.5,,,,,,,1.0
451,multi_krum,,,0.5,0,0,10,,0.2,,2,,0.8,,,,,-1,,,,,,,,,,0.0
452,multi_krum,,,0.5,0,3,10,0.6666666666666666,0.0,0.6666666666666666,2,0.3333333333333333,1.0,,,,,-1,2.0,2.0,4.666666666666667,,,,,,,1.0
453,multi_krum,,,0.5,0,1,10,1.0,0.1111111111111111,0.8888888888888888,2,0.0,0.8888888888888888,,,,,-1,1.0,1.0,9.0,,,,,,,0.5
454,multi_krum,,,0.5,0,0,10,,0.2,,2,,0.8,,,,,-1,,,,,,,,,,0.0
455,multi_krum,,,0.5,0,0,10,,0.2,,2,,0.8,,,,,-1,,,,,,,,,,0.0
456,multi_krum,,,0.5,0,1,10,1.0,0.1111111111111111,0.8888888888888888,2,0.0,0.8888888888888888,,,,,-1,2.0,2.0,6.0,,,,,,,0.5
457,multi_krum,,,0.5,0,1,10,1.0,0.1111111111111111,0.8888888888888888,2,0.0,0.8888888888888888,,,,,-1,1.0,1.0,9.0,,,,,,,0.5
458,multi_krum,,,0.5,0,3,10,0.3333333333333333,0.14285714285714285,0.19047619047619047,2,0.6666666666666666,0.8571428571428571,,,,,-1,3.0,3.0,3.3333333333333335,,,,,,,0.5
459,multi_krum,,,0.5,0,1,10,1.0,0.1111111111111111,0.8888888888888888,2,0.0,0.8888888888888888,,,,,-1,1.0,1.0,10.0,,,,,,,0.5
460,multi_krum,,,0.5,0,2,10,0.5,0.125,0.375,2,0.5,0.875,,,,,-1,2.5,2.5,5.0,,,,,,,0.5
461,multi_krum,,,0.5,0,2,10,0.5,0.125,0.375,2,0.5,0.875,,,,,-1,2.5,2.5,7.5,,,,,,,0.5
462,multi_krum,,,0.5,0,2,10,0.5,0.125,0.375,2,0.5,0.875,,,,,-1,2.0,2.0,6.5,,,,,,,0.5
463,multi_krum,,,0.5,0,2,10,1.0,0.0,1.0,2,0.0,1.0,,,,,-1,1.5,1.5,9.0,,,,,,,1.0
464,multi_krum,,,0.5,0,2,10,1.0,0.0,1.0,2,0.0,1.0,,,,,-1,1.5,1.5,6.5,,,,,,,1.0
465,multi_krum,,,0.5,0,1,10,1.0,0.1111111111111111,0.8888888888888888,2,0.0,0.8888888888888888,,,,,-1,1.0,1.0,8.0,,,,,,,0.5
466,multi_krum,,,0.5,0,4,10,0.5,0.0,0.5,2,0.5,1.0,,,,,-1,2.5,2.5,4.5,,,,,,,1.0
467,multi_krum,,,0.5,0,0,10,,0.2,,2,,0.8,,,,,-1,,,,,,,,,,0.0
468,multi_krum,,,0.5,0,2,10,0.5,0.125,0.375,2,0.5,0.875,,,,,-1,2.5,2.5,7.0,,,,,,,0.5
469,multi_krum,,,0.5,0,2,10,0.5,0.125,0.375,2,0.5,0.875,,,,,-1,2.5,2.5,7.0,,,,,,,0.5
470,multi_krum,,,0.5,0,3,10,0.6666666666666666,0.0,0.6666666666666666,2,0.3333333333333333,1.0,,,,,-1,2.0,2.0,5.666666666666667,,,,,,,1.0
471,multi_krum,,,0.5,0,1,10,1.0,0.1111111111111111,0.8888888888888888,2,0.0,0.8888888888888888,,,,,-1,1.0,1.0,8.0,,,,,,,0.5
472,multi_krum,,,0.5,0,1,10,1.0,0.1111111111111111,0.8888888888888888,2,0.0,0.8888888888888888,,,,,-1,2.0,2.0,7.0,,,,,,,0.5
473,multi_krum,,,0.5,0,2,10,0.5,0.125,0.375,2,0.5,0.875,,,,,-1,2.5,2.5,7.5,,,,,,,0.5
474,multi_krum,,,0.5,0,0,10,,0.2,,2,,0.8,,,,,-1,,,,,,,,,,0.0
475,multi_krum,,,0.5,0,2,10,0.5,0.125,0.375,2,0.5,0.875,,,,,-1,2.5,2.5,6.5,,,,,,,0.5
476,multi_krum,,,0.5,0,0,10,,0.2,,2,,0.8,,,,,-1,,,,,,,,,,0.0
477,multi_krum,,,0.5,0,0,10,,0.2,,2,,0.8,,,,,-1,,,,,,,,,,0.0
478,multi_krum,,,0.5,0,1,10,1.0,0.1111111111111111,0.8888888888888888,2,0.0,0.8888888888888888,,,,,-1,2.0,2.0,5.0,,,,,,,0.5
479,multi_krum,,,0.5,0,1,10,1.0,0.1111111111111111,0.8888888888888888,2,0.0,0.8888888888888888,,,,,-1,2.0,2.0,7.0,,,,,,,0.5
480,multi_krum,,,0.5,0,1,10,1.0,0.1111111111111111,0.8888888888888888,2,0.0,0.8888888888888888,,,,,-1,1.0,1.0,4.0,,,,,,,0.5
481,multi_krum,,,0.5,0,0,10,,0.2,,2,,0.8,,,,,-1,,,,,,,,,,0.0
482,multi_krum,,,0.5,0,1,10,1.0,0.1111111111111111,0.8888888888888888,2,0.0,0.8888888888888888,,,,,-1,1.0,1.0,6.0,,,,,,,0.5
483,multi_krum,,,0.5,0,1,10,1.0,0.1111111111111111,0.8888888888888888,2,0.0,0.8888888888888888,,,,,-1,1.0,1.0,4.0,,,,,,,0.5
484,multi_krum,,,0.5,0,1,10,0.0,0.2222222222222222,-0.2222222222222222,2,1.0,0.7777777777777778,,,,,-1,3.0,3.0,5.0,,,,,,,0.0
485,multi_krum,,,0.5,0,0,10,,0.2,,2,,0.8,,,,,-1,,,,,,,,,,0.0
486,multi_krum,,,0.5,0,0,10,,0.2,,2,,0.8,,,,,-1,,,,,,,,,,0.0
487,multi_krum,,,0.5,0,3,10,0.0,0.2857142857142857,-0.2857142857142857,2,1.0,0.7142857142857143,,,,,-1,4.0,4.0,2.6666666666666665,,,,,,,0.0
488,multi_krum,,,0.5,0,2,10,0.5,0.125,0.375,2,0.5,0.875,,,,,-1,2.0,2.0,8.5,,,,,,,0.5
489,multi_krum,,,0.5,0,2,10,0.5,0.125,0.375,2,0.5,0.875,,,,,-1,3.0,3.0,8.5,,,,,,,0.5
490,multi_krum,,,0.5,0,1,10,1.0,0.1111111111111111,0.8888888888888888,2,0.0,0.8888888888888888,,,,,-1,1.0,1.0,10.0,,,,,,,0.5
491,multi_krum,,,0.5,0,1,10,1.0,0.1111111111111111,0.8888888888888888,2,0.0,0.8888888888888888,,,,,-1,2.0,2.0,4.0,,,,,,,0.5
492,multi_krum,,,0.5,0,1,10,1.0,0.1111111111111111,0.8888888888888888,2,0.0,0.8888888888888888,,,,,-1,2.0,2.0,3.0,,,,,,,0.5
493,multi_krum,,,0.5,0,1,10,0.0,0.2222222222222222,-0.2222222222222222,2,1.0,0.7777777777777778,,,,,-1,3.0,3.0,7.0,,,,,,,0.0
494,multi_krum,,,0.5,0,1,10,1.0,0.1111111111111111,0.8888888888888888,2,0.0,0.8888888888888888,,,,,-1,1.0,1.0,5.0,,,,,,,0.5
495,multi_krum,,,0.5,0,1,10,1.0,0.1111111111111111,0.8888888888888888,2,0.0,0.8888888888888888,,,,,-1,2.0,2.0,7.0,,,,,,,0.5
496,multi_krum,,,0.5,0,2,10,1.0,0.0,1.0,2,0.0,1.0,,,,,-1,1.5,1.5,5.5,,,,,,,1.0
497,multi_krum,,,0.5,0,1,10,0.0,0.2222222222222222,-0.2222222222222222,2,1.0,0.7777777777777778,,,,,-1,3.0,3.0,5.0,,,,,,,0.0
498,multi_krum,,,0.5,0,0,10,,0.2,,2,,0.8,,,,,-1,,,,,,,,,,0.0
499,multi_krum,,,0.5,0,1,10,1.0,0.1111111111111111,0.8888888888888888,2,0.0,0.8888888888888888,,,,,-1,1.0,1.0,8.0,,,,,,,0.5
500,multi_krum,,,0.5,0,1,10,1.0,0.1111111111111111,0.8888888888888888,2,0.0,0.8888888888888888,,,,,-1,1.0,1.0,8.0,,,,,,,0.5
