round,defense,tau,alpha,alpha_dirichlet,seed,n_malicious_in_round,n_selected,tpr,fpr,youden_j,n_excluded,influence_malicious_mean,influence_benign_mean,trim_survival_malicious_mean,trim_survival_benign_mean,mask_keep_ratio,zero_sign_ratio,effective_trim_n,malicious_rank_l2_mean,malicious_rank_norm_mean,malicious_rank_cos_mean,flame_n_clusters,flame_n_noise,flame_max_cluster_size,flame_fallback_triggered,clip_rate_malicious,clip_rate_benign,cos_to_others_malicious_mean,cos_to_others_benign_mean,precision
1,flame,,,0.5,0,0,10,,0.3,,3,,0.7,,,,,-1,,,,1,3,7,False,,0.5,,0.06763376185947491,0.0
2,flame,,,0.5,0,0,10,,0.3,,3,,0.7,,,,,-1,,,,1,3,7,False,,0.5,,0.14246656987630035,0.0
3,flame,,,0.5,0,0,10,,0.4,,4,,0.6,,,,,-1,,,,1,4,6,False,,0.5,,0.13847293497337668,0.0
4,flame,,,0.5,0,1,10,0.0,0.4444444444444444,-0.4444444444444444,4,1.0,0.5555555555555556,,,,,-1,5.0,3.0,6.0,1,4,6,False,1.0,0.4444444444444444,0.11431807460413272,0.11563409500577287,0.0
5,flame,,,0.5,0,0,10,,0.3,,3,,0.7,,,,,-1,,,,1,3,7,False,,0.5,,0.11016079037872117,0.0
6,flame,,,0.5,0,0,10,,0.4,,4,,0.6,,,,,-1,,,,1,4,6,False,,0.5,,0.06950133463851292,0.0
7,flame,,,0.5,0,1,10,0.0,0.3333333333333333,-0.3333333333333333,3,1.0,0.6666666666666666,,,,,-1,6.0,3.0,3.0,1,3,7,False,1.0,0.4444444444444444,0.10913328773586639,0.08714015510113701,0.0
8,flame,,,0.5,0,0,10,,0.3,,3,,0.7,,,,,-1,,,,1,3,7,False,,0.5,,0.09080309361413555,0.0
9,flame,,,0.5,0,1,10,0.0,0.3333333333333333,-0.3333333333333333,3,1.0,0.6666666666666666,,,,,-1,6.0,4.0,6.0,1,3,7,False,1.0,0.4444444444444444,0.03659911972924815,0.0358890122501228,0.0
10,flame,,,0.5,0,0,10,,0.3,,3,,0.7,,,,,-1,,,,1,3,7,False,,0.5,,0.06553233549079948,0.0
11,flame,,,0.5,0,1,10,0.0,0.4444444444444444,-0.4444444444444444,4,1.0,0.5555555555555556,,,,,-1,2.0,3.0,8.0,1,4,6,False,1.0,0.4444444444444444,0.03270061008213116,0.07017408043672245,0.0
12,flame,,,0.5,0,0,10,,0.4,,4,,0.6,,,,,-1,,,,1,4,6,False,,0.5,,0.0908449587611229,0.0
13,flame,,,0.5,0,0,10,,0.4,,4,,0.6,,,,,-1,,,,1,4,6,False,,0.5,,0.08315615556461363,0.0
14,flame,,,0.5,0,0,10,,0.4,,4,,0.6,,,,,-1,,,,1,4,6,False,,0.5,,0.11092914951853002,0.0
15,flame,,,0.5,0,1,10,1.0,0.3333333333333333,0.6666666666666667,4,0.0,0.6666666666666666,,,,,-1,3.0,7.0,9.0,1,4,6,False,0.0,0.5555555555555556,0.1019438210709902,0.17906049336973595,0.25
16,flame,,,0.5,0,1,10,1.0,0.3333333333333333,0.6666666666666667,4,0.0,0.6666666666666666,,,,,-1,9.0,5.0,3.0,1,4,6,False,1.0,0.4444444444444444,0.1613748004319916,0.12131503399637111,0.25
17,flame,,,0.5,0,1,10,0.0,0.0,0.0,0,1.0,1.0,,,,,-1,4.0,3.0,6.0,1,0,10,False,1.0,0.4444444444444444,0.04904942749875153,0.06878741417683855,
18,flame,,,0.5,0,0,10,,0.4,,4,,0.6,,,,,-1,,,,1,4,6,False,,0.5,,0.11237023870047716,0.0
19,flame,,,0.5,0,0,10,,0.4,,4,,0.6,,,,,-1,,,,1,4,6,False,,0.5,,0.07850216333417562,0.0
20,flame,,,0.5,0,0,10,,0.4,,4,,0.6,,,,,-1,,,,1,4,6,False,,0.6,,0.058682723365394686,0.0
21,flame,,,0.5,0,1,10,1.0,0.3333333333333333,0.6666666666666667,4,0.0,0.6666666666666666,,,,,-1,8.0,10.0,8.0,1,4,6,False,0.0,0.5555555555555556,0.05558302493480211,0.10349702495726727,0.25
22,flame,,,0.5,0,0,10,,0.4,,4,,0.6,,,,,-1,,,,1,4,6,False,,0.6,,0.10812581085857906,0.0
23,flame,,,0.5,0,1,10,0.0,0.4444444444444444,-0.4444444444444444,4,1.0,0.5555555555555556,,,,,-1,1.0,3.0,10.0,1,4,6,False,1.0,0.4444444444444444,0.015311138607341505,0.03678485231677805,0.0
24,flame,,,0.5,0,0,10,,0.4,,4,,0.6,,,,,-1,,,,1,4,6,False,,0.6,,0.0229134485876425,0.0
25,flame,,,0.5,0,1,10,0.0,0.2222222222222222,-0.2222222222222222,2,1.0,0.7777777777777778,,,,,-1,1.0,2.0,8.0,1,2,8,False,1.0,0.4444444444444444,-0.0002916997607655218,0.01759989100001999,0.0
26,flame,,,0.5,0,0,10,,0.4,,4,,0.6,,,,,-1,,,,1,4,6,False,,0.5,,0.03866593359505806,0.0
27,flame,,,0.5,0,0,10,,0.3,,3,,0.7,,,,,-1,,,,1,3,7,False,,0.5,,0.09815026425310631,0.0
28,flame,,,0.5,0,0,10,,0.4,,4,,0.6,,,,,-1,,,,1,4,6,False,,0.5,,0.10172519013008974,0.0
29,flame,,,0.5,0,1,10,0.0,0.0,0.0,0,1.0,1.0,,,,,-1,4.0,3.0,4.0,1,0,10,False,1.0,0.4444444444444444,0.03824903439736022,0.03565895371591193,
30,flame,,,0.5,0,0,10,,0.3,,3,,0.7,,,,,-1,,,,1,3,7,False,,0.5,,0.02464842113736542,0.0
31,flame,,,0.5,0,0,10,,0.3,,3,,0.7,,,,,-1,,,,1,3,7,False,,0.5,,0.03451347565864215,0.0
32,flame,,,0.5,0,1,10,0.0,0.2222222222222222,-0.2222222222222222,2,1.0,0.7777777777777778,,,,,-1,6.0,2.0,2.0,1,2,8,False,1.0,0.4444444444444444,0.17548432030680886,0.12107428595367459,0.0
33,flame,,,0.5,0,0,10,,0.4,,4,,0.6,,,,,-1,,,,1,4,6,False,,0.5,,0.03987113369136489,0.0
34,flame,,,0.5,0,0,10,,0.4,,4,,0.6,,,,,-1,,,,1,4,6,False,,0.5,,0.09865378867571516,0.0
35,flame,,,0.5,0,0,10,,0.4,,4,,0.6,,,,,-1,,,,1,4,6,False,,0.5,,0.06717098587479109,0.0
36,flame,,,0.5,0,0,10,,0.4,,4,,0.6,,,,,-1,,,,1,4,6,False,,0.5,,0.0712844773639925,0.0
37,flame,,,0.5,0,0,10,,0.3,,3,,0.7,,,,,-1,,,,1,3,7,False,,0.5,,0.10862925404482551,0.0
38,flame,,,0.5,0,0,10,,0.4,,4,,0.6,,,,,-1,,,,1,4,6,False,,0.5,,0.09144593437905177,0.0
39,flame,,,0.5,0,0,10,,0.3,,3,,0.7,,,,,-1,,,,1,3,7,False,,0.5,,0.04244094060560356,0.0
40,flame,,,0.5,0,0,10,,0.2,,2,,0.8,,,,,-1,,,,1,2,8,False,,0.5,,0.03979358687259626,0.0
41,flame,,,0.5,0,1,10,0.0,0.4444444444444444,-0.4444444444444444,4,1.0,0.5555555555555556,,,,,-1,5.0,3.0,4.0,1,4,6,False,1.0,0.4444444444444444,0.049956267340444956,0.046301752657597985,0.0
42,flame,,,0.5,0,0,10,,0.4,,4,,0.6,,,,,-1,,,,1,4,6,False,,0.5,,0.057788568253890615,0.0
43,flame,,,0.5,0,1,10,0.0,0.4444444444444444,-0.4444444444444444,4,1.0,0.5555555555555556,,,,,-1,5.0,4.0,6.0,1,4,6,False,1.0,0.4444444444444444,0.025029145747714136,0.02922550901651711,0.0
44,flame,,,0.5,0,0,10,,0.4,,4,,0.6,,,,,-1,,,,1,4,6,False,,0.5,,0.07138751970015268,0.0
45,flame,,,0.5,0,0,10,,0.4,,4,,0.6,,,,,-1,,,,1,4,6,False,,0.5,,0.058752562073297085,0.0
46,flame,,,0.5,0,1,10,1.0,0.3333333333333333,0.6666666666666667,4,0.0,0.6666666666666666,,,,,-1,1.0,1.0,5.0,1,4,6,False,1.0,0.4444444444444444,0.05071781499044173,0.0557884486778047,0.25
47,flame,,,0.5,0,0,10,,0.3,,3,,0.7,,,,,-1,,,,1,3,7,False,,0.5,,0.03410437699742267,0.0
48,flame,,,0.5,0,0,10,,0.4,,4,,0.6,,,,,-1,,,,1,4,6,False,,0.5,,0.05427618762887497,0.0
49,flame,,,0.5,0,0,10,,0.4,,4,,0.6,,,,,-1,,,,1,4,6,False,,0.5,,0.033471514032866675,0.0
50,flame,,,0.5,0,0,10,,0.4,,4,,0.6,,,,,-1,,,,1,4,6,False,,0.5,,0.022471344193113578,0.0
51,flame,,,0.5,0,0,10,,0.3,,3,,0.7,,,,,-1,,,,1,3,7,False,,0.5,,0.029344681328057464,0.0
52,flame,,,0.5,0,0,10,,0.1,,1,,0.9,,,,,-1,,,,1,1,9,False,,0.5,,0.04062113169685183,0.0
53,flame,,,0.5,0,0,10,,0.4,,4,,0.6,,,,,-1,,,,1,4,6,False,,0.5,,0.02232525334757633,0.0
54,flame,,,0.5,0,0,10,,0.4,,4,,0.6,,,,,-1,,,,1,4,6,False,,0.5,,0.06582138304302296,0.0
55,flame,,,0.5,0,0,10,,0.4,,4,,0.6,,,,,-1,,,,1,4,6,False,,0.5,,0.07388612533745902,0.0
56,flame,,,0.5,0,0,10,,0.4,,4,,0.6,,,,,-1,,,,1,4,6,False,,0.5,,0.1080168831280306,0.0
57,flame,,,0.5,0,0,10,,0.3,,3,,0.7,,,,,-1,,,,1,3,7,False,,0.5,,0.05716717041032908,0.0
58,flame,,,0.5,0,0,10,,0.4,,4,,0.6,,,,,-1,,,,1,4,6,False,,0.5,,0.05559820013490171,0.0
59,flame,,,0.5,0,1,10,0.0,0.4444444444444444,-0.4444444444444444,4,1.0,0.5555555555555556,,,,,-1,1.0,1.0,3.0,1,4,6,False,1.0,0.4444444444444444,0.060608477697593525,0.04395761602761934,0.0
60,flame,,,0.5,0,0,10,,0.4,,4,,0.6,,,,,-1,,,,1,4,6,False,,0.5,,0.04974771308503177,0.0
61,flame,,,0.5,0,2,10,0.0,0.25,-0.25,2,1.0,0.75,,,,,-1,1.5,2.0,7.5,1,2,8,False,1.0,0.375,0.0642839933203751,0.0662136574123952,0.0
62,flame,,,0.5,0,0,10,,0.4,,4,,0.6,,,,,-1,,,,1,4,6,False,,0.5,,0.02694357507560058,0.0
63,flame,,,0.5,0,0,10,,0.4,,4,,0.6,,,,,-1,,,,1,4,6,False,,0.5,,0.034372370398768295,0.0
64,flame,,,0.5,0,0,10,,0.4,,4,,0.6,,,,,-1,,,,1,4,6,False,,0.5,,0.043777587754474614,0.0
65,flame,,,0.5,0,0,10,,0.2,,2,,0.8,,,,,-1,,,,1,2,8,False,,0.5,,0.10435874329031032,0.0
66,flame,,,0.5,0,0,10,,0.4,,4,,0.6,,,,,-1,,,,1,4,6,False,,0.5,,0.03942304006680658,0.0
67,flame,,,0.5,0,0,10,,0.4,,4,,0.6,,,,,-1,,,,1,4,6,False,,0.5,,0.05635172500456913,0.0
68,flame,,,0.5,0,0,10,,0.4,,4,,0.6,,,,,-1,,,,1,4,6,False,,0.6,,0.057048878829543195,0.0
69,flame,,,0.5,0,0,10,,0.4,,4,,0.6,,,,,-1,,,,1,4,6,False,,0.5,,0.07164787605214498,0.0
70,flame,,,0.5,0,0,10,,0.2,,2,,0.8,,,,,-1,,,,1,2,8,False,,0.5,,0.04967437846248243,0.0
71,flame,,,0.5,0,0,10,,0.4,,4,,0.6,,,,,-1,,,,1,4,6,False,,0.5,,0.03155373968359587,0.0
72,flame,,,0.5,0,0,10,,0.4,,4,,0.6,,,,,-1,,,,1,4,6,False,,0.5,,0.0886232443225917,0.0
73,flame,,,0.5,0,0,10,,0.1,,1,,0.9,,,,,-1,,,,1,1,9,False,,0.5,,0.0453878827858611,0.0
74,flame,,,0.5,0,0,10,,0.3,,3,,0.7,,,,,-1,,,,1,3,7,False,,0.5,,0.021822606033261468,0.0
75,flame,,,0.5,0,0,10,,0.4,,4,,0.6,,,,,-1,,,,1,4,6,False,,0.6,,0.0411182489254871,0.0
76,flame,,,0.5,0,0,10,,0.4,,4,,0.6,,,,,-1,,,,1,4,6,False,,0.5,,0.055018045539825054,0.0
77,flame,,,0.5,0,1,10,0.0,0.4444444444444444,-0.4444444444444444,4,1.0,0.5555555555555556,,,,,-1,1.0,1.0,4.0,1,4,6,False,1.0,0.4444444444444444,0.05456382040144504,0.05281440231081357,0.0
78,flame,,,0.5,0,0,10,,0.4,,4,,0.6,,,,,-1,,,,1,4,6,False,,0.5,,0.04152265079909957,0.0
79,flame,,,0.5,0,1,10,0.0,0.4444444444444444,-0.4444444444444444,4,1.0,0.5555555555555556,,,,,-1,1.0,1.0,4.0,1,4,6,False,1.0,0.4444444444444444,0.0713605713622542,0.056556555134964936,0.0
80,flame,,,0.5,0,0,10,,0.4,,4,,0.6,,,,,-1,,,,1,4,6,False,,0.6,,0.041898395965238,0.0
81,flame,,,0.5,0,0,10,,0.3,,3,,0.7,,,,,-1,,,,1,3,7,False,,0.5,,0.02210802033496561,0.0
82,flame,,,0.5,0,0,10,,0.4,,4,,0.6,,,,,-1,,,,1,4,6,False,,0.5,,0.016954423655828103,0.0
83,flame,,,0.5,0,0,10,,0.4,,4,,0.6,,,,,-1,,,,1,4,6,False,,0.5,,0.04207864642582883,0.0
84,flame,,,0.5,0,0,10,,0.3,,3,,0.7,,,,,-1,,,,1,3,7,False,,0.6,,0.05347021028389155,0.0
85,flame,,,0.5,0,0,10,,0.3,,3,,0.7,,,,,-1,,,,1,3,7,False,,0.5,,0.02512448804052599,0.0
86,flame,,,0.5,0,0,10,,0.3,,3,,0.7,,,,,-1,,,,1,3,7,False,,0.5,,0.01439946661025054,0.0
87,flame,,,0.5,0,0,10,,0.2,,2,,0.8,,,,,-1,,,,1,2,8,False,,0.5,,0.026924927254154397,0.0
88,flame,,,0.5,0,0,10,,0.4,,4,,0.6,,,,,-1,,,,1,4,6,False,,0.5,,0.01756983996729519,0.0
89,flame,,,0.5,0,0,10,,0.1,,1,,0.9,,,,,-1,,,,1,1,9,False,,0.5,,0.03801496076714922,0.0
90,flame,,,0.5,0,1,10,1.0,0.3333333333333333,0.6666666666666667,4,0.0,0.6666666666666666,,,,,-1,1.0,1.0,10.0,1,4,6,False,1.0,0.4444444444444444,-0.004861138699967318,0.015384586400121728,0.25
91,flame,,,0.5,0,0,10,,0.4,,4,,0.6,,,,,-1,,,,1,4,6,False,,0.5,,0.04507340475101697,0.0
92,flame,,,0.5,0,0,10,,0.4,,4,,0.6,,,,,-1,,,,1,4,6,False,,0.5,,0.051307708219590444,0.0
93,flame,,,0.5,0,0,10,,0.4,,4,,0.6,,,,,-1,,,,1,4,6,False,,0.5,,0.04641957799780998,0.0
94,flame,,,0.5,0,1,10,1.0,0.2222222222222222,0.7777777777777778,3,0.0,0.7777777777777778,,,,,-1,1.0,2.0,10.0,1,3,7,False,1.0,0.4444444444444444,-0.006212784533211391,0.0156251283268517,0.3333333333333333
95,flame,,,0.5,0,0,10,,0.4,,4,,0.6,,,,,-1,,,,1,4,6,False,,0.5,,0.020404529665259297,0.0
96,flame,,,0.5,0,0,10,,0.1,,1,,0.9,,,,,-1,,,,1,1,9,False,,0.5,,0.032196023806031614,0.0
97,flame,,,0.5,0,0,10,,0.3,,3,,0.7,,,,,-1,,,,1,3,7,False,,0.5,,0.02159201246196373,0.0
98,flame,,,0.5,0,2,10,0.0,0.375,-0.375,3,1.0,0.625,,,,,-1,1.5,1.5,4.5,1,3,7,False,1.0,0.375,0.0399979668387719,0.021573567166883592,0.0
99,flame,,,0.5,0,1,10,1.0,0.3333333333333333,0.6666666666666667,4,0.0,0.6666666666666666,,,,,-1,1.0,1.0,10.0,1,4,6,False,1.0,0.4444444444444444,-0.00242805827542124,0.030293761908243892,0.25
100,flame,,,0.5,0,0,10,,0.2,,2,,0.8,,,,,-1,,,,1,2,8,False,,0.5,,0.04313596390370603,0.0
101,flame,,,0.5,0,0,10,,0.4,,4,,0.6,,,,,-1,,,,1,4,6,False,,0.5,,0.02958651067139332,0.0
102,flame,,,0.5,0,0,10,,0.4,,4,,0.6,,,,,-1,,,,1,4,6,False,,0.5,,0.011233501628425202,0.0
103,flame,,,0.5,0,0,10,,0.3,,3,,0.7,,,,,-1,,,,1,3,7,False,,0.6,,0.021165884378612193,0.0
104,flame,,,0.5,0,0,10,,0.4,,4,,0.6,,,,,-1,,,,1,4,6,False,,0.5,,0.02854677110432542,0.0
105,flame,,,0.5,0,0,10,,0.4,,4,,0.6,,,,,-1,,,,1,4,6,False,,0.6,,0.006869351220982048,0.0
106,flame,,,0.5,0,0,10,,0.3,,3,,0.7,,,,,-1,,,,1,3,7,False,,0.5,,0.04335186959035649,0.0
107,flame,,,0.5,0,0,10,,0.2,,2,,0.8,,,,,-1,,,,1,2,8,False,,0.5,,0.03418596575188273,0.0
108,flame,,,0.5,0,0,10,,0.4,,4,,0.6,,,,,-1,,,,1,4,6,False,,0.5,,0.01401083359110578,0.0
109,flame,,,0.5,0,0,10,,0.3,,3,,0.7,,,,,-1,,,,1,3,7,False,,0.5,,0.04413493560928501,0.0
110,flame,,,0.5,0,0,10,,0.4,,4,,0.6,,,,,-1,,,,1,4,6,False,,0.5,,0.04060293308794463,0.0
111,flame,,,0.5,0,0,10,,0.4,,4,,0.6,,,,,-1,,,,1,4,6,False,,0.5,,0.030733725708585225,0.0
112,flame,,,0.5,0,0,10,,0.3,,3,,0.7,,,,,-1,,,,1,3,7,False,,0.5,,0.023113181673078815,0.0
113,flame,,,0.5,0,0,10,,0.4,,4,,0.6,,,,,-1,,,,1,4,6,False,,0.6,,0.04496320439793775,0.0
114,flame,,,0.5,0,0,10,,0.4,,4,,0.6,,,,,-1,,,,1,4,6,False,,0.5,,0.016133451030798406,0.0
115,flame,,,0.5,0,0,10,,0.4,,4,,0.6,,,,,-1,,,,1,4,6,False,,0.5,,0.01916472916052516,0.0
116,flame,,,0.5,0,0,10,,0.3,,3,,0.7,,,,,-1,,,,1,3,7,False,,0.5,,0.026272904992663028,0.0
117,flame,,,0.5,0,0,10,,0.4,,4,,0.6,,,,,-1,,,,1,4,6,False,,0.5,,0.018118573569428382,0.0
118,flame,,,0.5,0,0,10,,0.4,,4,,0.6,,,,,-1,,,,1,4,6,False,,0.5,,0.03872055832293545,0.0
119,flame,,,0.5,0,0,10,,0.4,,4,,0.6,,,,,-1,,,,1,4,6,False,,0.5,,0.021412247976113796,0.0
120,flame,,,0.5,0,1,10,1.0,0.3333333333333333,0.6666666666666667,4,0.0,0.6666666666666666,,,,,-1,1.0,1.0,10.0,1,4,6,False,1.0,0.4444444444444444,0.014460294942245334,0.03882636821795709,0.25
121,flame,,,0.5,0,1,10,1.0,0.3333333333333333,0.6666666666666667,4,0.0,0.6666666666666666,,,,,-1,1.0,1.0,6.0,1,4,6,False,1.0,0.4444444444444444,0.026885846774284145,0.028514873597387906,0.25
122,flame,,,0.5,0,0,10,,0.4,,4,,0.6,,,,,-1,,,,1,4,6,False,,0.6,,0.033970086843925155,0.0
123,flame,,,0.5,0,0,10,,0.4,,4,,0.6,,,,,-1,,,,1,4,6,False,,0.5,,0.0637740731088323,0.0
124,flame,,,0.5,0,0,10,,0.2,,2,,0.8,,,,,-1,,,,1,2,8,False,,0.5,,0.04253959985534485,0.0
125,flame,,,0.5,0,0,10,,0.4,,4,,0.6,,,,,-1,,,,1,4,6,False,,0.5,,0.005653180821814111,0.0
126,flame,,,0.5,0,0,10,,0.4,,4,,0.6,,,,,-1,,,,1,4,6,False,,0.5,,0.02837141424146773,0.0
127,flame,,,0.5,0,0,10,,0.4,,4,,0.6,,,,,-1,,,,1,4,6,False,,0.5,,0.01318060026035755,0.0
128,flame,,,0.5,0,0,10,,0.4,,4,,0.6,,,,,-1,,,,1,4,6,False,,0.5,,0.028914045403353118,0.0
129,flame,,,0.5,0,0,10,,0.4,,4,,0.6,,,,,-1,,,,1,4,6,False,,0.5,,0.021838840787858395,0.0
130,flame,,,0.5,0,0,10,,0.4,,4,,0.6,,,,,-1,,,,1,4,6,False,,0.5,,0.030569249009194627,0.0
131,flame,,,0.5,0,0,10,,0.2,,2,,0.8,,,,,-1,,,,1,2,8,False,,0.5,,0.01209484132579627,0.0
132,flame,,,0.5,0,0,10,,0.3,,3,,0.7,,,,,-1,,,,1,3,7,False,,0.5,,0.009338857225215266,0.0
133,flame,,,0.5,0,0,10,,0.1,,1,,0.9,,,,,-1,,,,1,1,9,False,,0.5,,0.03672802276756505,0.0
134,flame,,,0.5,0,0,10,,0.4,,4,,0.6,,,,,-1,,,,1,4,6,False,,0.5,,0.016357921278981103,0.0
135,flame,,,0.5,0,1,10,1.0,0.3333333333333333,0.6666666666666667,4,0.0,0.6666666666666666,,,,,-1,1.0,1.0,7.0,1,4,6,False,1.0,0.4444444444444444,0.03192953609142964,0.03410471098095195,0.25
136,flame,,,0.5,0,1,10,0.0,0.4444444444444444,-0.4444444444444444,4,1.0,0.5555555555555556,,,,,-1,1.0,1.0,5.0,1,4,6,False,1.0,0.4444444444444444,0.044828176475881505,0.040781723110678535,0.0
137,flame,,,0.5,0,0,10,,0.4,,4,,0.6,,,,,-1,,,,1,4,6,False,,0.5,,0.06511450381050819,0.0
138,flame,,,0.5,0,0,10,,0.3,,3,,0.7,,,,,-1,,,,1,3,7,False,,0.5,,0.022910536315549495,0.0
139,flame,,,0.5,0,0,10,,0.4,,4,,0.6,,,,,-1,,,,1,4,6,False,,0.5,,0.02121373662678057,0.0
140,flame,,,0.5,0,0,10,,0.4,,4,,0.6,,,,,-1,,,,1,4,6,False,,0.5,,0.04511531555139538,0.0
141,flame,,,0.5,0,0,10,,0.4,,4,,0.6,,,,,-1,,,,1,4,6,False,,0.6,,0.03464712209846706,0.0
142,flame,,,0.5,0,0,10,,0.1,,1,,0.9,,,,,-1,,,,1,1,9,False,,0.5,,0.010027853719377948,0.0
143,flame,,,0.5,0,0,10,,0.4,,4,,0.6,,,,,-1,,,,1,4,6,False,,0.5,,0.0007784465833411983,0.0
144,flame,,,0.5,0,0,10,,0.3,,3,,0.7,,,,,-1,,,,1,3,7,False,,0.5,,0.015293525815216638,0.0
145,flame,,,0.5,0,0,10,,0.4,,4,,0.6,,,,,-1,,,,1,4,6,False,,0.5,,0.0203461197435364,0.0
146,flame,,,0.5,0,0,10,,0.4,,4,,0.6,,,,,-1,,,,1,4,6,False,,0.5,,0.04099592862885026,0.0
147,flame,,,0.5,0,0,10,,0.4,,4,,0.6,,,,,-1,,,,1,4,6,False,,0.5,,0.028348441707334786,0.0
148,flame,,,0.5,0,0,10,,0.4,,4,,0.6,,,,,-1,,,,1,4,6,False,,0.5,,0.023244335535037793,0.0
149,flame,,,0.5,0,0,10,,0.3,,3,,0.7,,,,,-1,,,,1,3,7,False,,0.5,,0.01829358222592141,0.0
150,flame,,,0.5,0,0,10,,0.3,,3,,0.7,,,,,-1,,,,1,3,7,False,,0.5,,0.018933834144112153,0.0
151,flame,,,0.5,0,0,10,,0.2,,2,,0.8,,,,,-1,,,,1,2,8,False,,0.5,,0.025948681168888606,0.0
152,flame,,,0.5,0,0,10,,0.4,,4,,0.6,,,,,-1,,,,1,4,6,False,,0.5,,0.014156880493010681,0.0
153,flame,,,0.5,0,0,10,,0.4,,4,,0.6,,,,,-1,,,,1,4,6,False,,0.5,,0.03357170299381633,0.0
154,flame,,,0.5,0,0,10,,0.3,,3,,0.7,,,,,-1,,,,1,3,7,False,,0.5,,0.028620236645169154,0.0
155,flame,,,0.5,0,0,10,,0.4,,4,,0.6,,,,,-1,,,,1,4,6,False,,0.5,,0.016831777297649796,0.0
156,flame,,,0.5,0,0,10,,0.4,,4,,0.6,,,,,-1,,,,1,4,6,False,,0.5,,0.02138802452710815,0.0
157,flame,,,0.5,0,0,10,,0.4,,4,,0.6,,,,,-1,,,,1,4,6,False,,0.5,,0.02163895607459539,0.0
158,flame,,,0.5,0,0,10,,0.4,,4,,0.6,,,,,-1,,,,1,4,6,False,,0.5,,0.026956258294270764,0.0
159,flame,,,0.5,0,0,10,,0.4,,4,,0.6,,,,,-1,,,,1,4,6,False,,0.5,,0.0290845877311005,0.0
160,flame,,,0.5,0,1,10,0.0,0.3333333333333333,-0.3333333333333333,3,1.0,0.6666666666666666,,,,,-1,1.0,1.0,6.0,1,3,7,False,1.0,0.5555555555555556,0.01992866973830096,0.018881787133550695,0.0
161,flame,,,0.5,0,0,10,,0.4,,4,,0.6,,,,,-1,,,,1,4,6,False,,0.5,,0.02816815753174215,0.0
162,flame,,,0.5,0,0,10,,0.4,,4,,0.6,,,,,-1,,,,1,4,6,False,,0.6,,0.01501939484131699,0.0
163,flame,,,0.5,0,0,10,,0.4,,4,,0.6,,,,,-1,,,,1,4,6,False,,0.6,,0.010126977958819904,0.0
164,flame,,,0.5,0,0,10,,0.4,,4,,0.6,,,,,-1,,,,1,4,6,False,,0.5,,0.02357213863827337,0.0
165,flame,,,0.5,0,0,10,,0.4,,4,,0.6,,,,,-1,,,,1,4,6,False,,0.5,,0.015081974295065272,0.0
166,flame,,,0.5,0,0,10,,0.4,,4,,0.6,,,,,-1,,,,1,4,6,False,,0.5,,0.030295512591955676,0.0
167,flame,,,0.5,0,0,10,,0.2,,2,,0.8,,,,,-1,,,,1,2,8,False,,0.5,,0.03327681748472754,0.0
168,flame,,,0.5,0,0,10,,0.3,,3,,0.7,,,,,-1,,,,1,3,7,False,,0.5,,0.012861983681924451,0.0
169,flame,,,0.5,0,0,10,,0.4,,4,,0.6,,,,,-1,,,,1,4,6,False,,0.5,,0.025522855226767904,0.0
170,flame,,,0.5,0,0,10,,0.4,,4,,0.6,,,,,-1,,,,1,4,6,False,,0.5,,0.01798741429663605,0.0
171,flame,,,0.5,0,1,10,1.0,0.3333333333333333,0.6666666666666667,4,0.0,0.6666666666666666,,,,,-1,1.0,1.0,10.0,1,4,6,False,1.0,0.4444444444444444,0.0019744451507215624,0.03378333079336705,0.25
172,flame,,,0.5,0,0,10,,0.3,,3,,0.7,,,,,-1,,,,1,3,7,False,,0.5,,0.029928177851113957,0.0
173,flame,,,0.5,0,0,10,,0.4,,4,,0.6,,,,,-1,,,,1,4,6,False,,0.5,,0.018210631606351342,0.0
174,flame,,,0.5,0,0,10,,0.4,,4,,0.6,,,,,-1,,,,1,4,6,False,,0.5,,0.018704373538430897,0.0
175,flame,,,0.5,0,0,10,,0.4,,4,,0.6,,,,,-1,,,,1,4,6,False,,0.5,,0.01566014028591271,0.0
176,flame,,,0.5,0,0,10,,0.4,,4,,0.6,,,,,-1,,,,1,4,6,False,,0.6,,0.02106605517897398,0.0
177,flame,,,0.5,0,0,10,,0.2,,2,,0.8,,,,,-1,,,,1,2,8,False,,0.5,,0.021143562622975363,0.0
178,flame,,,0.5,0,0,10,,0.4,,4,,0.6,,,,,-1,,,,1,4,6,False,,0.5,,0.01102228718518396,0.0
179,flame,,,0.5,0,0,10,,0.4,,4,,0.6,,,,,-1,,,,1,4,6,False,,0.5,,0.01575091040111811,0.0
180,flame,,,0.5,0,0,10,,0.4,,4,,0.6,,,,,-1,,,,1,4,6,False,,0.5,,0.007822576857956173,0.0
181,flame,,,0.5,0,0,10,,0.4,,4,,0.6,,,,,-1,,,,1,4,6,False,,0.5,,0.01770555849012814,0.0
182,flame,,,0.5,0,1,10,0.0,0.4444444444444444,-0.4444444444444444,4,1.0,0.5555555555555556,,,,,-1,1.0,1.0,7.0,1,4,6,False,1.0,0.4444444444444444,0.010276153057415756,0.018902876766908314,0.0
183,flame,,,0.5,0,1,10,1.0,0.3333333333333333,0.6666666666666667,4,0.0,0.6666666666666666,,,,,-1,1.0,1.0,10.0,1,4,6,False,1.0,0.4444444444444444,-0.0014647937649165943,0.025469511266293283,0.25
184,flame,,,0.5,0,0,10,,0.4,,4,,0.6,,,,,-1,,,,1,4,6,False,,0.5,,0.010621494047851236,0.0
185,flame,,,0.5,0,0,10,,0.1,,1,,0.9,,,,,-1,,,,1,1,9,False,,0.5,,0.021467260686476638,0.0
186,flame,,,0.5,0,0,10,,0.4,,4,,0.6,,,,,-1,,,,1,4,6,False,,0.6,,0.0027964032933108247,0.0
187,flame,,,0.5,0,0,10,,0.4,,4,,0.6,,,,,-1,,,,1,4,6,False,,0.5,,0.010195306705386414,0.0
188,flame,,,0.5,0,1,10,1.0,0.3333333333333333,0.6666666666666667,4,0.0,0.6666666666666666,,,,,-1,1.0,1.0,10.0,1,4,6,False,1.0,0.5555555555555556,0.0024556194085982863,0.028155373416106782,0.25
189,flame,,,0.5,0,1,10,1.0,0.3333333333333333,0.6666666666666667,4,0.0,0.6666666666666666,,,,,-1,1.0,1.0,5.0,1,4,6,False,1.0,0.4444444444444444,0.025613167023674013,0.025297436991507473,0.25
190,flame,,,0.5,0,1,10,0.0,0.3333333333333333,-0.3333333333333333,3,1.0,0.6666666666666666,,,,,-1,1.0,1.0,8.0,1,3,7,False,1.0,0.4444444444444444,0.01034279714485785,0.017150114109514242,0.0
191,flame,,,0.5,0,0,10,,0.4,,4,,0.6,,,,,-1,,,,1,4,6,False,,0.5,,0.016092994266236605,0.0
192,flame,,,0.5,0,0,10,,0.4,,4,,0.6,,,,,-1,,,,1,4,6,False,,0.5,,0.023512095902208825,0.0
193,flame,,,0.5,0,0,10,,0.4,,4,,0.6,,,,,-1,,,,1,4,6,False,,0.5,,0.016777850794397905,0.0
194,flame,,,0.5,0,0,10,,0.2,,2,,0.8,,,,,-1,,,,1,2,8,False,,0.5,,0.02182534248856144,0.0
195,flame,,,0.5,0,1,10,1.0,0.2222222222222222,0.7777777777777778,3,0.0,0.7777777777777778,,,,,-1,1.0,1.0,7.0,1,3,7,False,1.0,0.4444444444444444,0.011914014735759359,0.016990108989367182,0.3333333333333333
196,flame,,,0.5,0,1,10,1.0,0.1111111111111111,0.8888888888888888,2,0.0,0.8888888888888888,,,,,-1,1.0,1.0,9.0,1,2,8,False,1.0,0.4444444444444444,0.0068274395969587015,0.02379808076642526,0.5
197,flame,,,0.5,0,0,10,,0.4,,4,,0.6,,,,,-1,,,,1,4,6,False,,0.5,,0.018427879786340202,0.0
198,flame,,,0.5,0,0,10,,0.4,,4,,0.6,,,,,-1,,,,1,4,6,False,,0.5,,0.01730119821437145,0.0
199,flame,,,0.5,0,1,10,1.0,0.3333333333333333,0.6666666666666667,4,0.0,0.6666666666666666,,,,,-1,1.0,1.0,9.0,1,4,6,False,1.0,0.5555555555555556,0.00363072790745241,0.008836441180789923,0.25
200,flame,,,0.5,0,0,10,,0.3,,3,,0.7,,,,,-1,,,,1,3,7,False,,0.5,,0.010730754242843208,0.0
201,flame,,,0.5,0,0,10,,0.4,,4,,0.6,,,,,-1,,,,1,4,6,False,,0.5,,0.012120365076066864,0.0
202,flame,,,0.5,0,0,10,,0.4,,4,,0.6,,,,,-1,,,,1,4,6,False,,0.5,,0.024003177327167148,0.0
203,flame,,,0.5,0,0,10,,0.4,,4,,0.6,,,,,-1,,,,1,4,6,False,,0.5,,0.015086658010666765,0.0
204,flame,,,0.5,0,0,10,,0.4,,4,,0.6,,,,,-1,,,,1,4,6,False,,0.5,,0.01201839506164216,0.0
205,flame,,,0.5,0,1,10,1.0,0.3333333333333333,0.6666666666666667,4,0.0,0.6666666666666666,,,,,-1,1.0,1.0,8.0,1,4,6,False,1.0,0.4444444444444444,0.003318677714317042,0.011860158593997475,0.25
206,flame,,,0.5,0,0,10,,0.4,,4,,0.6,,,,,-1,,,,1,4,6,False,,0.5,,0.014771314333835597,0.0
207,flame,,,0.5,0,0,10,,0.4,,4,,0.6,,,,,-1,,,,1,4,6,False,,0.5,,0.018150380795243247,0.0
208,flame,,,0.5,0,0,10,,0.3,,3,,0.7,,,,,-1,,,,1,3,7,False,,0.5,,0.011168366631694291,0.0
209,flame,,,0.5,0,1,10,0.0,0.3333333333333333,-0.3333333333333333,3,1.0,0.6666666666666666,,,,,-1,1.0,1.0,8.0,1,3,7,False,1.0,0.4444444444444444,0.00845164643653424,0.014343720644742866,0.0
210,flame,,,0.5,0,0,10,,0.4,,4,,0.6,,,,,-1,,,,1,4,6,False,,0.5,,0.02807573660019898,0.0
211,flame,,,0.5,0,0,10,,0.4,,4,,0.6,,,,,-1,,,,1,4,6,False,,0.5,,0.022594842412290518,0.0
212,flame,,,0.5,0,0,10,,0.4,,4,,0.6,,,,,-1,,,,1,4,6,False,,0.5,,0.014554187686583652,0.0
213,flame,,,0.5,0,0,10,,0.4,,4,,0.6,,,,,-1,,,,1,4,6,False,,0.5,,0.014113946352765161,0.0
214,flame,,,0.5,0,0,10,,0.3,,3,,0.7,,,,,-1,,,,1,3,7,False,,0.5,,0.01548799376683994,0.0
215,flame,,,0.5,0,0,10,,0.3,,3,,0.7,,,,,-1,,,,1,3,7,False,,0.5,,0.011210455868819224,0.0
216,flame,,,0.5,0,1,10,1.0,0.3333333333333333,0.6666666666666667,4,0.0,0.6666666666666666,,,,,-1,1.0,1.0,7.0,1,4,6,False,1.0,0.4444444444444444,0.003931907300164659,0.011532594201663629,0.25
217,flame,,,0.5,0,1,10,1.0,0.3333333333333333,0.6666666666666667,4,0.0,0.6666666666666666,,,,,-1,1.0,1.0,10.0,1,4,6,False,1.0,0.4444444444444444,-0.000721412386159908,0.0190437831896679,0.25
218,flame,,,0.5,0,0,10,,0.4,,4,,0.6,,,,,-1,,,,1,4,6,False,,0.5,,0.030051873886196144,0.0
219,flame,,,0.5,0,0,10,,0.4,,4,,0.6,,,,,-1,,,,1,4,6,False,,0.5,,0.020124704697339773,0.0
220,flame,,,0.5,0,1,10,1.0,0.2222222222222222,0.7777777777777778,3,0.0,0.7777777777777778,,,,,-1,1.0,1.0,9.0,1,3,7,False,1.0,0.4444444444444444,0.009182716231823231,0.011577468827202652,0.3333333333333333
221,flame,,,0.5,0,1,10,0.0,0.4444444444444444,-0.4444444444444444,4,1.0,0.5555555555555556,,,,,-1,1.0,1.0,5.0,1,4,6,False,1.0,0.5555555555555556,0.010191029276183613,0.0074380426500743595,0.0
222,flame,,,0.5,0,0,10,,0.4,,4,,0.6,,,,,-1,,,,1,4,6,False,,0.5,,0.01745508134286513,0.0
223,flame,,,0.5,0,0,10,,0.3,,3,,0.7,,,,,-1,,,,1,3,7,False,,0.5,,0.013819022049443954,0.0
224,flame,,,0.5,0,0,10,,0.4,,4,,0.6,,,,,-1,,,,1,4,6,False,,0.5,,0.007208193115952943,0.0
225,flame,,,0.5,0,0,10,,0.3,,3,,0.7,,,,,-1,,,,1,3,7,False,,0.5,,0.014102841193574248,0.0
226,flame,,,0.5,0,0,10,,0.2,,2,,0.8,,,,,-1,,,,1,2,8,False,,0.6,,0.016976153195987963,0.0
227,flame,,,0.5,0,0,10,,0.4,,4,,0.6,,,,,-1,,,,1,4,6,False,,0.6,,0.009844198106343056,0.0
228,flame,,,0.5,0,0,10,,0.3,,3,,0.7,,,,,-1,,,,1,3,7,False,,0.5,,0.010619646164085969,0.0
229,flame,,,0.5,0,1,10,1.0,0.2222222222222222,0.7777777777777778,3,0.0,0.7777777777777778,,,,,-1,1.0,1.0,4.0,1,3,7,False,1.0,0.4444444444444444,0.010056181879994316,0.011490267198383843,0.3333333333333333
230,flame,,,0.5,0,0,10,,0.1,,1,,0.9,,,,,-1,,,,1,1,9,False,,0.5,,0.010829704649465508,0.0
231,flame,,,0.5,0,0,10,,0.4,,4,,0.6,,,,,-1,,,,1,4,6,False,,0.5,,0.0095299526056027,0.0
232,flame,,,0.5,0,0,10,,0.0,,0,,1.0,,,,,-1,,,,1,0,10,False,,0.5,,0.02320886065681061,
233,flame,,,0.5,0,0,10,,0.4,,4,,0.6,,,,,-1,,,,1,4,6,False,,0.5,,0.001466139785958981,0.0
234,flame,,,0.5,0,1,10,1.0,0.3333333333333333,0.6666666666666667,4,0.0,0.6666666666666666,,,,,-1,1.0,1.0,6.0,1,4,6,False,1.0,0.4444444444444444,0.0020288876252822063,0.004690818536233818,0.25
235,flame,,,0.5,0,0,10,,0.4,,4,,0.6,,,,,-1,,,,1,4,6,False,,0.5,,0.013042873250275866,0.0
236,flame,,,0.5,0,0,10,,0.2,,2,,0.8,,,,,-1,,,,1,2,8,False,,0.5,,0.012806506088157815,0.0
237,flame,,,0.5,0,1,10,0.0,0.2222222222222222,-0.2222222222222222,2,1.0,0.7777777777777778,,,,,-1,2.0,2.0,6.0,1,2,8,False,1.0,0.4444444444444444,0.002783946845508941,0.00447282988588191,0.0
238,flame,,,0.5,0,0,10,,0.4,,4,,0.6,,,,,-1,,,,1,4,6,False,,0.6,,0.005529688837988762,0.0
239,flame,,,0.5,0,0,10,,0.2,,2,,0.8,,,,,-1,,,,1,2,8,False,,0.5,,0.0075811823697999135,0.0
240,flame,,,0.5,0,2,10,1.0,0.25,0.75,4,0.0,0.75,,,,,-1,2.0,2.0,3.0,1,4,6,False,1.0,0.375,0.012579335760396566,0.0036143309842890043,0.5
241,flame,,,0.5,0,1,10,1.0,0.2222222222222222,0.7777777777777778,3,0.0,0.7777777777777778,,,,,-1,1.0,1.0,7.0,1,3,7,False,1.0,0.4444444444444444,0.006347243810266918,0.010213165607675333,0.3333333333333333
242,flame,,,0.5,0,0,10,,0.1,,1,,0.9,,,,,-1,,,,1,1,9,False,,0.5,,0.00955305698063221,0.0
243,flame,,,0.5,0,0,10,,0.3,,3,,0.7,,,,,-1,,,,1,3,7,False,,0.5,,0.011666959128100698,0.0
244,flame,,,0.5,0,0,10,,0.4,,4,,0.6,,,,,-1,,,,1,4,6,False,,0.5,,0.011748494905758043,0.0
245,flame,,,0.5,0,1,10,1.0,0.3333333333333333,0.6666666666666667,4,0.0,0.6666666666666666,,,,,-1,1.0,1.0,6.0,1,4,6,False,1.0,0.4444444444444444,0.00976486281657427,0.012349220664814364,0.25
246,flame,,,0.5,0,0,10,,0.1,,1,,0.9,,,,,-1,,,,1,1,9,False,,0.6,,0.012044741181091164,0.0
247,flame,,,0.5,0,0,10,,0.3,,3,,0.7,,,,,-1,,,,1,3,7,False,,0.5,,0.00753008899702959,0.0
248,flame,,,0.5,0,0,10,,0.4,,4,,0.6,,,,,-1,,,,1,4,6,False,,0.5,,0.01069844408055331,0.0
249,flame,,,0.5,0,0,10,,0.4,,4,,0.6,,,,,-1,,,,1,4,6,False,,0.5,,0.016324589965918186,0.0
250,flame,,,0.5,0,1,10,1.0,0.3333333333333333,0.6666666666666667,4,0.0,0.6666666666666666,,,,,-1,1.0,1.0,1.0,1,4,6,False,1.0,0.4444444444444444,0.01791544729867324,0.010047790718420942,0.25
251,flame,,,0.5,0,0,10,,0.4,,4,,0.6,,,,,-1,,,,1,4,6,False,,0.5,,0.015781568670262525,0.0
252,flame,,,0.5,0,0,10,,0.4,,4,,0.6,,,,,-1,,,,1,4,6,False,,0.5,,0.015128770345208459,0.0
253,flame,,,0.5,0,0,10,,0.1,,1,,0.9,,,,,-1,,,,1,1,9,False,,0.5,,0.01129219977738015,0.0
254,flame,,,0.5,0,0,10,,0.4,,4,,0.6,,,,,-1,,,,1,4,6,False,,0.5,,0.011942669918621081,0.0
255,flame,,,0.5,0,0,10,,0.4,,4,,0.6,,,,,-1,,,,1,4,6,False,,0.5,,0.014001125180921161,0.0
256,flame,,,0.5,0,0,10,,0.4,,4,,0.6,,,,,-1,,,,1,4,6,False,,0.5,,0.023586042659291564,0.0
257,flame,,,0.5,0,1,10,1.0,0.3333333333333333,0.6666666666666667,4,0.0,0.6666666666666666,,,,,-1,1.0,1.0,8.0,1,4,6,False,1.0,0.4444444444444444,-0.007227706719870287,0.012778146135982143,0.25
258,flame,,,0.5,0,0,10,,0.4,,4,,0.6,,,,,-1,,,,1,4,6,False,,0.5,,0.0060566753934009464,0.0
259,flame,,,0.5,0,0,10,,0.3,,3,,0.7,,,,,-1,,,,1,3,7,False,,0.5,,0.007680063688631058,0.0
260,flame,,,0.5,0,0,10,,0.4,,4,,0.6,,,,,-1,,,,1,4,6,False,,0.5,,0.0074376325513335825,0.0
261,flame,,,0.5,0,1,10,1.0,0.3333333333333333,0.6666666666666667,4,0.0,0.6666666666666666,,,,,-1,2.0,2.0,6.0,1,4,6,False,1.0,0.5555555555555556,0.011552902606443914,0.008510902930440769,0.25
262,flame,,,0.5,0,0,10,,0.4,,4,,0.6,,,,,-1,,,,1,4,6,False,,0.5,,0.0135426544888153,0.0
263,flame,,,0.5,0,0,10,,0.4,,4,,0.6,,,,,-1,,,,1,4,6,False,,0.5,,0.00998487752300607,0.0
264,flame,,,0.5,0,1,10,1.0,0.2222222222222222,0.7777777777777778,3,0.0,0.7777777777777778,,,,,-1,1.0,1.0,10.0,1,3,7,False,1.0,0.4444444444444444,0.006850374407034559,0.018816850970048826,0.3333333333333333
265,flame,,,0.5,0,0,10,,0.4,,4,,0.6,,,,,-1,,,,1,4,6,False,,0.6,,0.011366418789347892,0.0
266,flame,,,0.5,0,0,10,,0.4,,4,,0.6,,,,,-1,,,,1,4,6,False,,0.5,,0.01753493531933274,0.0
267,flame,,,0.5,0,0,10,,0.3,,3,,0.7,,,,,-1,,,,1,3,7,False,,0.6,,0.006338226485355933,0.0
268,flame,,,0.5,0,1,10,1.0,0.2222222222222222,0.7777777777777778,3,0.0,0.7777777777777778,,,,,-1,1.0,1.0,10.0,1,3,7,False,1.0,0.5555555555555556,0.004112620109463622,0.01837840635812533,0.3333333333333333
269,flame,,,0.5,0,0,10,,0.4,,4,,0.6,,,,,-1,,,,1,4,6,False,,0.5,,0.01241308838236785,0.0
270,flame,,,0.5,0,0,10,,0.4,,4,,0.6,,,,,-1,,,,1,4,6,False,,0.5,,0.018943738582167698,0.0
271,flame,,,0.5,0,1,10,0.0,0.4444444444444444,-0.4444444444444444,4,1.0,0.5555555555555556,,,,,-1,1.0,1.0,6.0,1,4,6,False,1.0,0.4444444444444444,0.004216616825295505,0.0051804580837091834,0.0
272,flame,,,0.5,0,0,10,,0.4,,4,,0.6,,,,,-1,,,,1,4,6,False,,0.5,,0.011264897272784714,0.0
273,flame,,,0.5,0,1,10,1.0,0.3333333333333333,0.6666666666666667,4,0.0,0.6666666666666666,,,,,-1,1.0,1.0,3.0,1,4,6,False,1.0,0.5555555555555556,0.009249432309913264,0.008871022592449361,0.25
274,flame,,,0.5,0,0,10,,0.4,,4,,0.6,,,,,-1,,,,1,4,6,False,,0.5,,0.006393724323239214,0.0
275,flame,,,0.5,0,0,10,,0.4,,4,,0.6,,,,,-1,,,,1,4,6,False,,0.6,,0.014354698555982547,0.0
276,flame,,,0.5,0,0,10,,0.4,,4,,0.6,,,,,-1,,,,1,4,6,False,,0.5,,0.015373299731097185,0.0
277,flame,,,0.5,0,1,10,0.0,0.3333333333333333,-0.3333333333333333,3,1.0,0.6666666666666666,,,,,-1,1.0,1.0,7.0,1,3,7,False,1.0,0.4444444444444444,0.007786299631413036,0.013806699738049814,0.0
278,flame,,,0.5,0,1,10,1.0,0.2222222222222222,0.7777777777777778,3,0.0,0.7777777777777778,,,,,-1,1.0,1.0,10.0,1,3,7,False,1.0,0.4444444444444444,-0.0037165769845649197,0.011817454160643642,0.3333333333333333
279,flame,,,0.5,0,0,10,,0.3,,3,,0.7,,,,,-1,,,,1,3,7,False,,0.5,,0.012570551904520683,0.0
280,flame,,,0.5,0,1,10,1.0,0.3333333333333333,0.6666666666666667,4,0.0,0.6666666666666666,,,,,-1,1.0,1.0,10.0,1,4,6,False,1.0,0.4444444444444444,0.003288865062724374,0.012922907966134874,0.25
281,flame,,,0.5,0,0,10,,0.4,,4,,0.6,,,,,-1,,,,1,4,6,False,,0.5,,0.01237811436964856,0.0
282,flame,,,0.5,0,0,10,,0.4,,4,,0.6,,,,,-1,,,,1,4,6,False,,0.5,,0.007345373277511562,0.0
283,flame,,,0.5,0,0,10,,0.4,,4,,0.6,,,,,-1,,,,1,4,6,False,,0.5,,0.020328655526585967,0.0
284,flame,,,0.5,0,0,10,,0.4,,4,,0.6,,,,,-1,,,,1,4,6,False,,0.5,,0.0071071601681404455,0.0
285,flame,,,0.5,0,1,10,1.0,0.3333333333333333,0.6666666666666667,4,0.0,0.6666666666666666,,,,,-1,1.0,1.0,6.0,1,4,6,False,1.0,0.4444444444444444,0.00899239102024343,0.010166258074928271,0.25
286,flame,,,0.5,0,0,10,,0.4,,4,,0.6,,,,,-1,,,,1,4,6,False,,0.5,,0.008642631207504203,0.0
287,flame,,,0.5,0,0,10,,0.1,,1,,0.9,,,,,-1,,,,1,1,9,False,,0.5,,0.008972582335429509,0.0
288,flame,,,0.5,0,0,10,,0.4,,4,,0.6,,,,,-1,,,,1,4,6,False,,0.5,,0.004558797536735276,0.0
289,flame,,,0.5,0,0,10,,0.4,,4,,0.6,,,,,-1,,,,1,4,6,False,,0.5,,0.009645122830251004,0.0
290,flame,,,0.5,0,1,10,1.0,0.2222222222222222,0.7777777777777778,3,0.0,0.7777777777777778,,,,,-1,1.0,1.0,8.0,1,3,7,False,1.0,0.4444444444444444,0.0022041839514553483,0.008080339325674868,0.3333333333333333
291,flame,,,0.5,0,0,10,,0.4,,4,,0.6,,,,,-1,,,,1,4,6,False,,0.5,,0.00870150446840215,0.0
292,flame,,,0.5,0,0,10,,0.4,,4,,0.6,,,,,-1,,,,1,4,6,False,,0.5,,0.01610945529419541,0.0
293,flame,,,0.5,0,0,10,,0.4,,4,,0.6,,,,,-1,,,,1,4,6,False,,0.5,,0.014815202472788915,0.0
294,flame,,,0.5,0,0,10,,0.4,,4,,0.6,,,,,-1,,,,1,4,6,False,,0.5,,0.017928773100136953,0.0
295,flame,,,0.5,0,0,10,,0.3,,3,,0.7,,,,,-1,,,,1,3,7,False,,0.5,,0.009028610112737142,0.0
296,flame,,,0.5,0,1,10,1.0,0.3333333333333333,0.6666666666666667,4,0.0,0.6666666666666666,,,,,-1,1.0,1.0,7.0,1,4,6,False,1.0,0.5555555555555556,0.010617262581944904,0.011983763761043296,0.25
297,flame,,,0.5,0,0,10,,0.4,,4,,0.6,,,,,-1,,,,1,4,6,False,,0.5,,0.017994143016936526,0.0
298,flame,,,0.5,0,0,10,,0.3,,3,,0.7,,,,,-1,,,,1,3,7,False,,0.5,,0.005971214358448921,0.0
299,flame,,,0.5,0,0,10,,0.3,,3,,0.7,,,,,-1,,,,1,3,7,False,,0.5,,0.02294387317989799,0.0
300,flame,,,0.5,0,0,10,,0.2,,2,,0.8,,,,,-1,,,,1,2,8,False,,0.5,,0.006278138418483924,0.0
301,flame,,,0.5,0,0,10,,0.4,,4,,0.6,,,,,-1,,,,1,4,6,False,,0.5,,0.012721013690229993,0.0
302,flame,,,0.5,0,0,10,,0.2,,2,,0.8,,,,,-1,,,,1,2,8,False,,0.5,,0.010169338832021247,0.0
303,flame,,,0.5,0,1,10,0.0,0.2222222222222222,-0.2222222222222222,2,1.0,0.7777777777777778,,,,,-1,1.0,1.0,8.0,1,2,8,False,1.0,0.4444444444444444,0.005287733125909084,0.009284620887477403,0.0
304,flame,,,0.5,0,0,10,,0.2,,2,,0.8,,,,,-1,,,,1,2,8,False,,0.5,,0.00605870507390901,0.0
305,flame,,,0.5,0,0,10,,0.4,,4,,0.6,,,,,-1,,,,1,4,6,False,,0.6,,0.01456029232399321,0.0
306,flame,,,0.5,0,0,10,,0.4,,4,,0.6,,,,,-1,,,,1,4,6,False,,0.5,,0.013707628565804483,0.0
307,flame,,,0.5,0,0,10,,0.2,,2,,0.8,,,,,-1,,,,1,2,8,False,,0.5,,0.011234121555755528,0.0
308,flame,,,0.5,0,1,10,1.0,0.2222222222222222,0.7777777777777778,3,0.0,0.7777777777777778,,,,,-1,2.0,2.0,8.0,1,3,7,False,1.0,0.5555555555555556,-0.001594509883334378,0.005465760504025922,0.3333333333333333
309,flame,,,0.5,0,0,10,,0.4,,4,,0.6,,,,,-1,,,,1,4,6,False,,0.5,,0.00505300528658262,0.0
310,flame,,,0.5,0,0,10,,0.3,,3,,0.7,,,,,-1,,,,1,3,7,False,,0.6,,0.01111199021260044,0.0
311,flame,,,0.5,0,0,10,,0.4,,4,,0.6,,,,,-1,,,,1,4,6,False,,0.5,,0.016574904563842453,0.0
312,flame,,,0.5,0,0,10,,0.3,,3,,0.7,,,,,-1,,,,1,3,7,False,,0.6,,0.007154663195660842,0.0
313,flame,,,0.5,0,0,10,,0.4,,4,,0.6,,,,,-1,,,,1,4,6,False,,0.5,,0.009757388453621245,0.0
314,flame,,,0.5,0,0,10,,0.3,,3,,0.7,,,,,-1,,,,1,3,7,False,,0.5,,0.003414759450390085,0.0
315,flame,,,0.5,0,1,10,1.0,0.3333333333333333,0.6666666666666667,4,0.0,0.6666666666666666,,,,,-1,1.0,1.0,8.0,1,4,6,False,1.0,0.4444444444444444,-0.006180053877616529,0.006271054517527379,0.25
316,flame,,,0.5,0,0,10,,0.3,,3,,0.7,,,,,-1,,,,1,3,7,False,,0.5,,-0.00026314871144932203,0.0
317,flame,,,0.5,0,0,10,,0.4,,4,,0.6,,,,,-1,,,,1,4,6,False,,0.5,,0.011500142767973023,0.0
318,flame,,,0.5,0,0,10,,0.4,,4,,0.6,,,,,-1,,,,1,4,6,False,,0.5,,0.010348010288275969,0.0
319,flame,,,0.5,0,0,10,,0.4,,4,,0.6,,,,,-1,,,,1,4,6,False,,0.5,,0.008542149693668366,0.0
320,flame,,,0.5,0,0,10,,0.4,,4,,0.6,,,,,-1,,,,1,4,6,False,,0.5,,0.00600943262226203,0.0
321,flame,,,0.5,0,0,10,,0.4,,4,,0.6,,,,,-1,,,,1,4,6,False,,0.5,,0.01817995426511698,0.0
322,flame,,,0.5,0,0,10,,0.3,,3,,0.7,,,,,-1,,,,1,3,7,False,,0.5,,0.01419246206022122,0.0
323,flame,,,0.5,0,0,10,,0.4,,4,,0.6,,,,,-1,,,,1,4,6,False,,0.5,,0.009013826897476988,0.0
324,flame,,,0.5,0,0,10,,0.4,,4,,0.6,,,,,-1,,,,1,4,6,False,,0.5,,0.009344853219066602,0.0
325,flame,,,0.5,0,0,10,,0.1,,1,,0.9,,,,,-1,,,,1,1,9,False,,0.5,,0.005463738704320447,0.0
326,flame,,,0.5,0,1,10,1.0,0.2222222222222222,0.7777777777777778,3,0.0,0.7777777777777778,,,,,-1,2.0,2.0,6.0,1,3,7,False,1.0,0.4444444444444444,-0.0006016102177340585,0.0008882712234166543,0.3333333333333333
327,flame,,,0.5,0,0,10,,0.4,,4,,0.6,,,,,-1,,,,1,4,6,False,,0.5,,0.012288805747207553,0.0
328,flame,,,0.5,0,1,10,0.0,0.4444444444444444,-0.4444444444444444,4,1.0,0.5555555555555556,,,,,-1,2.0,2.0,7.0,1,4,6,False,1.0,0.5555555555555556,0.00806892873265467,0.011355876248711799,0.0
329,flame,,,0.5,0,0,10,,0.2,,2,,0.8,,,,,-1,,,,1,2,8,False,,0.5,,0.011143173569785452,0.0
330,flame,,,0.5,0,0,10,,0.4,,4,,0.6,,,,,-1,,,,1,4,6,False,,0.5,,0.01867494410228345,0.0
331,flame,,,0.5,0,0,10,,0.4,,4,,0.6,,,,,-1,,,,1,4,6,False,,0.5,,0.010621032157976494,0.0
332,flame,,,0.5,0,0,10,,0.4,,4,,0.6,,,,,-1,,,,1,4,6,False,,0.5,,0.008126152550976037,0.0
333,flame,,,0.5,0,0,10,,0.4,,4,,0.6,,,,,-1,,,,1,4,6,False,,0.5,,0.024215658155747687,0.0
334,flame,,,0.5,0,0,10,,0.1,,1,,0.9,,,,,-1,,,,1,1,9,False,,0.6,,0.003575337631742551,0.0
335,flame,,,0.5,0,0,10,,0.3,,3,,0.7,,,,,-1,,,,1,3,7,False,,0.5,,0.005737688021161399,0.0
336,flame,,,0.5,0,0,10,,0.4,,4,,0.6,,,,,-1,,,,1,4,6,False,,0.5,,-0.0006632990405160176,0.0
337,flame,,,0.5,0,0,10,,0.4,,4,,0.6,,,,,-1,,,,1,4,6,False,,0.5,,0.01796952517386971,0.0
338,flame,,,0.5,0,1,10,1.0,0.0,1.0,1,0.0,1.0,,,,,-1,1.0,1.0,9.0,1,1,9,False,1.0,0.4444444444444444,-0.0003049676927546639,0.01461998339440639,1.0
339,flame,,,0.5,0,0,10,,0.4,,4,,0.6,,,,,-1,,,,1,4,6,False,,0.5,,0.0038842764281011707,0.0
340,flame,,,0.5,0,0,10,,0.4,,4,,0.6,,,,,-1,,,,1,4,6,False,,0.5,,0.004047360237514914,0.0
341,flame,,,0.5,0,0,10,,0.3,,3,,0.7,,,,,-1,,,,1,3,7,False,,0.5,,0.010511129765967419,0.0
342,flame,,,0.5,0,0,10,,0.3,,3,,0.7,,,,,-1,,,,1,3,7,False,,0.5,,0.01376444494176797,0.0
343,flame,,,0.5,0,0,10,,0.4,,4,,0.6,,,,,-1,,,,1,4,6,False,,0.5,,0.01137287419977874,0.0
344,flame,,,0.5,0,0,10,,0.4,,4,,0.6,,,,,-1,,,,1,4,6,False,,0.5,,0.011896311951716932,0.0
345,flame,,,0.5,0,0,10,,0.2,,2,,0.8,,,,,-1,,,,1,2,8,False,,0.5,,0.009867524673422678,0.0
346,flame,,,0.5,0,1,10,1.0,0.3333333333333333,0.6666666666666667,4,0.0,0.6666666666666666,,,,,-1,1.0,1.0,5.0,1,4,6,False,1.0,0.5555555555555556,0.0017976945286352199,0.004508079766996562,0.25
347,flame,,,0.5,0,0,10,,0.3,,3,,0.7,,,,,-1,,,,1,3,7,False,,0.5,,0.005677177977494455,0.0
348,flame,,,0.5,0,1,10,0.0,0.2222222222222222,-0.2222222222222222,2,1.0,0.7777777777777778,,,,,-1,1.0,1.0,5.0,1,2,8,False,1.0,0.4444444444444444,0.006509123190355126,0.0027946951772356244,0.0
349,flame,,,0.5,0,0,10,,0.4,,4,,0.6,,,,,-1,,,,1,4,6,False,,0.6,,0.0002348513927396965,0.0
350,flame,,,0.5,0,0,10,,0.4,,4,,0.6,,,,,-1,,,,1,4,6,False,,0.5,,0.02113092368105063,0.0
351,flame,,,0.5,0,0,10,,0.3,,3,,0.7,,,,,-1,,,,1,3,7,False,,0.5,,0.001176550529181649,0.0
352,flame,,,0.5,0,0,10,,0.4,,4,,0.6,,,,,-1,,,,1,4,6,False,,0.5,,0.006806414479107079,0.0
353,flame,,,0.5,0,0,10,,0.4,,4,,0.6,,,,,-1,,,,1,4,6,False,,0.6,,0.008862485085902516,0.0
354,flame,,,0.5,0,0,10,,0.2,,2,,0.8,,,,,-1,,,,1,2,8,False,,0.5,,0.009492677907288074,0.0
355,flame,,,0.5,0,0,10,,0.3,,3,,0.7,,,,,-1,,,,1,3,7,False,,0.5,,0.009314872199049827,0.0
356,flame,,,0.5,0,0,10,,0.4,,4,,0.6,,,,,-1,,,,1,4,6,False,,0.5,,0.007568678819553094,0.0
357,flame,,,0.5,0,1,10,1.0,0.3333333333333333,0.6666666666666667,4,0.0,0.6666666666666666,,,,,-1,1.0,1.0,9.0,1,4,6,False,1.0,0.4444444444444444,0.00012686258668970218,0.01057824585446396,0.25
358,flame,,,0.5,0,0,10,,0.4,,4,,0.6,,,,,-1,,,,1,4,6,False,,0.5,,0.004385677631509459,0.0
359,flame,,,0.5,0,0,10,,0.4,,4,,0.6,,,,,-1,,,,1,4,6,False,,0.5,,0.018258102338200022,0.0
360,flame,,,0.5,0,0,10,,0.3,,3,,0.7,,,,,-1,,,,1,3,7,False,,0.5,,0.0027365268099895654,0.0
361,flame,,,0.5,0,0,10,,0.4,,4,,0.6,,,,,-1,,,,1,4,6,False,,0.5,,0.008687857656036612,0.0
362,flame,,,0.5,0,0,10,,0.4,,4,,0.6,,,,,-1,,,,1,4,6,False,,0.5,,0.011033153733946838,0.0
363,flame,,,0.5,0,0,10,,0.4,,4,,0.6,,,,,-1,,,,1,4,6,False,,0.5,,0.005286602260424332,0.0
364,flame,,,0.5,0,0,10,,0.4,,4,,0.6,,,,,-1,,,,1,4,6,False,,0.5,,0.012588691928270921,0.0
365,flame,,,0.5,0,0,10,,0.3,,3,,0.7,,,,,-1,,,,1,3,7,False,,0.5,,0.011904578326844741,0.0
366,flame,,,0.5,0,1,10,1.0,0.2222222222222222,0.7777777777777778,3,0.0,0.7777777777777778,,,,,-1,1.0,1.0,7.0,1,3,7,False,1.0,0.4444444444444444,-0.001920192347468208,0.009244094376988164,0.3333333333333333
367,flame,,,0.5,0,0,10,,0.3,,3,,0.7,,,,,-1,,,,1,3,7,False,,0.6,,0.007077774553511373,0.0
368,flame,,,0.5,0,0,10,,0.1,,1,,0.9,,,,,-1,,,,1,1,9,False,,0.6,,0.008839749227388375,0.0
369,flame,,,0.5,0,0,10,,0.4,,4,,0.6,,,,,-1,,,,1,4,6,False,,0.5,,0.009934684566336009,0.0
370,flame,,,0.5,0,0,10,,0.4,,4,,0.6,,,,,-1,,,,1,4,6,False,,0.5,,0.013676337329984764,0.0
371,flame,,,0.5,0,1,10,0.0,0.1111111111111111,-0.1111111111111111,1,1.0,0.8888888888888888,,,,,-1,1.0,1.0,5.0,1,1,9,False,1.0,0.4444444444444444,0.006498276315100619,0.00974964569966999,0.0
372,flame,,,0.5,0,0,10,,0.4,,4,,0.6,,,,,-1,,,,1,4,6,False,,0.6,,0.00430375531876918,0.0
373,flame,,,0.5,0,0,10,,0.4,,4,,0.6,,,,,-1,,,,1,4,6,False,,0.5,,0.014831804953300599,0.0
374,flame,,,0.5,0,0,10,,0.4,,4,,0.6,,,,,-1,,,,1,4,6,False,,0.5,,0.016844969255597753,0.0
375,flame,,,0.5,0,1,10,1.0,0.3333333333333333,0.6666666666666667,4,0.0,0.6666666666666666,,,,,-1,1.0,1.0,6.0,1,4,6,False,1.0,0.4444444444444444,0.00035721875428756315,0.010051684009634512,0.25
376,flame,,,0.5,0,0,10,,0.3,,3,,0.7,,,,,-1,,,,1,3,7,False,,0.5,,0.006435444444066347,0.0
377,flame,,,0.5,0,0,10,,0.4,,4,,0.6,,,,,-1,,,,1,4,6,False,,0.5,,-0.0009153101081389942,0.0
378,flame,,,0.5,0,0,10,,0.2,,2,,0.8,,,,,-1,,,,1,2,8,False,,0.5,,0.00555212727692742,0.0
379,flame,,,0.5,0,0,10,,0.4,,4,,0.6,,,,,-1,,,,1,4,6,False,,0.5,,0.008722934412678986,0.0
380,flame,,,0.5,0,0,10,,0.2,,2,,0.8,,,,,-1,,,,1,2,8,False,,0.5,,0.014984203983512624,0.0
381,flame,,,0.5,0,0,10,,0.4,,4,,0.6,,,,,-1,,,,1,4,6,False,,0.5,,0.008553964275795477,0.0
382,flame,,,0.5,0,0,10,,0.4,,4,,0.6,,,,,-1,,,,1,4,6,False,,0.5,,0.020466312104897827,0.0
383,flame,,,0.5,0,0,10,,0.4,,4,,0.6,,,,,-1,,,,1,4,6,False,,0.5,,0.012249225075542923,0.0
384,flame,,,0.5,0,1,10,1.0,0.3333333333333333,0.6666666666666667,4,0.0,0.6666666666666666,,,,,-1,1.0,1.0,6.0,1,4,6,False,1.0,0.4444444444444444,-0.0012299028095751465,0.007272152649491007,0.25
385,flame,,,0.5,0,0,10,,0.4,,4,,0.6,,,,,-1,,,,1,4,6,False,,0.5,,0.0054506691666720165,0.0
386,flame,,,0.5,0,1,10,1.0,0.2222222222222222,0.7777777777777778,3,0.0,0.7777777777777778,,,,,-1,1.0,1.0,7.0,1,3,7,False,1.0,0.4444444444444444,0.003856827848542589,0.016260958376349048,0.3333333333333333
387,flame,,,0.5,0,0,10,,0.3,,3,,0.7,,,,,-1,,,,1,3,7,False,,0.5,,0.006223238621670958,0.0
388,flame,,,0.5,0,0,10,,0.4,,4,,0.6,,,,,-1,,,,1,4,6,False,,0.5,,0.008132112339377388,0.0
389,flame,,,0.5,0,0,10,,0.4,,4,,0.6,,,,,-1,,,,1,4,6,False,,0.5,,0.004730351969727787,0.0
390,flame,,,0.5,0,0,10,,0.4,,4,,0.6,,,,,-1,,,,1,4,6,False,,0.5,,0.012158636316969328,0.0
391,flame,,,0.5,0,0,10,,0.4,,4,,0.6,,,,,-1,,,,1,4,6,False,,0.5,,0.00787885007227712,0.0
392,flame,,,0.5,0,0,10,,0.3,,3,,0.7,,,,,-1,,,,1,3,7,False,,0.6,,0.015055275576763488,0.0
393,flame,,,0.5,0,1,10,1.0,0.2222222222222222,0.7777777777777778,3,0.0,0.7777777777777778,,,,,-1,2.0,2.0,7.0,1,3,7,False,1.0,0.5555555555555556,0.0033970664410327206,0.007925539109753695,0.3333333333333333
394,flame,,,0.5,0,1,10,1.0,0.3333333333333333,0.6666666666666667,4,0.0,0.6666666666666666,,,,,-1,1.0,1.0,4.0,1,4,6,False,1.0,0.4444444444444444,0.0006037574795214854,0.003301909973842768,0.25
395,flame,,,0.5,0,0,10,,0.4,,4,,0.6,,,,,-1,,,,1,4,6,False,,0.6,,0.009135097107739836,0.0
396,flame,,,0.5,0,0,10,,0.2,,2,,0.8,,,,,-1,,,,1,2,8,False,,0.5,,0.008368670861862154,0.0
397,flame,,,0.5,0,0,10,,0.4,,4,,0.6,,,,,-1,,,,1,4,6,False,,0.5,,0.005573874146863098,0.0
398,flame,,,0.5,0,0,10,,0.3,,3,,0.7,,,,,-1,,,,1,3,7,False,,0.6,,0.006868025126215131,0.0
399,flame,,,0.5,0,0,10,,0.4,,4,,0.6,,,,,-1,,,,1,4,6,False,,0.5,,0.011021610937507097,0.0
400,flame,,,0.5,0,0,10,,0.4,,4,,0.6,,,,,-1,,,,1,4,6,False,,0.6,,0.010146819969704268,0.0
401,flame,,,0.5,0,0,10,,0.3,,3,,0.7,,,,,-1,,,,1,3,7,False,,0.5,,0.008946367068133124,0.0
402,flame,,,0.5,0,1,10,1.0,0.2222222222222222,0.7777777777777778,3,0.0,0.7777777777777778,,,,,-1,1.0,1.0,5.0,1,3,7,False,1.0,0.4444444444444444,0.002697057700712725,0.0047517715123899275,0.3333333333333333
403,flame,,,0.5,0,0,10,,0.4,,4,,0.6,,,,,-1,,,,1,4,6,False,,0.5,,0.020610223050524963,0.0
404,flame,,,0.5,0,0,10,,0.4,,4,,0.6,,,,,-1,,,,1,4,6,False,,0.5,,0.0176020440044806,0.0
405,flame,,,0.5,0,0,10,,0.1,,1,,0.9,,,,,-1,,,,1,1,9,False,,0.5,,0.0015524276270217647,0.0
406,flame,,,0.5,0,0,10,,0.4,,4,,0.6,,,,,-1,,,,1,4,6,False,,0.5,,0.005848024704609137,0.0
407,flame,,,0.5,0,0,10,,0.4,,4,,0.6,,,,,-1,,,,1,4,6,False,,0.5,,0.005229547602136616,0.0
408,flame,,,0.5,0,0,10,,0.3,,3,,0.7,,,,,-1,,,,1,3,7,False,,0.5,,0.014497124122819083,0.0
409,flame,,,0.5,0,0,10,,0.4,,4,,0.6,,,,,-1,,,,1,4,6,False,,0.5,,0.0009450718901549977,0.0
410,flame,,,0.5,0,0,10,,0.4,,4,,0.6,,,,,-1,,,,1,4,6,False,,0.5,,0.006520154960684209,0.0
411,flame,,,0.5,0,0,10,,0.1,,1,,0.9,,,,,-1,,,,1,1,9,False,,0.5,,0.005467978841838303,0.0
412,flame,,,0.5,0,0,10,,0.4,,4,,0.6,,,,,-1,,,,1,4,6,False,,0.5,,0.005869346662348096,0.0
413,flame,,,0.5,0,0,10,,0.4,,4,,0.6,,,,,-1,,,,1,4,6,False,,0.6,,0.0046995472277833105,0.0
414,flame,,,0.5,0,0,10,,0.4,,4,,0.6,,,,,-1,,,,1,4,6,False,,0.5,,0.011585049647756186,0.0
415,flame,,,0.5,0,0,10,,0.3,,3,,0.7,,,,,-1,,,,1,3,7,False,,0.5,,0.009728514889070467,0.0
416,flame,,,0.5,0,0,10,,0.4,,4,,0.6,,,,,-1,,,,1,4,6,False,,0.5,,0.005867701556261071,0.0
417,flame,,,0.5,0,0,10,,0.3,,3,,0.7,,,,,-1,,,,1,3,7,False,,0.5,,0.005071121163776929,0.0
418,flame,,,0.5,0,0,10,,0.4,,4,,0.6,,,,,-1,,,,1,4,6,False,,0.5,,0.005144953824107783,0.0
419,flame,,,0.5,0,0,10,,0.4,,4,,0.6,,,,,-1,,,,1,4,6,False,,0.5,,0.005651996005325621,0.0
420,flame,,,0.5,0,1,10,1.0,0.3333333333333333,0.6666666666666667,4,0.0,0.6666666666666666,,,,,-1,1.0,1.0,7.0,1,4,6,False,1.0,0.4444444444444444,-0.0005965570948671425,0.011464025826205534,0.25
421,flame,,,0.5,0,0,10,,0.4,,4,,0.6,,,,,-1,,,,1,4,6,False,,0.5,,0.007121102500974789,0.0
422,flame,,,0.5,0,0,10,,0.3,,3,,0.7,,,,,-1,,,,1,3,7,False,,0.5,,0.004245097222503597,0.0
423,flame,,,0.5,0,0,10,,0.4,,4,,0.6,,,,,-1,,,,1,4,6,False,,0.6,,0.007750726497112408,0.0
424,flame,,,0.5,0,0,10,,0.4,,4,,0.6,,,,,-1,,,,1,4,6,False,,0.6,,0.003130794300225376,0.0
425,flame,,,0.5,0,0,10,,0.4,,4,,0.6,,,,,-1,,,,1,4,6,False,,0.5,,0.010077972803833614,0.0
426,flame,,,0.5,0,0,10,,0.2,,2,,0.8,,,,,-1,,,,1,2,8,False,,0.5,,0.0020007301804476837,0.0
427,flame,,,0.5,0,0,10,,0.4,,4,,0.6,,,,,-1,,,,1,4,6,False,,0.5,,0.014887849746461748,0.0
428,flame,,,0.5,0,0,10,,0.4,,4,,0.6,,,,,-1,,,,1,4,6,False,,0.5,,0.02134226732855563,0.0
429,flame,,,0.5,0,1,10,1.0,0.3333333333333333,0.6666666666666667,4,0.0,0.6666666666666666,,,,,-1,1.0,1.0,7.0,1,4,6,False,1.0,0.4444444444444444,0.011268426868416424,0.022978479241071006,0.25
430,flame,,,0.5,0,0,10,,0.1,,1,,0.9,,,,,-1,,,,1,1,9,False,,0.5,,3.468721116535059e-05,0.0
431,flame,,,0.5,0,2,10,1.0,0.125,0.875,3,0.0,0.875,,,,,-1,1.5,1.5,3.0,1,3,7,False,1.0,0.375,0.009255045342325338,0.0036714189204964665,0.6666666666666666
432,flame,,,0.5,0,0,10,,0.3,,3,,0.7,,,,,-1,,,,1,3,7,False,,0.5,,0.005279186892563131,0.0
433,flame,,,0.5,0,0,10,,0.3,,3,,0.7,,,,,-1,,,,1,3,7,False,,0.5,,0.005308734086051877,0.0
434,flame,,,0.5,0,0,10,,0.3,,3,,0.7,,,,,-1,,,,1,3,7,False,,0.5,,0.007623111525682827,0.0
435,flame,,,0.5,0,0,10,,0.3,,3,,0.7,,,,,-1,,,,1,3,7,False,,0.5,,0.0002264690121450437,0.0
436,flame,,,0.5,0,0,10,,0.4,,4,,0.6,,,,,-1,,,,1,4,6,False,,0.5,,0.002342846582575881,0.0
437,flame,,,0.5,0,0,10,,0.4,,4,,0.6,,,,,-1,,,,1,4,6,False,,0.5,,0.0041803268911055,0.0
438,flame,,,0.5,0,1,10,1.0,0.3333333333333333,0.6666666666666667,4,0.0,0.6666666666666666,,,,,-1,1.0,1.0,7.0,1,4,6,False,1.0,0.5555555555555556,0.002062620581513198,0.011631382075634616,0.25
439,flame,,,0.5,0,1,10,1.0,0.2222222222222222,0.7777777777777778,3,0.0,0.7777777777777778,,,,,-1,2.0,2.0,5.0,1,3,7,False,1.0,0.5555555555555556,0.00019164014270272526,0.0014242650604928799,0.3333333333333333
440,flame,,,0.5,0,0,10,,0.3,,3,,0.7,,,,,-1,,,,1,3,7,False,,0.5,,0.00815838980138044,0.0
441,flame,,,0.5,0,0,10,,0.1,,1,,0.9,,,,,-1,,,,1,1,9,False,,0.6,,-2.9198250722745588e-05,0.0
442,flame,,,0.5,0,0,10,,0.4,,4,,0.6,,,,,-1,,,,1,4,6,False,,0.5,,0.005460164325107031,0.0
443,flame,,,0.5,0,0,10,,0.4,,4,,0.6,,,,,-1,,,,1,4,6,False,,0.5,,0.003191092248856532,0.0
444,flame,,,0.5,0,1,10,0.0,0.4444444444444444,-0.4444444444444444,4,1.0,0.5555555555555556,,,,,-1,1.0,1.0,5.0,1,4,6,False,1.0,0.4444444444444444,0.0030567499812726626,0.006394763173115286,0.0
445,flame,,,0.5,0,0,10,,0.4,,4,,0.6,,,,,-1,,,,1,4,6,False,,0.5,,0.006383105012888773,0.0
446,flame,,,0.5,0,0,10,,0.1,,1,,0.9,,,,,-1,,,,1,1,9,False,,0.6,,0.00938122408455294,0.0
447,flame,,,0.5,0,1,10,1.0,0.2222222222222222,0.7777777777777778,3,0.0,0.7777777777777778,,,,,-1,1.0,1.0,6.0,1,3,7,False,1.0,0.4444444444444444,-0.0013706772169523873,0.0016877658586037223,0.3333333333333333
448,flame,,,0.5,0,0,10,,0.4,,4,,0.6,,,,,-1,,,,1,4,6,False,,0.5,,-0.0005074686426547962,0.0
449,flame,,,0.5,0,0,10,,0.2,,2,,0.8,,,,,-1,,,,1,2,8,False,,0.5,,0.013120914989936575,0.0
450,flame,,,0.5,0,1,10,1.0,0.3333333333333333,0.6666666666666667,4,0.0,0.6666666666666666,,,,,-1,1.0,1.0,5.0,1,4,6,False,1.0,0.4444444444444444,-0.0039667127902258065,-0.002698210105983361,0.25
451,flame,,,0.5,0,0,10,,0.4,,4,,0.6,,,,,-1,,,,1,4,6,False,,0.6,,0.004964959359394625,0.0
452,flame,,,0.5,0,0,10,,0.4,,4,,0.6,,,,,-1,,,,1,4,6,False,,0.5,,0.005376073606384318,0.0
453,flame,,,0.5,0,0,10,,0.1,,1,,0.9,,,,,-1,,,,1,1,9,False,,0.5,,0.012845209652706347,0.0
454,flame,,,0.5,0,0,10,,0.4,,4,,0.6,,,,,-1,,,,1,4,6,False,,0.5,,-0.003536477602189726,0.0
455,flame,,,0.5,0,0,10,,0.4,,4,,0.6,,,,,-1,,,,1,4,6,False,,0.6,,0.011924877616002758,0.0
456,flame,,,0.5,0,0,10,,0.4,,4,,0.6,,,,,-1,,,,1,4,6,False,,0.5,,0.012540442670425065,0.0
457,flame,,,0.5,0,0,10,,0.4,,4,,0.6,,,,,-1,,,,1,4,6,False,,0.5,,0.011076762527207773,0.0
458,flame,,,0.5,0,1,10,1.0,0.3333333333333333,0.6666666666666667,4,0.0,0.6666666666666666,,,,,-1,3.0,3.0,5.0,1,4,6,False,1.0,0.4444444444444444,0.00462469328148549,0.0025254858302727525,0.25
459,flame,,,0.5,0,0,10,,0.4,,4,,0.6,,,,,-1,,,,1,4,6,False,,0.5,,0.0037104737716453272,0.0
460,flame,,,0.5,0,1,10,0.0,0.2222222222222222,-0.2222222222222222,2,1.0,0.7777777777777778,,,,,-1,2.0,2.0,4.0,1,2,8,False,1.0,0.4444444444444444,0.0026145855630800175,0.001960719718951981,0.0
461,flame,,,0.5,0,0,10,,0.4,,4,,0.6,,,,,-1,,,,1,4,6,False,,0.5,,0.020010310567553098,0.0
462,flame,,,0.5,0,0,10,,0.1,,1,,0.9,,,,,-1,,,,1,1,9,False,,0.5,,0.005434978558222059,0.0
463,flame,,,0.5,0,0,10,,0.4,,4,,0.6,,,,,-1,,,,1,4,6,False,,0.5,,0.018154309315831667,0.0
464,flame,,,0.5,0,0,10,,0.4,,4,,0.6,,,,,-1,,,,1,4,6,False,,0.6,,0.007780143790908358,0.0
465,flame,,,0.5,0,0,10,,0.3,,3,,0.7,,,,,-1,,,,1,3,7,False,,0.5,,0.003783653912784043,0.0
466,flame,,,0.5,0,1,10,1.0,0.3333333333333333,0.6666666666666667,4,0.0,0.6666666666666666,,,,,-1,1.0,1.0,6.0,1,4,6,False,1.0,0.4444444444444444,0.008445115221385505,0.012656519941268284,0.25
467,flame,,,0.5,0,0,10,,0.4,,4,,0.6,,,,,-1,,,,1,4,6,False,,0.6,,0.013396799347966202,0.0
468,flame,,,0.5,0,0,10,,0.4,,4,,0.6,,,,,-1,,,,1,4,6,False,,0.6,,0.0026358168849181913,0.0
469,flame,,,0.5,0,0,10,,0.3,,3,,0.7,,,,,-1,,,,1,3,7,False,,0.5,,0.0038291460744023036,0.0
470,flame,,,0.5,0,0,10,,0.4,,4,,0.6,,,,,-1,,,,1,4,6,False,,0.5,,0.020359495470509924,0.0
471,flame,,,0.5,0,0,10,,0.4,,4,,0.6,,,,,-1,,,,1,4,6,False,,0.5,,0.00675271439282381,0.0
472,flame,,,0.5,0,1,10,1.0,0.3333333333333333,0.6666666666666667,4,0.0,0.6666666666666666,,,,,-1,1.0,1.0,7.0,1,4,6,False,1.0,0.4444444444444444,-0.0003038135024449175,0.014188343420637732,0.25
473,flame,,,0.5,0,0,10,,0.4,,4,,0.6,,,,,-1,,,,1,4,6,False,,0.5,,0.0028334666160309565,0.0
474,flame,,,0.5,0,0,10,,0.4,,4,,0.6,,,,,-1,,,,1,4,6,False,,0.5,,0.009112702460674034,0.0
475,flame,,,0.5,0,0,10,,0.4,,4,,0.6,,,,,-1,,,,1,4,6,False,,0.6,,0.018132959911113557,0.0
476,flame,,,0.5,0,0,10,,0.4,,4,,0.6,,,,,-1,,,,1,4,6,False,,0.5,,0.0013690716518133903,0.0
477,flame,,,0.5,0,0,10,,0.1,,1,,0.9,,,,,-1,,,,1,1,9,False,,0.5,,0.010236655485809078,0.0
478,flame,,,0.5,0,0,10,,0.1,,1,,0.9,,,,,-1,,,,1,1,9,False,,0.5,,0.0018494135735475838,0.0
479,flame,,,0.5,0,1,10,1.0,0.3333333333333333,0.6666666666666667,4,0.0,0.6666666666666666,,,,,-1,2.0,2.0,6.0,1,4,6,False,1.0,0.4444444444444444,0.0013728224226360701,-0.0013762219334373903,0.25
480,flame,,,0.5,0,0,10,,0.3,,3,,0.7,,,,,-1,,,,1,3,7,False,,0.5,,0.004049499139626161,0.0
481,flame,,,0.5,0,0,10,,0.4,,4,,0.6,,,,,-1,,,,1,4,6,False,,0.6,,0.01260991517429604,0.0
482,flame,,,0.5,0,0,10,,0.3,,3,,0.7,,,,,-1,,,,1,3,7,False,,0.6,,0.002229012173275386,0.0
483,flame,,,0.5,0,0,10,,0.4,,4,,0.6,,,,,-1,,,,1,4,6,False,,0.5,,0.0031159592935534183,0.0
484,flame,,,0.5,0,0,10,,0.2,,2,,0.8,,,,,-1,,,,1,2,8,False,,0.5,,9.134072918672975e-05,0.0
485,flame,,,0.5,0,0,10,,0.4,,4,,0.6,,,,,-1,,,,1,4,6,False,,0.5,,0.0026201801692914565,0.0
486,flame,,,0.5,0,0,10,,0.4,,4,,0.6,,,,,-1,,,,1,4,6,False,,0.5,,0.01874872036739515,0.0
487,flame,,,0.5,0,1,10,0.0,0.4444444444444444,-0.4444444444444444,4,1.0,0.5555555555555556,,,,,-1,1.0,1.0,4.0,1,4,6,False,1.0,0.4444444444444444,0.0033897513007962793,0.005583521963358638,0.0
488,flame,,,0.5,0,0,10,,0.4,,4,,0.6,,,,,-1,,,,1,4,6,False,,0.5,,0.013032019869740197,0.0
489,flame,,,0.5,0,0,10,,0.2,,2,,0.8,,,,,-1,,,,1,2,8,False,,0.5,,0.007500189236404768,0.0
490,flame,,,0.5,0,1,10,1.0,0.3333333333333333,0.6666666666666667,4,0.0,0.6666666666666666,,,,,-1,1.0,1.0,9.0,1,4,6,False,1.0,0.4444444444444444,-0.0019252833868661254,0.013332593189455674,0.25
491,flame,,,0.5,0,1,10,1.0,0.3333333333333333,0.6666666666666667,4,0.0,0.6666666666666666,,,,,-1,1.0,1.0,6.0,1,4,6,False,1.0,0.4444444444444444,-0.0018529323360591359,0.003112889927157166,0.25
492,flame,,,0.5,0,0,10,,0.3,,3,,0.7,,,,,-1,,,,1,3,7,False,,0.5,,0.009884569682849145,0.0
493,flame,,,0.5,0,0,10,,0.4,,4,,0.6,,,,,-1,,,,1,4,6,False,,0.6,,0.00045985345306371624,0.0
494,flame,,,0.5,0,0,10,,0.3,,3,,0.7,,,,,-1,,,,1,3,7,False,,0.6,,0.012509022124486046,0.0
495,flame,,,0.5,0,0,10,,0.4,,4,,0.6,,,,,-1,,,,1,4,6,False,,0.5,,0.007533165797116657,0.0
496,flame,,,0.5,0,0,10,,0.3,,3,,0.7,,,,,-1,,,,1,3,7,False,,0.5,,0.007709151537510524,0.0
497,flame,,,0.5,0,1,10,1.0,0.3333333333333333,0.6666666666666667,4,0.0,0.6666666666666666,,,,,-1,2.0,2.0,9.0,1,4,6,False,1.0,0.5555555555555556,0.00033413993044879083,0.00885601322860116,0.25
498,flame,,,0.5,0,0,10,,0.4,,4,,0.6,,,,,-1,,,,1,4,6,False,,0.5,,-7.280210183502334e-05,0.0
499,flame,,,0.5,0,0,10,,0.4,,4,,0.6,,,,,-1,,,,1,4,6,False,,0.5,,0.009943025441822403,0.0
500,flame,,,0.5,0,0,10,,0.2,,2,,0.8,,,,,-1,,,,1,2,8,False,,0.5,,0.004118640598928173,0.0
