signal,n_benign,n_malicious,benign_mean,benign_std,benign_min,benign_max,malicious_mean,malicious_std,malicious_min,malicious_max,separation_gap,separated,auc,mannwhitney_p,alpha,seed
bn1,90,10,7.9194668909858885,0.015047564270027748,7.887015332884701,7.947559399775434,7.9403518821370245,0.016150989389067776,7.9236455261163075,7.977508407573101,-0.023913873659126672,False,0.8288888888888889,0.0006857690910903663,0.05,0
conv1,90,10,0.011141986094846039,0.006522827141828239,0.003898213616308249,0.04777320703854809,0.012979212321076784,0.007104376921225208,0.006892563404224676,0.028614147680919556,-0.024715934064611308,False,0.5866666666666667,0.37322337414135076,0.05,0
layer1,90,10,8.350536240252655,0.10498952136448847,8.082859618277887,8.532831735195515,8.461700778318246,0.09986716727684986,8.249729385923196,8.596489908709643,-0.28310234927231903,False,0.8033333333333333,0.0017424586192034265,0.05,0
layer2,90,10,17.38260542755559,0.14300958648737025,17.009872042518392,17.71028577122025,17.452631203872425,0.1385652060735907,17.242157327389616,17.720435278595122,-0.4681284438306328,False,0.6266666666666667,0.19220599140447148,0.05,0
layer3,90,10,23.355559278146455,0.09666048322482934,23.08264799772806,23.581785387031353,23.417812329591243,0.06691699531875128,23.309138790834492,23.542939175308764,-0.2726465961968607,False,0.7288888888888889,0.018219180070825725,0.05,0
layer4,90,10,36.71623800777363,0.5892309483143118,34.34486558615964,37.2827342534461,36.45012976026403,0.4876834249795681,35.652219089118496,36.98008351251573,-1.6305151643276048,False,0.2677777777777778,0.016593078348926333,0.05,0
linear,90,10,0.017726539202549914,0.009620360079351669,0.004205467145731414,0.05785573184156238,0.016266005740658465,0.0070101281329208445,0.009356865448836788,0.027808584698551478,-0.023603117552820064,False,0.48444444444444446,0.8767338520233376,0.05,0
bn1,90,10,7.908008638693044,0.01447943409466751,7.867580679228333,7.947577593425524,7.916670283464344,0.013680077734703098,7.8965211301783675,7.933199617746761,-0.05105646324715618,False,0.6677777777777778,0.08377333879027746,0.1,0
conv1,90,10,0.009807983750793217,0.005939421165220078,0.003723488463478432,0.030741090518666244,0.021587997753675668,0.04154112149061627,0.005117959126323817,0.1394574720308889,-0.025623131392342426,False,0.5811111111111111,0.40484290483304075,0.1,0
layer1,90,10,8.880736552001498,0.16637984916791718,8.551599141263605,9.175243403302186,8.892219989959237,0.2212771329553218,8.5186793198911,9.191969957293939,-0.6403708160303339,False,0.53,0.7607644789026983,0.1,0
layer2,90,10,16.920788478884123,0.1934043032760758,16.485484199607388,17.290905132051115,16.950300458348323,0.20843349999671726,16.573227275321628,17.15548245339978,-0.669998253792393,False,0.5588888888888889,0.5463695021653148,0.1,0
layer3,90,10,23.684198201983452,0.08468161581272002,23.508793325338484,23.912702506222992,23.644407196775337,0.06262841434935239,23.542529615910674,23.719833065617596,-0.2110397402791122,False,0.37555555555555553,0.20015800763394986,0.1,0
layer4,90,10,36.73152381788944,0.14838794169522007,36.24936807329071,37.17180448377044,36.27991427955072,0.13404513840967403,36.10476408517194,36.49324189336646,-0.24387382007574843,False,0.01,4.1659801055830556e-07,0.1,0
linear,90,10,0.015855426932899964,0.008578940232782252,0.005201121847058365,0.054671037385147905,0.01524558044166224,0.011175693875494148,0.006353957506843745,0.04524695863948229,-0.040045836792423926,False,0.43555555555555553,0.5088318323010799,0.1,0
bn1,90,10,7.868680876066306,0.010447257357079388,7.841211995965111,7.8953618722047985,7.8918653891355675,0.011973506612341481,7.876991159322196,7.9178457725772216,-0.018370712882602724,False,0.9522222222222222,3.00375391132827e-06,0.5,0
conv1,90,10,0.008839193149466644,0.004209308106891597,0.002967657185679783,0.03093792482918879,0.010495532601396839,0.005398280072377292,0.005207151719598408,0.023799845797397714,-0.02083218861171793,False,0.5944444444444444,0.33160822171965254,0.5,0
layer1,90,10,9.677308953815906,0.19458896168065892,9.186515422689862,10.08942323372615,9.586806550673982,0.23556178391954444,9.178675654353635,10.035554232416235,-0.8490388097263732,False,0.37222222222222223,0.18831819793437388,0.5,0
layer2,90,10,18.36940622257549,0.1866402341806513,17.86629053902405,18.716942399095576,18.689931623093674,0.23182176429907164,18.195818628105492,19.048979480981174,-0.5211237709900836,False,0.8788888888888889,9.144291358863703e-05,0.5,0
layer3,90,10,23.078315194910434,0.07464942160677238,22.85710814692159,23.293230321887485,23.228658180893383,0.07803893448597668,23.09918938932245,23.343686225368216,-0.1940409325650343,False,0.9322222222222222,8.053814195248923e-06,0.5,0
layer4,90,10,35.880312872049224,0.08900369449584138,35.702278387070095,36.16240362268638,35.49326060162164,0.08461825568545188,35.39859083536071,35.631712278592076,0.07056610847801892,True,0.0,2.409277994177106e-07,0.5,0
linear,90,10,0.012316691146962256,0.006652546347701699,0.0027554149372464643,0.040657598747290025,0.012183256842597766,0.00787239249717608,0.006107994982828409,0.033610244907020796,-0.03085482996977433,False,0.4855555555555556,0.8857995616013854,0.5,0
bn1,90,10,7.86879003021064,0.008320753201987241,7.84737093147146,7.88548403479767,7.886319643454709,0.012155104674748722,7.870605481056239,7.911790484930683,-0.014878553741430878,False,0.91,2.2961755042653318e-05,1.0,0
conv1,90,10,0.011318100019022122,0.0056571255961026445,0.0037621353046342863,0.03253899827861516,0.011812178034861271,0.005344326244805247,0.0062224158579347,0.024197921044635553,-0.020435785740001267,False,0.5277777777777778,0.778328734172582,1.0,0
layer1,90,10,9.642113641135383,0.11963208788177784,9.372366197186969,9.910821269915486,9.65545264022576,0.2050257967293801,9.252938666896847,9.91844351394654,-0.5460773167595718,False,0.5255555555555556,0.7960069696428962,1.0,0
layer2,90,10,17.995419335413498,0.16745132223674586,17.554907726066375,18.322727447624246,18.317702808623274,0.3009957486304069,17.831005272642738,18.67817788608243,-0.4917221749815077,False,0.8011111111111111,0.0018838114498074502,1.0,0
layer3,90,10,23.114717657142464,0.0556295211472694,22.95586361379302,23.268998130060883,23.232845261021133,0.0420907249435715,23.16977736542837,23.303138332853827,-0.09922076463251273,False,0.9677777777777777,1.3556353171206887e-06,1.0,0
layer4,90,10,35.69848597218819,0.06283453956158605,35.55301587605917,35.88018524957324,35.35972803614838,0.06880602690062143,35.25515879307979,35.48034312829035,0.07267274776882005,True,0.0,2.409277994177106e-07,1.0,0
linear,90,10,0.009545207611030424,0.005817351879999667,0.002664510008097206,0.03507716182255142,0.008116602773868565,0.0013288541249748115,0.005975224350569284,0.010603320641214806,-0.007938810633117601,False,0.5011111111111111,0.9954162981765758,1.0,0
