alpha,seed,client_id,is_malicious,l2_bn1,l2_conv1,l2_layer1,l2_layer2,l2_layer3,l2_layer4,l2_linear,update_l2_to_global,l2_to_median,n_participations,n_local_samples
1.0,0,0,False,7.868019606916711,0.0127462057015351,9.7467153654252,18.06758641165204,23.049147986318253,35.59042244177022,0.009273669389073955,47.762718200683594,1.5943413972854614,90,500
1.0,0,1,False,7.858053068258675,0.013054929610823236,9.676622195459835,18.162348311127555,23.157660660865485,35.716465854635516,0.00832132762263183,47.92905044555664,1.51085364818573,104,500
1.0,0,2,False,7.867021038980174,0.014010421819660829,9.725883569077638,17.99133348786232,23.074607655079753,35.57153477987668,0.010155368587060445,47.727718353271484,1.54856276512146,107,500
1.0,0,3,False,7.877182066882214,0.012936561976734129,9.40285626864497,17.588278233826486,22.95586361379302,35.73610254193311,0.010598107315328616,47.57987976074219,2.704390287399292,97,500
1.0,0,4,False,7.869637633871082,0.013323700015619394,9.66310966569067,17.972098274292108,23.076586055793598,35.70632495752146,0.008065885482996622,47.809696197509766,2.0298545360565186,107,500
1.0,0,5,False,7.86785414029607,0.005944164112676798,9.658468413975715,17.951048552023273,23.081161349978625,35.616722154362144,0.003540803558652145,47.73591613769531,1.4951120615005493,109,500
1.0,0,6,False,7.857557980901599,0.012954776503151421,9.573585686742655,17.88464237476297,23.125120612432195,35.718884615530065,0.0061730169014631645,47.78974533081055,1.7482539415359497,98,500
1.0,0,7,True,7.897318212663608,0.0062224158579347,9.252938666896847,17.831005272642738,23.20063922555218,35.39719358386045,0.007308856103150243,47.50955581665039,3.711282968521118,89,500
1.0,0,8,True,7.874614189551809,0.013455765358226845,9.736690293415636,18.6378263934339,23.303138332853827,35.45381367006865,0.007307228940584638,48.00186538696289,3.41198468208313,103,500
1.0,0,9,False,7.880420218312882,0.012953895255544213,9.708003722652778,18.131980528494836,23.119627004393905,35.64023070971756,0.010489391834881956,47.85239028930664,1.7980045080184937,90,500
1.0,0,10,False,7.884817093479692,0.015798580584624657,9.523331787774932,17.880803310924023,23.085287651626253,35.751398288367845,0.013825784147042714,47.78777313232422,2.0463411808013916,106,500
1.0,0,11,False,7.877424079423393,0.008449162631282774,9.68421299534633,18.111815225980415,23.150355899396793,35.688442830532445,0.009538829456055165,47.89023971557617,1.919878602027893,96,500
1.0,0,12,False,7.8606296006245575,0.0050516845996177165,9.852096829116231,18.232609178553815,23.194829253910417,35.823484326146044,0.0047556443848638325,48.08951187133789,2.1968111991882324,100,500
1.0,0,13,False,7.853328753365823,0.006356458738851001,9.761772025582989,18.320953446835727,23.20136550816005,35.70573460881515,0.004902950368848489,48.01899719238281,1.9945545196533203,89,500
1.0,0,14,False,7.873137111804401,0.013417919863690937,9.821184938065423,18.252914256701477,23.226546075503467,35.710301602368475,0.008767513135054635,48.02397537231445,1.811467170715332,95,500
1.0,0,15,False,7.864194539809298,0.005644515907454841,9.584514113314,17.85797901962538,23.052497813608106,35.77033864136345,0.004837753870729683,47.7864875793457,1.8853522539138794,105,500
1.0,0,16,False,7.86341155716914,0.006693058386760758,9.525803563147683,17.91788224035796,23.102111513195993,35.68215555006639,0.004749565722592711,47.75504684448242,1.4678435325622559,105,500
1.0,0,17,False,7.873211076557687,0.008327895646667726,9.612041535016418,17.7471994595045,23.041163900231012,35.72018648808948,0.006464259878063977,47.70916748046875,2.3085460662841797,119,500
1.0,0,18,False,7.882001158337071,0.013271974316136517,9.528217059349547,17.765424086147135,23.106976419465582,35.722783642342165,0.013305698017281552,47.734317779541016,2.4137227535247803,83,500
1.0,0,19,False,7.855949441447454,0.00818379799080405,9.760265596050763,18.036266529559676,23.1617994312783,35.60365251973735,0.007262451987368514,47.81598663330078,1.7015020847320557,95,500
1.0,0,20,False,7.872600859810301,0.004493729367899663,9.699482739408705,18.030278964081514,23.13525897997933,35.81383015372699,0.00509311268277412,47.94807815551758,2.252764940261841,106,500
1.0,0,21,False,7.880365937678783,0.03253899827861516,9.625246267239875,17.965645344612415,23.091402887361888,35.69411996492649,0.03507716182255142,47.799068450927734,2.3391976356506348,93,500
1.0,0,22,False,7.867780476036131,0.013302148564537087,9.459798504670353,17.74954269676628,23.02934484796082,35.72078415209964,0.01229912893582166,47.673404693603516,2.0324134826660156,111,500
1.0,0,23,False,7.8646315345276525,0.00501353400047891,9.592193666359757,17.992641876120306,23.14312555163105,35.79080614446216,0.0035383656634003784,47.89761734008789,1.7943816184997559,97,500
1.0,0,24,False,7.864384181562143,0.01576414771727174,9.851303950307553,18.060187031536678,23.15995582688865,35.69092200417891,0.012608057219709977,47.909114837646484,1.9280295372009277,101,500
1.0,0,25,False,7.864683387237794,0.005817984881230788,9.50146250457735,17.613473532343168,23.020661340812122,35.65485796468957,0.004574456447396525,47.57713317871094,2.6447432041168213,110,500
1.0,0,26,False,7.86274917553388,0.01420849327339861,9.606664626197402,18.030640338741975,23.10487022609834,35.63403380605332,0.01000915812160201,47.778934478759766,1.6198896169662476,92,500
1.0,0,27,False,7.8636386219724015,0.017018048157905315,9.55003609307682,17.94989397693066,23.1261408121611,35.7200651869449,0.012466857558150572,47.81178665161133,1.8897793292999268,105,500
1.0,0,28,False,7.876964400245774,0.013444744519949425,9.639770604101223,18.1254618548804,23.20384061421136,35.74290609385703,0.009745454646295658,47.95280838012695,1.8833037614822388,93,500
1.0,0,29,False,7.8641307156888125,0.008980741669973117,9.706283789332021,18.0696406098843,23.090681737502354,35.69104024058429,0.007307908503781005,47.849708557128906,1.642317771911621,98,500
1.0,0,30,True,7.884214861090609,0.006914738070069038,9.525829620274447,17.953938544660254,23.16977736542837,35.25515879307979,0.007778480134809381,47.486915588378906,3.6148264408111572,105,500
1.0,0,31,False,7.8635564150469595,0.014642437560433484,9.613836723227715,17.908369764399907,23.086521171467425,35.68118840663134,0.01155363483158095,47.760833740234375,1.6161696910858154,80,500
1.0,0,32,False,7.864834310882715,0.007332593877937087,9.623134951333212,18.078698610680174,23.13785575818744,35.70925133159091,0.004537551159095249,47.87282943725586,1.6512912511825562,105,500
1.0,0,33,True,7.885554336814168,0.013364432417035934,9.901927244879838,18.560328388161334,23.21381850329734,35.32786486081782,0.010603320641214806,47.87113571166992,3.3136651515960693,80,500
1.0,0,34,False,7.865241855667986,0.00551807711331399,9.51767861544585,17.77897808919596,23.101336943275914,35.652441195952335,0.005074952538658324,47.67920684814453,1.8362406492233276,103,500
1.0,0,35,False,7.856556708220056,0.010157713675713212,9.74086122847952,18.1039679766958,23.142616463249603,35.62800151489295,0.010421635986005547,47.8465461730957,1.977988362312317,95,500
1.0,0,36,False,7.864747653543487,0.01583229151541725,9.685912379025952,18.179048820980103,23.11545423544323,35.72068174307051,0.015165441116359635,47.92108154296875,1.7815823554992676,103,500
1.0,0,37,False,7.866682805424302,0.007240628032862222,9.683375580776252,17.99798771098408,23.104682502551295,35.72584539254625,0.006648907089697566,47.85120391845703,1.4728182554244995,100,500
1.0,0,38,False,7.857897163085966,0.013589481415438576,9.70481028790334,18.0123778449042,23.106175447296323,35.66962114677098,0.008414869688344272,47.818260192871094,1.6041680574417114,86,500
1.0,0,39,False,7.856108393773743,0.008182970670677513,9.616386911157148,18.12777696832003,23.1237170581781,35.66839698960847,0.007358840906747128,47.85129928588867,1.6997294425964355,111,500
1.0,0,40,False,7.873159350039171,0.007985568754090108,9.854981579513264,18.157574086265583,23.1604113901695,35.79300203246707,0.007179410593132408,48.024417877197266,2.0106265544891357,103,500
1.0,0,41,False,7.84737093147146,0.006650945741638153,9.66727048561935,18.197813951456205,23.15775707422866,35.742172250765776,0.008142594439978411,47.95810317993164,2.5002517700195312,100,500
1.0,0,42,False,7.874519096934496,0.007953791994319696,9.634216876340558,17.82366401941098,23.09465867113835,35.66567976292802,0.005671431511909474,47.727447509765625,1.8742841482162476,89,500
1.0,0,43,False,7.856617848248492,0.012847544739936056,9.910821269915486,18.322727447624246,23.136881993268947,35.66327994496598,0.007266850060105079,47.9880485534668,2.003422498703003,85,500
1.0,0,44,False,7.872926126745119,0.0051657917117500715,9.672483950419961,18.12381868578658,23.188575405488994,35.68932996447676,0.0037449659434837406,47.91084671020508,2.11588191986084,110,500
1.0,0,45,False,7.8729023921336125,0.013958816002697256,9.501432558806686,17.554907726066375,23.015778122930943,35.804330641482885,0.012571207003843475,47.66657257080078,2.686138868331909,98,500
1.0,0,46,False,7.863656188801772,0.012667551659824866,9.520825041665663,17.873834033309585,23.070466036457347,35.716598332682935,0.010383612453705575,47.74800109863281,1.7201894521713257,89,500
1.0,0,47,False,7.871826426006737,0.006707909227116187,9.727487285956297,18.015399261246067,23.177982605980596,35.69728456895218,0.005383613292463049,47.881690979003906,1.7259057760238647,105,500
1.0,0,48,False,7.872340646428987,0.01661323301947154,9.462736130561751,17.82097972575598,23.07051771669592,35.69558320577349,0.017132719376563375,47.702362060546875,2.058206796646118,111,500
1.0,0,49,False,7.882625212774339,0.00842833815394898,9.681073192139309,18.144049085090465,23.160485885474056,35.70904119643468,0.007987104379887965,47.922908782958984,1.8368265628814697,97,500
1.0,0,50,False,7.867274773974498,0.006229671313542356,9.588975025476062,17.907330675083983,23.103612956293734,35.68129945628811,0.005050032777172517,47.764469146728516,1.909547209739685,116,500
1.0,0,51,False,7.880841541860983,0.007513672821190752,9.879044855061588,18.169723701069138,23.268998130060883,35.80460169713919,0.00458818861433626,48.096309661865234,2.278578519821167,107,500
1.0,0,52,False,7.868068295829092,0.01118230078551657,9.659452595070817,17.946189483557063,23.089957389485686,35.713354864931084,0.00792947835241942,47.81070327758789,1.7890466451644897,108,500
1.0,0,53,False,7.866061384790935,0.0037621353046342863,9.66195415021275,18.046578966716073,23.146204949766478,35.55301587605917,0.0028207368003137696,47.756351470947266,1.7741955518722534,109,500
1.0,0,54,True,7.885273866712627,0.012875288203351914,9.645470601699433,18.41878313867233,23.213440867021014,35.35101544249935,0.008734992233464934,47.780921936035156,3.292313814163208,105,500
1.0,0,55,False,7.873509279666932,0.0070701832625296905,9.473005242904774,17.791121188685313,23.051874648016405,35.65980207963216,0.004978126777459011,47.65776443481445,2.0156753063201904,110,500
1.0,0,56,True,7.875096105753582,0.010136873073174919,9.857401288133772,18.67817788608243,23.29661365168625,35.355676659794376,0.005975224350569284,47.96678924560547,3.5976738929748535,104,500
1.0,0,57,False,7.868628548430214,0.012625735154825176,9.544556530133066,17.831263757739105,23.053660151944264,35.64350866930626,0.0071108889277889,47.67486572265625,1.6456782817840576,94,500
1.0,0,58,False,7.873666883682624,0.01009712031162404,9.766626947060347,18.186225097011327,23.161190214484797,35.702798526715796,0.005903676918727609,47.95045471191406,1.908718228340149,95,500
1.0,0,59,False,7.867688669721982,0.017192371244353518,9.695398494470531,17.990144956447487,23.100755514098953,35.75737494902902,0.018906113421854477,47.872413635253906,1.7283681631088257,99,500
1.0,0,60,False,7.850347341856721,0.012819100446507603,9.652229884885902,18.12331959701765,23.188610827179236,35.72104430379961,0.009661136658670647,47.92646408081055,2.3960258960723877,112,500
1.0,0,61,True,7.892929231706541,0.024197921044635553,9.590559035550871,18.196921166238592,23.241187323604898,35.34689309687336,0.008749904294565255,47.69637680053711,3.726360559463501,93,500
1.0,0,62,False,7.868227610545098,0.0321047151942177,9.627510785165656,17.998322018907263,23.084340060932448,35.666586754741786,0.019856345575377743,47.78573226928711,1.7143633365631104,99,500
1.0,0,63,True,7.870605481056239,0.01436397041647551,9.91844351394654,18.553253411292758,23.250015415805063,35.28695272651897,0.009147021239604076,47.85676956176758,3.8658950328826904,94,500
1.0,0,64,False,7.874193750559979,0.012996542582566866,9.37321661455262,17.829525420392404,23.048303405865294,35.74838334642269,0.006858979799691088,47.7170524597168,1.9110674858093262,118,500
1.0,0,65,True,7.8857996642672425,0.0062800437815261545,9.544438837766167,18.045021357910876,23.204341666274107,35.48034312829035,0.006877622327552763,47.70952606201172,3.2673630714416504,108,500
1.0,0,66,False,7.875274068267784,0.005677835379246861,9.686309045836909,18.113473984815162,23.164658389566792,35.84585618832388,0.006842460206942746,48.01527404785156,2.3085522651672363,97,500
1.0,0,67,False,7.86825500583444,0.017767593712122113,9.739324707319733,18.204543093874044,23.105867626072293,35.57833694903115,0.018184124669969777,47.8315315246582,1.9475244283676147,108,500
1.0,0,68,False,7.864368799843489,0.008595512271083922,9.372366197186969,17.78029821096666,23.094096496828065,35.72493989837232,0.007599232145269233,47.70150375366211,1.9061223268508911,99,500
1.0,0,69,False,7.875499755606936,0.01302519150406715,9.806247367001028,18.25518206590668,23.1476486917933,35.69981603655915,0.008489014111829833,47.97625732421875,1.5805801153182983,100,500
1.0,0,70,False,7.883018586420355,0.008589088448341413,9.636802403248074,17.84693100201356,23.059452316796285,35.752970153705874,0.008364163188267321,47.78632354736328,2.2085764408111572,86,500
1.0,0,71,False,7.863710222136077,0.007166003241080575,9.765865269173588,18.055209986550427,23.17941217343489,35.73166717470057,0.008921271679892718,47.92945098876953,1.568083643913269,84,500
1.0,0,72,False,7.877455100180789,0.008108520633437644,9.53294354889048,17.81293906523196,23.116925776118496,35.684346539228166,0.006515456845415204,47.72832489013672,1.6683343648910522,107,500
1.0,0,73,False,7.860445586239459,0.006975593272647501,9.718863522219637,18.079097153956955,23.186278622425128,35.63026376519679,0.007684287399982509,47.856163024902344,2.232347249984741,93,500
1.0,0,74,False,7.865344688318289,0.005147826895743538,9.451059469670632,17.881288791667597,23.083609929876797,35.75772318376364,0.0032544409796372146,47.774383544921875,1.856783151626587,101,500
1.0,0,75,False,7.874438296070548,0.01650739180138935,9.909139400750604,18.086459992307706,23.07329892231143,35.78110391500306,0.016885345699277167,47.9580192565918,2.290255546569824,97,500
1.0,0,76,False,7.878403437187003,0.01399082750065406,9.786727291029322,18.150797804247983,23.121962651637272,35.88018524957324,0.011285929045189665,48.05524444580078,2.8884174823760986,105,500
1.0,0,77,False,7.868783105230645,0.007974003500973876,9.586312892383447,18.053418252767322,23.121597115577146,35.635736077010506,0.007465409582135609,47.79384231567383,1.6832144260406494,109,500
1.0,0,78,False,7.873187357473205,0.014838769804291984,9.553175016892679,18.06840120585338,23.077669346414538,35.70081324610375,0.013587178557804497,47.82086944580078,1.5823144912719727,97,500
1.0,0,79,False,7.873663266581304,0.005595417467389629,9.577892132395071,17.93910331542457,23.163850034677907,35.78040880504668,0.003335108655956102,47.87840270996094,1.9343273639678955,111,500
1.0,0,80,False,7.870579804994475,0.0065073854994605876,9.7369558453872,18.163854095120197,23.13999273020093,35.69947218864017,0.005969575864281705,47.9227409362793,1.8768452405929565,101,500
1.0,0,81,False,7.88548403479767,0.005515359370717578,9.717460817286472,18.109596374648277,23.175818955702994,35.72227943930191,0.008008276008244481,47.93500518798828,2.1804873943328857,94,500
1.0,0,82,False,7.881366662357689,0.016047613940536727,9.389150807184434,17.578896776664376,23.004840372424248,35.69693370090786,0.006804194328826868,47.568668365478516,2.409954309463501,101,500
1.0,0,83,False,7.874723759794058,0.019741292390034956,9.574888178608607,18.0508801287665,23.04856134560723,35.620063762405245,0.02193328820592655,47.74443435668945,1.7725250720977783,87,500
1.0,0,84,False,7.867492019267742,0.015327100431665427,9.577887001761502,18.085203916855868,23.133615381150175,35.61111507932264,0.013648676583031883,47.79132080078125,1.7993061542510986,99,500
1.0,0,85,False,7.873134109574018,0.003873739847347309,9.485331635163817,17.98089059260579,23.09639037893646,35.79552600143533,0.0036345852739146016,47.854278564453125,2.1600759029388428,94,500
1.0,0,86,False,7.866686937645648,0.006806641841037264,9.44974868241961,17.72745075663937,23.073108681429762,35.64284416583883,0.005601187189279525,47.6258659362793,2.128622531890869,86,500
1.0,0,87,False,7.8772328660752535,0.013263203192141214,9.628749434621318,17.943202405150508,23.154341347484188,35.65837861684697,0.008357583710248756,47.79497146606445,1.8853992223739624,116,500
1.0,0,88,False,7.85416707067126,0.0064359929202628405,9.605398112819469,17.950433247024574,23.103703139379647,35.612567780018644,0.005382418068816937,47.73052215576172,1.9837003946304321,99,500
1.0,0,89,False,7.853180176354756,0.014921164826524889,9.639248659908128,18.163088091717537,23.175149544157204,35.59382873350131,0.014237342424290133,47.83808898925781,2.5025241374969482,96,500
1.0,0,90,False,7.860923473771771,0.031342299321539625,9.73922773170521,17.97001508488709,23.020566458487913,35.702616178930434,0.034378192882035474,47.792728424072266,2.1563520431518555,95,500
1.0,0,91,False,7.876440971527049,0.015997981683758693,9.523814217492763,17.842770281128598,23.048150559694648,35.66429564301638,0.01490117153644203,47.689144134521484,1.7300316095352173,97,500
1.0,0,92,False,7.863768503259487,0.004571006264513189,9.703165661021997,17.983010308134144,23.152220026955447,35.70916914560566,0.002664510008097206,47.85965347290039,1.6167019605636597,104,500
1.0,0,93,False,7.880115973142917,0.012587857085435574,9.766753332338412,18.182105102781705,23.204850797003218,35.71414965216622,0.010844034798952934,47.979515075683594,2.166240930557251,113,500
1.0,0,94,False,7.861457685267781,0.015382771335324414,9.737453494381484,18.026924094081803,23.153649464805472,35.63926878857713,0.016386008293144322,47.831260681152344,1.9497936964035034,100,500
1.0,0,95,False,7.868821418595658,0.01278885778047429,9.677622270358839,18.162743483618808,23.17010330636604,35.6229967698067,0.008332743480981444,47.86758041381836,1.8331730365753174,104,500
1.0,0,96,False,7.884181222809896,0.019652394752743347,9.639753544358996,17.735668117233217,23.02372710349532,35.750739377959626,0.02289816215921804,47.72660827636719,2.796280860900879,88,500
1.0,0,97,False,7.8636988904611265,0.008496693766031172,9.717860031530599,18.196513901208608,23.16323147853053,35.68776903210448,0.007478985984658409,47.932621002197266,1.9716969728469849,103,500
1.0,0,98,True,7.911790484930683,0.010310332126182153,9.580827299694068,18.301772527137523,23.235480258688327,35.34236839968065,0.008683377473170271,47.73162841796875,3.9450812339782715,118,500
1.0,0,99,False,7.867942800319023,0.014638562648981548,9.574505730851214,17.90506167843539,23.068866018231613,35.62352384817518,0.013143595167931234,47.700782775878906,1.6506714820861816,92,500
0.5,0,0,False,7.858578606046835,0.010795102933929747,9.701993039000282,18.321716186894108,23.050215063896875,35.7402515522218,0.014822524890438738,47.960819244384766,1.9967745542526245,90,500
0.5,0,1,False,7.8850922000732435,0.011441832637322366,9.57019686000767,18.31746087243838,23.02230773211506,35.8445988761731,0.016510203789447477,48.00151443481445,2.2133803367614746,104,500
0.5,0,2,False,7.875374848947088,0.01699101191186578,9.817130008697518,18.47118686002802,23.099313468457556,35.909450152735374,0.017593057181785353,48.193695068359375,2.2360355854034424,107,500
0.5,0,3,False,7.883126247880438,0.012677438583348143,9.790767010500886,18.506743022053108,23.063356716489444,35.882509373547066,0.019976624974361507,48.16600799560547,2.9040207862854004,97,500
0.5,0,4,False,7.8725237832296155,0.007009840198267914,9.447076263207995,18.01543596518222,22.939160429662444,35.79464889219872,0.008645128698854195,47.78323745727539,2.391733407974243,107,500
0.5,0,5,False,7.879460132801176,0.0035607992225437316,9.458364034655135,18.31218929848398,23.13772471481778,35.95945904028587,0.004032449596849532,48.11775588989258,2.430109739303589,109,500
0.5,0,6,False,7.874503268080462,0.008876121013027085,9.43345479897893,18.100484547074903,23.057077132773614,35.93771968669712,0.013988179986470381,47.97676086425781,2.927921772003174,98,500
0.5,0,7,True,7.88275692299191,0.008066493299011093,9.45784483002212,18.679710062542437,23.259814783378644,35.431031165080284,0.006107994982828409,47.9259147644043,4.251297473907471,89,500
0.5,0,8,True,7.894562675417302,0.005207151719598408,9.774316925114853,18.804979032848824,23.19260465388427,35.463512608177034,0.0075671420985884245,48.03169250488281,4.605463027954102,103,500
0.5,0,9,False,7.871229352563899,0.011621784341952941,10.043962022792421,18.556634209015435,23.09136861460715,35.86372991563129,0.016590755455733103,48.234779357910156,2.368165969848633,90,500
0.5,0,10,False,7.861180396735567,0.011130225697735202,9.865260216945774,18.564432093393545,23.124713930784115,35.86560056370456,0.015327747073970159,48.21663284301758,2.001857280731201,106,500
0.5,0,11,False,7.861682570623551,0.006919223625680461,9.666419122975736,18.293377048666866,23.030250791133685,35.77561818424747,0.009379544286190478,47.96015930175781,1.8692455291748047,96,500
0.5,0,12,False,7.860419997368666,0.005738571146421712,9.620555378212341,18.13004052122897,22.98891197821722,35.78465490277009,0.008634281956559723,47.87555694580078,2.1278114318847656,100,500
0.5,0,13,False,7.8689906895892445,0.009760736195427418,10.017272880664493,18.52366793647057,23.15395013614955,35.953988167513465,0.011055496948780719,48.3133659362793,2.0418312549591064,89,500
0.5,0,14,False,7.869384717812581,0.00856024313715205,9.568051273915126,18.234890691102624,23.112076046187315,35.840026377591585,0.011430921421649079,48.00684356689453,2.1136648654937744,95,500
0.5,0,15,False,7.859469799964035,0.004474658388780902,9.694901465268421,18.39426941526493,23.077404841748713,35.800237900453276,0.006025981348695503,48.04511642456055,1.8393317461013794,105,500
0.5,0,16,False,7.872316038865332,0.004421098771216079,9.50706043712076,18.299585613627723,23.147728222056493,35.90999939068058,0.006341568226624751,48.08924102783203,2.5627458095550537,105,500
0.5,0,17,False,7.8523634146240235,0.005768807392662097,9.840568034125951,18.434038013867777,23.16497932327607,35.93050377240048,0.0065960637303056615,48.22784423828125,2.394882917404175,119,500
0.5,0,18,False,7.876197049388697,0.004479658096717579,9.960761541122197,18.652664980952196,23.12864513623332,35.87627978112897,0.0060290798934149025,48.28264236450195,2.2407145500183105,83,500
0.5,0,19,False,7.869622539818992,0.008745254008875126,9.729802208239217,18.424798543488773,23.14409692146754,35.902080596534226,0.007924247383807707,48.17340850830078,1.9222674369812012,95,500
0.5,0,20,False,7.848667417143578,0.013411292934246559,9.651757230728279,18.405460913262104,23.088094031405234,36.03978388642821,0.0199017301649762,48.22277069091797,2.874940872192383,106,500
0.5,0,21,False,7.881925912512943,0.03093792482918879,9.704650596620423,18.48196295786178,23.136458377403137,35.84706271936244,0.040657598747290025,48.1463737487793,2.2924447059631348,93,500
0.5,0,22,False,7.8766423704906465,0.01062536075920548,9.483946496435163,18.421923041664556,23.085978577805417,35.813103176124514,0.014737796108398237,48.03005599975586,1.8377652168273926,111,500
0.5,0,23,False,7.867849792306179,0.004594846798887379,9.683854733850797,18.428927810347073,23.17538502615965,36.00499640173867,0.007061071834458293,48.25724411010742,2.221982955932617,97,500
0.5,0,24,False,7.872713149579547,0.00835431416732658,9.702686392732906,18.452211893984057,23.055919202615133,35.90955804957144,0.009955536767045416,48.142215728759766,1.9052098989486694,101,500
0.5,0,25,False,7.8536595917403345,0.005948129326076582,9.885635246395744,18.46935425182359,23.058080072665028,35.934958412221064,0.007132463789454751,48.20287322998047,2.076120376586914,110,500
0.5,0,26,False,7.8674250702279345,0.01273122222701576,9.540101333691117,18.38340321322443,23.01735404062083,35.83213899345056,0.017760039942565763,48.00613784790039,2.305204391479492,92,500
0.5,0,27,False,7.876218084237517,0.005121947439090883,9.532177462125723,18.205252084105886,23.043196436780303,35.855667548651084,0.005261164009821188,47.9681510925293,1.9473645687103271,105,500
0.5,0,28,False,7.845573134576407,0.008477390326891493,9.757828653744623,18.448399711980745,23.082179948799936,35.8361185886321,0.0120795252526195,48.10531234741211,2.2138242721557617,93,500
0.5,0,29,False,7.868827708506751,0.008015852691969985,9.407720594781296,18.16044738480298,23.106948169579482,35.86135587068523,0.01268682083611178,47.96028518676758,2.307109832763672,98,500
0.5,0,30,True,7.893958749072335,0.007003258236603627,9.726323354012619,18.902919941198263,23.263173492448836,35.48211321075931,0.009584058447892391,48.10808181762695,4.92492151260376,105,500
0.5,0,31,False,7.857225994064666,0.011518367691632456,9.95669587640378,18.551014630703314,23.094042624124363,35.7737138706731,0.018586812349048198,48.14658737182617,2.114826202392578,80,500
0.5,0,32,False,7.885086192431446,0.006405469107027378,9.415731833308843,18.337538196035876,23.09221979209434,35.886584799049466,0.006601177802102778,48.04362869262695,2.462353467941284,105,500
0.5,0,33,True,7.882921626429212,0.011068613468819214,9.710610706319187,18.76712402308668,23.173491334201277,35.39859083536071,0.01209526525058153,47.94482421875,4.299861907958984,80,500
0.5,0,34,False,7.849095120068138,0.002967657185679783,9.68548039399286,18.40184470343869,23.11554286365718,36.011660250741805,0.003643523423408894,48.220436096191406,2.381932020187378,103,500
0.5,0,35,False,7.860939342291564,0.006641266606431479,9.79587675912436,18.517790091310733,23.13723255029052,36.00727564047895,0.004647804731455184,48.29610824584961,1.9029814004898071,95,500
0.5,0,36,False,7.869575599716616,0.011649367204770644,9.283691874167454,18.0491200208449,22.949746112683457,35.84150585062768,0.0182133429987734,47.80356979370117,2.5798568725585938,103,500
0.5,0,37,False,7.869657322462537,0.005122156077411038,9.435180255154563,18.033438008824298,22.99011838116526,35.74366669866689,0.006693396597004561,47.773555755615234,2.081820011138916,100,500
0.5,0,38,False,7.867983499353497,0.009058053078149572,9.6185622312625,18.259842804957,22.96425912754459,35.79245728727595,0.01195486848998335,47.919677734375,1.8099417686462402,86,500
0.5,0,39,False,7.884965134828114,0.006189153224478261,9.186515422689862,17.874327582431025,22.85710814692159,35.72224693533393,0.009182835348381189,47.58760070800781,3.249802589416504,111,500
0.5,0,40,False,7.8829718272172595,0.007783724552449139,10.068156409413271,18.628322995361,23.240151498605425,36.08964778380103,0.012989552600121067,48.50862503051758,3.062553644180298,103,500
0.5,0,41,False,7.875404210351148,0.006116349615008453,9.784856214417731,18.39235232090595,23.116371241117623,35.85165326738614,0.006291114856259011,48.12223434448242,1.9699238538742065,100,500
0.5,0,42,False,7.867973191804818,0.00559973293942909,9.806026336207532,18.535953039116812,23.08671682955743,35.929075438958634,0.0061872881048246385,48.22382736206055,2.352365255355835,89,500
0.5,0,43,False,7.8635178945855575,0.00814274005352582,9.858065670445955,18.362084811971393,23.023185935501147,35.824110408295624,0.011474156136431617,48.05842971801758,2.058523178100586,85,500
0.5,0,44,False,7.8855123097835715,0.005489571045302263,9.473300571204401,18.158752426058825,23.018788945787357,35.868289932499536,0.004774197238395236,47.93810272216797,2.092877149581909,110,500
0.5,0,45,False,7.8673720328689765,0.010920902320952715,9.694143100911468,18.341173092837316,23.060274248868247,35.85777715375257,0.01568299775584037,48.0605583190918,2.2365710735321045,98,500
0.5,0,46,False,7.863738031806852,0.013633548711911428,9.98974318087446,18.590600851559156,23.17152611018131,35.97413787470707,0.018418330784646296,48.355873107910156,2.376302719116211,89,500
0.5,0,47,False,7.872737771990381,0.005436112585285557,9.873282108317571,18.587754664759316,23.188930333028615,36.00377998264166,0.005805765760926073,48.36282730102539,2.2151124477386475,105,500
0.5,0,48,False,7.872871212902945,0.012388165204334958,9.869789239414812,18.622328163145497,23.11753593704522,35.85567321623048,0.018750243814632726,48.23094940185547,2.044471263885498,111,500
0.5,0,49,False,7.8622282998417425,0.006404304706053034,9.685662982923844,18.289073287383967,23.077539373149346,35.769930092955896,0.00901658376642339,47.980979919433594,1.9157497882843018,97,500
0.5,0,50,False,7.8953618722047985,0.0038311330062151087,9.529900417683569,18.358178722172376,23.100336004030183,35.89110583026278,0.0074912873290197525,48.08298873901367,2.5172698497772217,116,500
0.5,0,51,False,7.874292951208326,0.006242138406747134,9.550087415983139,18.400054434582387,23.054957111083564,35.873417983007776,0.012772206478902641,48.06454849243164,2.492959976196289,107,500
0.5,0,52,False,7.874571978767249,0.010294677789966612,9.693465271310043,18.45017536035236,23.11774663778409,35.912065068446935,0.009315163254425107,48.171382904052734,2.0885226726531982,108,500
0.5,0,53,False,7.884172383712631,0.003326082568342054,9.427896700482577,18.150921149279302,23.013881633384685,35.91807818209779,0.0068649424540024664,47.96088409423828,2.8300814628601074,109,500
0.5,0,54,True,7.8857874006268425,0.008037812908599111,10.035554232416235,19.048979480981174,23.343686225368216,35.56847161540806,0.012003164298943806,48.33012771606445,5.402572154998779,105,500
0.5,0,55,False,7.884109877541122,0.00600332096486104,9.47040639157411,18.220081520507556,23.017787184712077,35.757044293806764,0.007871361089644284,47.87693405151367,2.2073378562927246,110,500
0.5,0,56,True,7.891728300444223,0.008946588685614088,9.178675654353635,18.195818628105492,23.09918938932245,35.42621398769753,0.01130203995632268,47.60462951660156,4.514334201812744,104,500
0.5,0,57,False,7.8474052378611905,0.012238276547985958,9.64951854484709,18.4545535735397,23.10045555418016,36.06269667090414,0.020601799984377552,48.26392364501953,3.023054599761963,94,500
0.5,0,58,False,7.868816332598088,0.00606008365389021,9.591590348109545,18.297542704694717,23.04196213131646,35.706334973409156,0.008565861586506214,47.90185546875,1.7429641485214233,95,500
0.5,0,59,False,7.861927747189752,0.0133988899672058,9.454639363085628,18.07495913430425,22.918757252665834,35.83639687920766,0.02139624790727642,47.82686996459961,2.57316255569458,99,500
0.5,0,60,False,7.866614510278602,0.009388680646240346,9.785542816143057,18.473234178864526,23.121566182002855,35.91016952379497,0.010124859201494812,48.19796371459961,2.1648645401000977,112,500
0.5,0,61,True,7.904637106248267,0.010067452611083648,9.554019405953621,18.665220606827745,23.30877254274951,35.62353275205146,0.012838962004466343,48.109066009521484,5.040870189666748,93,500
0.5,0,62,False,7.854181858142071,0.006636198493392667,9.592093019226027,18.25748019809629,23.063064455456725,35.82577085009451,0.00848837703456324,47.98353958129883,2.053849220275879,99,500
0.5,0,63,True,7.887464178226154,0.023799845797397714,9.524343670526411,18.63602209085881,23.184714336705827,35.429438064452505,0.033610244907020796,47.88501739501953,4.331449508666992,94,500
0.5,0,64,False,7.86157555137455,0.007599304227421412,9.774646473004038,18.56871429512797,23.14709655636618,36.02585359728056,0.008959671732304067,48.33003616333008,2.6997828483581543,118,500
0.5,0,65,True,7.876991159322196,0.0151666928007803,9.49896474894291,18.485274740551986,23.160015712384485,35.631712278592076,0.009632498690840935,47.95810317993164,4.14772367477417,108,500
0.5,0,66,False,7.866849064768682,0.00454883974919609,9.650947937072141,18.352630010339926,23.05429348898429,35.85045163036033,0.005058247122468431,48.04790115356445,1.689235806465149,97,500
0.5,0,67,False,7.868213464734065,0.014431830636128934,9.635537422788486,18.283771422129327,23.01304501547652,35.815493615021644,0.021812879579234425,47.97275161743164,1.7540696859359741,108,500
0.5,0,68,False,7.879444036820536,0.007060149062146449,9.734052448011711,18.39064123169669,23.08796770912274,35.921178007264544,0.008581760773720873,48.150123596191406,2.0065321922302246,99,500
0.5,0,69,False,7.856498428601409,0.00773548324112531,9.729315826156212,18.44270294203243,23.10420205944548,35.85788943182318,0.012023386441196342,48.125919342041016,1.9109159708023071,100,500
0.5,0,70,False,7.878597201923134,0.006876057162880441,9.75306237453335,18.551571533707687,23.176071526471453,36.014721443895965,0.010972859425040879,48.32745361328125,2.5731427669525146,86,500
0.5,0,71,False,7.880925533484957,0.009847449072312959,9.645190240660087,18.539299002191694,23.203588502240972,35.90702948731272,0.016222741140504895,48.234405517578125,2.232557773590088,84,500
0.5,0,72,False,7.870576995849225,0.006696803994774156,9.355766604588299,18.2108210170925,23.094277784834887,35.87375577876606,0.011386084060114463,47.97269058227539,2.5748748779296875,107,500
0.5,0,73,False,7.845696563945873,0.008031087507629276,9.762576839820905,18.532380987900904,23.142687358146382,36.01911868686055,0.010568013069630662,48.30392074584961,2.509509563446045,93,500
0.5,0,74,False,7.871077176874096,0.004939643373187382,9.841460615122843,18.567128106709077,23.120405248645387,35.897171163978435,0.005440911355772235,48.23591995239258,1.92887282371521,101,500
0.5,0,75,False,7.859572072999512,0.012798337183096255,9.577354941976001,18.000214126740076,22.93682090159229,35.702278387070095,0.020796907539700978,47.73096466064453,2.805318832397461,97,500
0.5,0,76,False,7.867473685638324,0.011021810757449227,9.489797356284194,18.30200092197177,23.052356778201137,35.860841951097754,0.015118289361385531,48.003318786621094,1.7351301908493042,105,500
0.5,0,77,False,7.8510748019035255,0.009961074502086935,10.062325037696512,18.6856717629766,23.1579679450379,36.16240362268638,0.020853003344014315,48.539127349853516,3.6995208263397217,109,500
0.5,0,78,False,7.841211995965111,0.011559487608692466,10.08942323372615,18.574734873888808,23.14934193155582,35.92399203272624,0.01793668097772991,48.31890869140625,2.863267660140991,97,500
0.5,0,79,False,7.868050733405627,0.005661725952745051,9.625743721707044,18.525558786133853,23.041669639428942,35.86048729226687,0.006350458088725204,48.110801696777344,2.3280537128448486,111,500
0.5,0,80,False,7.873755384100578,0.007067521239797983,9.502027378806243,18.343563915679503,23.016156506700405,35.83427348466043,0.006748027465582909,47.9854850769043,1.8898440599441528,101,500
0.5,0,81,False,7.865716550932285,0.010830131117645513,9.995353542291632,18.716942399095576,23.141181896063944,35.84189036294334,0.0071476820085373685,48.2933464050293,1.8888663053512573,94,500
0.5,0,82,False,7.866962080172227,0.005907072572873558,9.322606039704835,18.045334307561763,22.93820886581404,35.860654617705805,0.01041054917026119,47.81819152832031,2.8677122592926025,101,500
0.5,0,83,False,7.877815979666234,0.01539066688884684,9.723457918094864,18.361408039133817,23.112621395501627,35.89978123746714,0.02615371497702376,48.13228988647461,2.00557279586792,87,500
0.5,0,84,False,7.876806878761878,0.01172389597956853,9.944011547600413,18.665975207054494,23.155733013897326,35.88013499240576,0.01622022243615137,48.30018997192383,2.268958568572998,99,500
0.5,0,85,False,7.860379309883105,0.0034362745009739477,9.253934936651419,17.86629053902405,22.894699738931447,35.78691904970462,0.006710319144985329,47.66019821166992,2.9782490730285645,94,500
0.5,0,86,False,7.862972361471306,0.005277486667440116,9.859401101771125,18.34262339676406,23.06909062289604,35.8263135331232,0.006246365887927984,48.07485580444336,1.9091970920562744,86,500
0.5,0,87,False,7.867404653474794,0.00918987015675838,9.571805905129363,18.101696124446462,23.013495763136888,35.80302660889536,0.014876607158010757,47.88172149658203,3.123479127883911,116,500
0.5,0,88,False,7.874507886784307,0.005399875779620804,9.707216634450162,18.412424799108877,23.115062279246484,35.89222000632326,0.00732533986210092,48.14365005493164,1.8602358102798462,99,500
0.5,0,89,False,7.866417474953696,0.007380937958487272,9.621197053063343,18.14121793802306,22.94621605110356,35.81190769364846,0.00857050167387793,47.88079071044922,2.2487986087799072,96,500
0.5,0,90,False,7.872460073957051,0.021866005779133776,9.819943990949563,18.532268768063695,23.090294430325805,36.0048217942112,0.03436312714402664,48.28390121459961,2.7482850551605225,95,500
0.5,0,91,False,7.86890990012989,0.012290856913315216,9.795104008818246,18.434539856132222,23.03222339328152,35.8768495880315,0.016806038876948256,48.117733001708984,1.8880820274353027,97,500
0.5,0,92,False,7.86423296458479,0.004883631436396858,9.680672284441622,18.39091198000139,23.09599732939899,35.876759317508125,0.0027554149372464643,48.10771179199219,1.7081804275512695,104,500
0.5,0,93,False,7.868422881925299,0.011008307537762906,9.638442035487275,18.408110403828896,23.048963128206424,35.83475723547286,0.014109976697253898,48.05253219604492,1.9043246507644653,113,500
0.5,0,94,False,7.861436013375854,0.011961936912667396,9.400335699236777,18.04829572239142,23.039060332925644,35.8669616550182,0.01837078392461436,47.88669204711914,2.9459519386291504,100,500
0.5,0,95,False,7.874997362257501,0.007126613102788971,9.885964025190054,18.50783479955709,23.09463286482469,35.83779341926257,0.008776278412416122,48.16631317138672,2.474135160446167,104,500
0.5,0,96,False,7.8714742298788725,0.014744828399627243,9.735081977377497,18.41378454680087,23.10802001513651,35.773615277372734,0.024151124900012366,48.05743408203125,1.9262534379959106,88,500
0.5,0,97,False,7.888344173987041,0.008985239031439123,9.779709866003767,18.63202659782485,23.293230321887485,36.1283209411488,0.017828811212448878,48.50614929199219,3.2712292671203613,103,500
0.5,0,98,True,7.9178457725772216,0.007591416486461178,9.40741197907823,18.713267623935348,23.301119338490306,35.47798949863745,0.0070911977884923535,47.98963165283203,5.171470642089844,118,500
0.5,0,99,False,7.870097753773197,0.012210334688475473,9.684482738998472,18.272017920332463,23.12700786526197,35.8961240286259,0.018305720150082732,48.09336853027344,2.3660731315612793,92,500
0.1,0,0,False,7.882167768293383,0.016588349553951536,8.952007159677198,16.977907786072457,23.71835310810263,36.76393601745827,0.022600787408427348,48.421627044677734,3.244431257247925,90,500
0.1,0,1,False,7.899661657419448,0.007507704128173927,9.029009220902338,17.075656591058593,23.722236584705065,36.83956135974655,0.01187713098783293,48.53246307373047,2.8878848552703857,104,500
0.1,0,2,False,7.881823848241979,0.015807857842880888,9.026350419023785,17.164539115313325,23.757068814802725,37.02239497258458,0.021447454737909454,48.7161750793457,3.4891185760498047,107,500
0.1,0,3,False,7.89672266732455,0.016082665046809327,9.152654241545605,17.125484551371642,23.705581098411326,36.804899338030296,0.01664367937198138,48.5382080078125,3.2022838592529297,97,500
0.1,0,4,False,7.920409225916281,0.006384780532999509,8.634967900951496,16.68991493507148,23.608830862609064,36.77402808143716,0.010008196369682787,48.22397994995117,3.5264360904693604,107,500
0.1,0,5,False,7.9153575524856725,0.009710192562547237,8.98097354427057,16.86657498766945,23.676491834772577,36.81404394464261,0.017607349435248457,48.411109924316406,2.655521869659424,109,500
0.1,0,6,False,7.902532078398197,0.006813202030738655,8.653218993422959,16.67151222771646,23.60823048142598,36.65556162246143,0.012766239136965552,48.12736511230469,3.451159715652466,98,500
0.1,0,7,True,7.9204603292020055,0.007987656810104177,9.07432371602365,16.983784673330565,23.697393483695947,36.319757401803315,0.006353957506843745,48.10628128051758,3.918057441711426,89,500
0.1,0,8,True,7.92140902610318,0.005117959126323817,8.559527884491775,16.573227275321628,23.57423963988742,36.13426134124338,0.009448974458304336,47.66669464111328,4.635194778442383,103,500
0.1,0,9,False,7.918577892507608,0.015589750191514855,8.644313718888107,16.66193673943101,23.591562421988446,36.75144116285361,0.01866370837055476,48.189937591552734,4.06830358505249,90,500
0.1,0,10,False,7.917529204033627,0.01731374895962863,8.980800543898278,16.91376071238461,23.671706982747526,36.70345091780858,0.021754071523866422,48.34148406982422,2.4313013553619385,106,500
0.1,0,11,False,7.9106312519671,0.006925009239096392,8.809550413970099,16.957461018986713,23.68044440342137,36.53213238618756,0.01824145283416798,48.198516845703125,2.568831205368042,96,500
0.1,0,12,False,7.903498940880799,0.0064155609914749575,8.947924911365545,16.971973628293608,23.82331394545332,37.17180448377044,0.020018450710610106,48.78390121459961,3.894500255584717,100,500
0.1,0,13,False,7.899685639612789,0.004807464945431402,9.07642652337202,17.068216928826903,23.713226661539633,36.73211487617097,0.008078755413272324,48.45280838012695,2.5612330436706543,89,500
0.1,0,14,False,7.926086116283778,0.00890352303078656,9.007268178642946,17.18556951096105,23.873456157883254,36.7211563377129,0.016160220372481555,48.5559196472168,3.594757318496704,95,500
0.1,0,15,False,7.892512222077198,0.004535363429652457,8.94179063964057,16.92489339837507,23.656453821227,36.68036523481277,0.008126902668076866,48.30915069580078,2.4146862030029297,105,500
0.1,0,16,False,7.914575267854832,0.0057292136756863085,8.551599141263605,16.485484199607388,23.54744242712679,36.528130202902915,0.011212429683055825,47.91999053955078,4.064828395843506,105,500
0.1,0,17,False,7.885617262379252,0.005879526144732968,8.857122292284535,16.901534858510974,23.695980976945812,36.964165389352246,0.013742089109706935,48.51947021484375,3.495007276535034,119,500
0.1,0,18,False,7.895592696960917,0.00433252174209608,9.125997246079798,17.09122540216162,23.7375817246443,36.90280360692629,0.010553479592548515,48.610923767089844,2.9770185947418213,83,500
0.1,0,19,False,7.879045295623169,0.005578356649309773,8.944768894945057,17.144073230112618,23.778920443453003,37.020705409392626,0.016449963713325865,48.702911376953125,3.595109462738037,95,500
0.1,0,20,False,7.9320745896592815,0.004959530078693159,8.751304670234637,16.72603083814927,23.672679247623606,36.619851136772766,0.013233434914485063,48.173336029052734,4.110909461975098,106,500
0.1,0,21,False,7.90775158300342,0.030435722244509966,9.128711358584571,17.089363517928003,23.670476458634266,36.72766204310642,0.054671037385147905,48.446136474609375,3.020571231842041,93,500
0.1,0,22,False,7.925591419065502,0.01648219492612867,8.836590652907974,16.78260666546081,23.633384000792397,36.611701387372804,0.021648646006230895,48.18193817138672,3.152008295059204,111,500
0.1,0,23,False,7.918405183235538,0.004426777847162863,8.667112870039885,16.688376307079913,23.613529268495125,36.80122711257014,0.009029004039472419,48.25193405151367,3.955927848815918,97,500
0.1,0,24,False,7.904215540560545,0.009671372193273435,8.70865827669086,16.712720720494783,23.625978772368956,36.73480699998112,0.017182350178540876,48.220947265625,2.9834301471710205,101,500
0.1,0,25,False,7.9170532553587805,0.004801688908902924,9.040484943261973,17.243685573228753,23.90278128405583,36.83040585463891,0.008391053724577687,48.67828369140625,3.6785764694213867,110,500
0.1,0,26,False,7.921090110197058,0.017986759167732954,8.988285630020739,16.92609728948229,23.67904242268558,36.630849370466066,0.022855545923729098,48.29625701904297,3.0472941398620605,92,500
0.1,0,27,False,7.886719965828381,0.004995958874006304,9.030953808037887,17.09052100821833,23.71977265408896,36.76316210782396,0.010044369057682545,48.476802825927734,2.8273489475250244,105,500
0.1,0,28,False,7.915403053908505,0.014886661432962175,8.749916631866764,16.72061815154073,23.58714526235266,36.64337786116949,0.022276341018114463,48.144317626953125,3.190791130065918,93,500
0.1,0,29,False,7.923281365144292,0.007298254144217359,8.637850520518345,16.548640650957555,23.558968818697487,36.69429388963559,0.011426240640400263,48.090972900390625,4.060340404510498,98,500
0.1,0,30,True,7.930142764002852,0.01665346101239382,9.191969957293939,17.076636404690507,23.675046317140065,36.333312595121086,0.01699562162883972,48.16215515136719,4.441375255584717,105,500
0.1,0,31,False,7.908905992012601,0.018505416879924668,9.132670670293379,17.00571899168995,23.64713186772388,36.65268655336077,0.0278195623856772,48.350215911865234,3.061791181564331,80,500
0.1,0,32,False,7.902970210468015,0.0064453930334998685,8.803672558108715,16.796647295119577,23.658913600691267,36.72683312870487,0.01193188957109668,48.277225494384766,2.538731098175049,105,500
0.1,0,33,True,7.8965211301783675,0.1394574720308889,8.940234460787769,17.018349570602656,23.622084147515373,36.17865901141243,0.04524695863948229,47.9425048828125,4.890238285064697,80,500
0.1,0,34,False,7.914019428730956,0.003723488463478432,8.947122248200458,17.032790324027825,23.749268580308183,36.86577100701715,0.00706605118526258,48.53770446777344,2.3256356716156006,103,500
0.1,0,35,False,7.900923515992142,0.00505904368982586,8.633506097316813,16.738733424425945,23.621762389852492,36.7222146073279,0.007595090548179659,48.20429229736328,2.316370725631714,95,500
0.1,0,36,False,7.923813890628192,0.01746459981868075,8.993257547326664,16.945960875708327,23.71534879031797,36.53410934451748,0.024614301709532896,48.2491340637207,2.7479665279388428,103,500
0.1,0,37,False,7.896642586639619,0.005384340802112177,9.042585756110885,17.033352892480742,23.68356829911045,36.725173112587726,0.009001864054470489,48.41391372680664,2.8412582874298096,100,500
0.1,0,38,False,7.896178839719402,0.008560044241649417,8.871613812501863,16.836427904841873,23.621559351797142,36.86194250710677,0.013845188147476798,48.3869514465332,2.2677106857299805,86,500
0.1,0,39,False,7.877909306010037,0.006910166421429117,8.79473763690125,16.81741263909945,23.652494514268433,36.626846498048224,0.011380986534287502,48.199562072753906,3.183203935623169,111,500
0.1,0,40,False,7.914954204210336,0.006937371518900891,8.839802364711176,16.89532464188528,23.658495925142848,36.738309254518576,0.008286634504667389,48.32872009277344,1.9861502647399902,103,500
0.1,0,41,False,7.890144007724464,0.00649581257774842,9.043696919795694,17.149679377064412,23.73319407581636,36.80858716008844,0.00888494138216235,48.54160690307617,2.966729164123535,100,500
0.1,0,42,False,7.923113716214799,0.007611138914134904,8.998343667500837,17.110470949772154,23.76426681437321,36.79700726375933,0.011448861682777353,48.5311393737793,2.702260971069336,89,500
0.1,0,43,False,7.905335204252483,0.00936656404096526,8.569159417166619,16.51023385208053,23.511692241771968,36.50635477175179,0.019623964133124675,47.89594268798828,4.244384288787842,85,500
0.1,0,44,False,7.9174059426478705,0.005395508506988464,8.666915257413665,16.60606184359225,23.508793325338484,36.57083200967629,0.006882141165782017,47.99634552001953,3.679351329803467,110,500
0.1,0,45,False,7.921255086028375,0.016649628052630417,8.813586756687378,16.828210100031903,23.671861602508486,36.61034470424658,0.02134379766416056,48.21078872680664,2.661067485809326,98,500
0.1,0,46,False,7.8991462201367275,0.01509775445777861,9.157923989595075,17.187886977891324,23.74404586786571,36.68192363904787,0.015668172487609388,48.48733901977539,3.009092330932617,89,500
0.1,0,47,False,7.906353918248289,0.007024157257263566,9.090751432113654,17.05769342538727,23.824839025659426,36.912968835501594,0.020097668515659375,48.644676208496094,3.3899567127227783,105,500
0.1,0,48,False,7.916434234837718,0.018408736175691512,8.823776914756419,16.842789921828714,23.644151267689548,36.68506739327148,0.026473105680530663,48.26008987426758,2.9016518592834473,111,500
0.1,0,49,False,7.867580679228333,0.006329558207072277,8.87936434897373,16.94301150830658,23.69968453267303,36.86401688739682,0.015768757212730522,48.460655212402344,4.336080551147461,97,500
0.1,0,50,False,7.920584559438588,0.005172447285507476,8.67759213974603,16.792873051401468,23.66581998528642,36.7381484849625,0.007152607166593798,48.26797866821289,3.0595624446868896,116,500
0.1,0,51,False,7.901022588494758,0.005826885766206754,8.780036186962805,16.80819201065609,23.59229554938436,36.65061050235823,0.012079610709027225,48.186004638671875,2.641937494277954,107,500
0.1,0,52,False,7.907486040574596,0.0048084054755049704,8.96357087305055,17.005216480992633,23.665343418450387,36.7538810080215,0.005201121847058365,48.40398406982422,2.320556640625,108,500
0.1,0,53,False,7.920192929296795,0.004783183362904122,8.601285695638689,16.636906741174144,23.59167990450819,36.74058791769716,0.008059516647838025,48.16570281982422,4.445862770080566,109,500
0.1,0,54,True,7.9092142537910455,0.009255273190048208,8.777882780309671,16.856948714885487,23.570776595184405,36.37589182961436,0.014574763280764628,47.98484420776367,3.610779285430908,105,500
0.1,0,55,False,7.9118185383027875,0.00474278489813755,8.792709509413495,16.896772503941293,23.700053404259794,36.77677248038075,0.008761499837694267,48.3697395324707,2.3952152729034424,110,500
0.1,0,56,True,7.906216613789508,0.008239815411452724,9.080940003356245,17.15548245339978,23.719833065617596,36.449818972335144,0.017677886779075003,48.275238037109375,4.562543869018555,104,500
0.1,0,57,False,7.93265231898539,0.00823176226767693,8.985807406638424,17.125113769569303,23.759975535632194,36.34878679424043,0.02227841615421411,48.19447326660156,3.707716941833496,94,500
0.1,0,58,False,7.910109079950292,0.005738649121991198,8.58987777093113,16.544077868891954,23.53355779643191,36.56677442103019,0.014418065076689534,47.96890640258789,4.085874557495117,95,500
0.1,0,59,False,7.914704391868737,0.018641959134382036,8.818818718231638,16.983856549918706,23.75120520296163,36.84506455699505,0.026758387193402615,48.48225784301758,2.6359736919403076,99,500
0.1,0,60,False,7.907972300885328,0.009601953717179318,8.621345871119146,16.601891295564954,23.545106988793975,36.4657447389711,0.014116997512326486,47.92289733886719,4.136634826660156,112,500
0.1,0,61,True,7.896887453572847,0.007279701094081585,8.886615317147482,17.115191254164202,23.66044177429393,36.49324189336646,0.010971758796079489,48.22688293457031,3.971707582473755,93,500
0.1,0,62,False,7.914993804670464,0.007811092179083046,8.954977733368386,16.908816978836217,23.71166015906631,36.7789483016487,0.015332599153759735,48.411537170410156,3.138669013977051,99,500
0.1,0,63,True,7.9216314236967005,0.009802839776631739,8.5186793198911,16.5984714998993,23.542529615910674,36.10476408517194,0.013325472608423492,47.63014221191406,4.826108455657959,94,500
0.1,0,64,False,7.917011875491838,0.007843296810478453,8.709413851396558,16.70866512660899,23.595046386147644,36.66807170374369,0.012131717196866454,48.155818939208984,2.5856382846832275,118,500
0.1,0,65,True,7.933199617746761,0.006069179153680699,8.873105141401435,17.07137820150624,23.684961350829855,36.19394605162707,0.00863706296142099,48.00078201293945,3.3476645946502686,108,500
0.1,0,66,False,7.89483913546068,0.005283216791357832,9.106551179608656,17.114313866269626,23.737895695258203,36.878251686135194,0.010577202756866369,48.59678649902344,3.415299415588379,97,500
0.1,0,67,False,7.896765381471512,0.018649246173316078,8.945993102530414,17.12361104824604,23.73029658896295,36.71523153223956,0.031023021045553153,48.443050384521484,2.961658477783203,108,500
0.1,0,68,False,7.919843257273961,0.0070925091676904695,8.629126029344075,16.587586268160223,23.60788303713788,36.740859071936605,0.010078101814715884,48.1617431640625,4.270257472991943,99,500
0.1,0,69,False,7.897469321621826,0.007428273995978767,9.113759298489526,17.12751388069439,23.67890231153817,36.762033411673606,0.01099440130613956,48.486244201660156,2.400118589401245,100,500
0.1,0,70,False,7.901467872518437,0.006961095066473407,9.175243403302186,17.183050059814025,23.70280868211417,36.82137496663906,0.007091513034822051,48.57477951049805,2.985405445098877,86,500
0.1,0,71,False,7.911408588974204,0.005574892932599339,8.677310418563486,16.707096438232153,23.640601044993574,36.86387982592589,0.01041840972810338,48.320125579833984,3.866227865219116,84,500
0.1,0,72,False,7.898347488573378,0.005518253304094698,8.842671136018957,16.928534864943877,23.69455939545762,36.69205813334977,0.011530139899747924,48.32068634033203,2.2610580921173096,107,500
0.1,0,73,False,7.90679172405226,0.006419194504426801,8.835480955887935,16.97390490594572,23.688620707597426,36.751121989155884,0.008322094249907692,48.37860870361328,2.2151875495910645,93,500
0.1,0,74,False,7.920479336932608,0.004763115465550961,8.597897337819033,16.6830661288683,23.600857372029548,36.715240754234564,0.014445007568376743,48.166263580322266,2.9882822036743164,101,500
0.1,0,75,False,7.913441638844521,0.018057623706740324,9.105641396624094,17.290905132051115,23.912702506222992,36.65136445699264,0.02754921041794026,48.57612609863281,4.05456018447876,97,500
0.1,0,76,False,7.907663128581571,0.015581218655260541,8.9070089252321,16.96369006855247,23.687544260980765,36.69793286495415,0.016314024575125926,48.3473014831543,2.2508702278137207,105,500
0.1,0,77,False,7.890407625830059,0.006719599519971325,8.76954464548549,16.821820474029536,23.619991374106846,36.620828233255665,0.011060763071332422,48.17802429199219,2.945831775665283,109,500
0.1,0,78,False,7.947577593425524,0.016834200684571428,9.006414539129727,17.173672545949387,23.754398855455765,36.24936807329071,0.026416362133427705,48.14032745361328,4.461292266845703,97,500
0.1,0,79,False,7.907255626604794,0.004997216654052617,9.04804667313991,17.174239007186067,23.848974432765772,36.818436292664565,0.01030360253785047,48.61806106567383,3.562235116958618,111,500
0.1,0,80,False,7.893994183795738,0.005563997505116395,9.014305700739687,17.05060927055894,23.722266607921277,36.9043875328485,0.00838424586660668,48.56927490234375,2.7147560119628906,101,500
0.1,0,81,False,7.922528238798028,0.006410134527666067,9.015684096420275,17.212130009483953,23.90017319482706,36.57343366594777,0.009236579517866021,48.46788787841797,3.405322551727295,94,500
0.1,0,82,False,7.880890572496798,0.004652582035710575,8.9545384649428,17.036847660341756,23.708336990933816,36.81235384280059,0.007706191366966105,48.474517822265625,2.865734815597534,101,500
0.1,0,83,False,7.897267501865928,0.0212668862791263,8.902666291364115,17.040259872385477,23.718829287197046,36.74746811771931,0.035429303397713365,48.42455291748047,2.6556568145751953,87,500
0.1,0,84,False,7.92064040907429,0.006775185057179849,8.938565195553796,16.96684073374616,23.658813074653008,36.68215140798727,0.011300611618605976,48.330360412597656,2.403088092803955,99,500
0.1,0,85,False,7.923964581761446,0.009639749047683065,8.79718840409744,16.87927194403752,23.662643474982143,36.595064653627915,0.009603948160080906,48.209999084472656,2.366887331008911,94,500
0.1,0,86,False,7.906629046769987,0.005740955895412119,8.791578798553699,16.81755595992098,23.61669819285369,36.788014929110716,0.005216653124437954,48.30880355834961,2.1185739040374756,86,500
0.1,0,87,False,7.9237986872734805,0.008521063313096917,8.663995992905864,16.662652430556555,23.55309765698209,36.769954313518014,0.018425294504441258,48.1899299621582,3.7345223426818848,116,500
0.1,0,88,False,7.909240277792209,0.004507503294471297,8.825089977012794,16.9612346488685,23.65285237471727,36.61696500906297,0.013537164931504348,48.25328063964844,2.3365731239318848,99,500
0.1,0,89,False,7.897643169622809,0.007979685644776913,9.015664316159597,17.026916004445752,23.784434705398738,37.105590452032544,0.017879184389356585,48.74516296386719,3.406691551208496,96,500
0.1,0,90,False,7.910471114026171,0.030741090518666244,8.816898993585905,16.76086033940213,23.59606828434206,36.77687461345082,0.045386444745360834,48.27549362182617,2.484050989151001,95,500
0.1,0,91,False,7.927045320882567,0.018736034646306108,9.035088075413158,17.153143355493043,23.748200059946125,36.519706979599746,0.026958293336163137,48.33583450317383,2.916879177093506,97,500
0.1,0,92,False,7.912410785430477,0.003889903683240445,9.12845151202798,16.99391821969721,23.683554431514715,36.816885364275535,0.00624402460846636,48.48835372924805,3.1731417179107666,104,500
0.1,0,93,False,7.922331052929139,0.015461682374434236,8.91848717976845,16.935031227456854,23.701795845151477,36.60107174979256,0.016701695968454815,48.27527618408203,2.466470718383789,113,500
0.1,0,94,False,7.888466897290944,0.017394183791312044,8.739096643697678,16.822106167309315,23.62113249648837,36.65793868768162,0.025496486222295642,48.20098114013672,3.245607376098633,100,500
0.1,0,95,False,7.9211553368044605,0.006848938640070144,8.703421974406574,16.683002332323635,23.600491286449717,36.79964949235357,0.012234072508457578,48.24946594238281,4.094184398651123,104,500
0.1,0,96,False,7.9228707840746395,0.01974690042195983,8.99533536872387,17.12580074200294,23.825450965372525,36.645837984430884,0.030868866188567583,48.45136642456055,2.780604362487793,88,500
0.1,0,97,False,7.912900603090774,0.007662713965120469,8.849729950663237,17.047644102083616,23.67542733054975,36.64160216314569,0.014348839763604347,48.31856155395508,2.6424052715301514,103,500
0.1,0,98,True,7.931020222560178,0.00601661993115102,9.018921318889314,17.05353453568287,23.69676597767809,36.21548961381198,0.009223347757388698,48.04332733154297,4.049750328063965,118,500
0.1,0,99,False,7.877523132516945,0.015878836714028087,8.945277204643034,17.084963523258402,23.788078308722095,37.139798662447674,0.02517276821338311,48.777008056640625,4.0008368492126465,92,500
0.05,0,0,False,7.901530707183899,0.013309711094558904,8.399793612451978,17.445831126362155,23.380380516499546,37.15400619256796,0.02058213972117666,48.625144958496094,2.4606740474700928,90,500
0.05,0,1,False,7.936794632166767,0.0099327999831311,8.082859618277887,17.009872042518392,23.08264799772806,36.553919025319026,0.017003250486066098,47.81898498535156,6.018338680267334,104,500
0.05,0,2,False,7.936598219671166,0.0123997724816946,8.203123420521997,17.23382233139108,23.280030911749044,36.92210233990763,0.020270867846930326,48.2957649230957,3.3940930366516113,107,500
0.05,0,3,False,7.924079487184355,0.015742268865306427,8.268623869424042,17.319903529789446,23.34753898140781,37.06960689590155,0.022836507155089215,48.480892181396484,2.8715450763702393,97,500
0.05,0,4,False,7.898658701235759,0.009364142827279721,8.39285457449571,17.363177913535438,23.387114072714304,37.200802956179594,0.016748690759908546,48.632938385009766,3.3652820587158203,107,500
0.05,0,5,False,7.9326210801527,0.005942542024315617,8.283748929887544,17.315669103593493,23.344619428735683,37.01009138267554,0.007979892423522018,48.43651580810547,3.061129570007324,109,500
0.05,0,6,False,7.923782928653833,0.01167192142705863,8.141761155687739,17.152854107057532,23.1595873398719,36.67369983528809,0.014304883355017667,48.006439208984375,4.816918849945068,98,500
0.05,0,7,True,7.931388213146032,0.014608808397459079,8.44543909169556,17.468304223767635,23.368518711104986,35.84639673599876,0.027808584698551478,47.64889907836914,5.007077217102051,89,500
0.05,0,8,True,7.951642480021839,0.028614147680919556,8.461594773895516,17.36220078848859,23.427954330289836,36.09909105952087,0.021704440008979968,47.83579635620117,5.453256130218506,103,500
0.05,0,9,False,7.9263446677167,0.012016530110341681,8.361232081004909,17.33436784074931,23.360403395625887,36.98299445403337,0.03162718687307991,48.44233703613281,2.974081516265869,90,500
0.05,0,10,False,7.907453508054219,0.017102076205739107,8.400667791804493,17.489151827945285,23.331986512251127,36.79167074597261,0.02594511156107579,48.34221649169922,3.385871410369873,106,500
0.05,0,11,False,7.919959378888647,0.009319595850800087,8.396038375072708,17.42107079871727,23.408196847995505,36.83141253862295,0.013567375406743139,48.38601303100586,2.748420238494873,96,500
0.05,0,12,False,7.901443290603261,0.006956593104062207,8.485291039864448,17.478173233409702,23.401719154394314,36.9788081506113,0.009180783714659772,48.52824020385742,3.509152889251709,100,500
0.05,0,13,False,7.920420519962707,0.008380080293801946,8.388322735350748,17.41777308439339,23.407600817774465,36.742069172931224,0.01114289279308583,48.3152961730957,2.8199565410614014,89,500
0.05,0,14,False,7.905149344117662,0.00934284701696677,8.355562204468793,17.312695685061012,23.312047742556352,37.13353013195601,0.018304587113899956,48.52199172973633,3.008415460586548,95,500
0.05,0,15,False,7.913406687109621,0.007526857127162541,8.299564500659056,17.34162087353778,23.35028042631726,37.165532994680035,0.009064432324795278,48.566932678222656,2.5647833347320557,105,500
0.05,0,16,False,7.918264626280549,0.005464707949929992,8.383707697373032,17.468559162740203,23.450894954637885,36.96593434344554,0.006456607842318724,48.523799896240234,2.3631367683410645,105,500
0.05,0,17,False,7.925721342669764,0.006731605127162887,8.28640454487844,17.333578187095583,23.421910049654976,37.2827342534461,0.010712865227608021,48.687992095947266,3.119770050048828,119,500
0.05,0,18,False,7.924944534525083,0.007575873040797252,8.430296211893031,17.626284878928153,23.544399076833706,36.089226940022364,0.013148579522380712,47.972164154052734,4.0210347175598145,83,500
0.05,0,19,False,7.9032565474545065,0.007538989883126245,8.3328459230371,17.35215864338497,23.311786941514637,37.17489334420849,0.010371609540276768,48.563419342041016,2.6413607597351074,95,500
0.05,0,20,False,7.8994951436181,0.007061555903764617,8.285814401152912,17.348580888863207,23.32144530811423,36.96677288544433,0.007277954868905405,48.39897918701172,3.9866652488708496,106,500
0.05,0,21,False,7.947559399775434,0.04777320703854809,8.281467519683439,17.16468235951911,23.13560184442976,35.97642773823099,0.05785573184156238,47.495792388916016,9.290695190429688,93,500
0.05,0,22,False,7.941100300413381,0.015843822382915842,8.255588285097803,17.188328973588984,23.197394969791443,36.05393590133206,0.026131982061553708,47.588375091552734,8.546208381652832,111,500
0.05,0,23,False,7.926793118932,0.0074027031183608255,8.431795851226896,17.461500782322616,23.374329618935466,35.89033689368428,0.020654481767903826,47.67921447753906,5.154669284820557,97,500
0.05,0,24,False,7.90254013611362,0.011057897413857442,8.324466640516206,17.291641027193716,23.374289421190046,37.14336972131475,0.01874915884065659,48.54617691040039,2.803572654724121,101,500
0.05,0,25,False,7.935701598758168,0.0056456069669922615,8.193679787620376,17.31233661127279,23.381345089907953,37.1769873250483,0.008808928448512202,48.56585693359375,3.533357620239258,110,500
0.05,0,26,False,7.940098132669907,0.015518963962259364,8.267563770161772,17.19333469126399,23.21015050893865,36.182009304013384,0.02395674471037792,47.695404052734375,7.1912617683410645,92,500
0.05,0,27,False,7.925837040456185,0.003898213616308249,8.50516152950713,17.61620270694409,23.513989964859306,36.161733473567004,0.007202840106639873,48.0214958190918,4.064259052276611,105,500
0.05,0,28,False,7.901664088518149,0.010315736339342583,8.369109837893308,17.317577007804186,23.38409337281448,37.15938160579304,0.019553064348990925,48.57988739013672,2.6765589714050293,93,500
0.05,0,29,False,7.905156295030966,0.007186564409789352,8.3111005219654,17.333801797031835,23.295762067232733,37.20008875896236,0.013969157606818914,48.565040588378906,2.6756210327148438,98,500
0.05,0,30,True,7.925958207487701,0.00885835500786314,8.538451734376215,17.544873994465522,23.407002677533214,36.98008351251573,0.011851134181021829,48.56912612915039,4.1477952003479,105,500
0.05,0,31,False,7.913402291181059,0.016498363251078268,8.372467830127908,17.400279134652365,23.344145885801442,36.98744627991964,0.024459658351456373,48.46135330200195,3.0199692249298096,80,500
0.05,0,32,False,7.908564615125312,0.00961074385461586,8.315808271950244,17.376729095234094,23.370468777830684,37.08351694458414,0.0143096355685667,48.52846145629883,2.6926441192626953,105,500
0.05,0,33,True,7.9236455261163075,0.02232923065330082,8.4382149886978,17.423411824966497,23.35474079055418,36.83996102377172,0.02258070151853615,48.37541198730469,3.6427834033966064,80,500
0.05,0,34,False,7.929917546632608,0.0067130342963920685,8.24640966607716,17.250897682918072,23.342289214150274,37.0064871618917,0.010374743585244095,48.40270233154297,3.3341567516326904,103,500
0.05,0,35,False,7.9257679041885964,0.010015439178866652,8.382691201228713,17.431321747229084,23.472202465931105,36.99660932837539,0.01209451294371104,48.54509735107422,3.199700117111206,95,500
0.05,0,36,False,7.941244526204763,0.01649770083944599,8.36484725707377,17.367340783732864,23.305376027385464,35.487517006076935,0.028655611344846135,47.29855728149414,5.344479560852051,103,500
0.05,0,37,False,7.931455792732457,0.007108872331675056,8.270240337215519,17.3492731090523,23.337149340462098,36.69313576385893,0.010476177675606184,48.20071792602539,2.738734722137451,100,500
0.05,0,38,False,7.933199667052905,0.010425170167841408,8.248136903724568,17.259506752346397,23.37021128683355,37.0350533514109,0.02199921751898684,48.44187545776367,3.289288282394409,86,500
0.05,0,39,False,7.922965090895226,0.011059756730047476,8.210338216948502,17.185448664518457,23.296464107506196,37.07764619916231,0.011392053952974627,48.404518127441406,3.169250011444092,111,500
0.05,0,40,False,7.906412544671662,0.011139503881540357,8.295564679612932,17.415798827517666,23.34567602731801,37.04289264406198,0.014357790938085018,48.495689392089844,2.876032829284668,103,500
0.05,0,41,False,7.908186672982145,0.008399388642705615,8.422293673023974,17.428467558373853,23.363626369171918,37.00191852164489,0.011103015291210296,48.49973678588867,2.8049254417419434,100,500
0.05,0,42,False,7.897508468003758,0.011487063791365736,8.418840523983699,17.464836902179364,23.327928398139033,36.881690197910125,0.013075691914263571,48.40161895751953,4.912951946258545,89,500
0.05,0,43,False,7.903580691348272,0.010947991745004873,8.515326674597064,17.481433798741005,23.335029477522777,36.39584577444022,0.01950199488713843,48.059913635253906,4.741916179656982,85,500
0.05,0,44,False,7.928999404461488,0.00463690182832887,8.521338680149896,17.615482556609425,23.539182663267905,36.84066142258185,0.004205467145731414,48.55010986328125,3.2954537868499756,110,500
0.05,0,45,False,7.889860306407125,0.01576277131220119,8.387194539655479,17.49636914547589,23.352532319366215,36.898243929130146,0.024932915793907145,48.43070602416992,4.5408782958984375,98,500
0.05,0,46,False,7.899931759233987,0.012893553174572138,8.389105004612672,17.349137301980086,23.334413274535404,37.14735012571244,0.02395399729491469,48.56124496459961,2.9454543590545654,89,500
0.05,0,47,False,7.8927415426357035,0.010397376053981267,8.487244142753804,17.540175652383716,23.351574543183204,36.965847033996496,0.011877824214434516,48.515499114990234,4.510316371917725,105,500
0.05,0,48,False,7.920530693275696,0.017960229147803743,8.474750483278232,17.486774991271712,23.448295197255153,36.801007785233516,0.03149012117735196,48.41972732543945,3.708860397338867,111,500
0.05,0,49,False,7.893793312485886,0.00990262824523115,8.370008968128202,17.50161653696677,23.414890275266913,36.86275286596613,0.014301514577833723,48.433372497558594,3.933894157409668,97,500
0.05,0,50,False,7.9058614322484955,0.004779762395636421,8.419615794559956,17.43484247418477,23.36667100831599,37.14544128531878,0.0066820525445320765,48.61223602294922,3.1840500831604004,116,500
0.05,0,51,False,7.932599942682747,0.007567885166740045,8.105895388909698,17.07003844232471,23.170871917604316,36.739506892885785,0.010843003987974973,48.028072357177734,5.467004776000977,107,500
0.05,0,52,False,7.928269297053867,0.006653679566249639,8.42905449184004,17.62624756773162,23.554499643269864,36.778700852326395,0.006338765046703405,48.498207092285156,3.320462465286255,108,500
0.05,0,53,False,7.9032174210595345,0.005443048852922975,8.426782570926433,17.353920328631048,23.31808821097336,37.1863242485509,0.009405061955866538,48.592018127441406,2.909243106842041,109,500
0.05,0,54,True,7.944519791119816,0.011283336082338431,8.56593018675487,17.543782508351725,23.494518008881823,36.779708436729805,0.024475243276578466,48.46656799316406,4.211793422698975,105,500
0.05,0,55,False,7.9439130427854705,0.006376405121633658,8.41373311358953,17.482497529967734,23.34292886472993,34.780404364211286,0.01261302057403104,46.84123229980469,6.429995536804199,110,500
0.05,0,56,True,7.94648371140804,0.007471287889906564,8.596489908709643,17.720435278595122,23.542939175308764,36.0376170738926,0.009356865448836788,48.00039291381836,4.423839569091797,104,500
0.05,0,57,False,7.944768795373172,0.010176942780418637,8.362325832137472,17.459820995119983,23.338544461892283,34.90921836950252,0.019169754005994563,46.917266845703125,6.159698963165283,94,500
0.05,0,58,False,7.931272805822183,0.008938537794761139,8.370835394998938,17.488789897472696,23.392345051621177,35.70718233384392,0.01633534429167824,47.55034637451172,4.569079399108887,95,500
0.05,0,59,False,7.93046064741878,0.019003389106204575,8.241848811271689,17.220046585777432,23.28794549663913,36.92810759673321,0.03186782387906967,48.30479431152344,3.1353437900543213,99,500
0.05,0,60,False,7.934517031916212,0.010090901803839716,8.269819757883104,17.2776431440931,23.335239546742987,37.07745685928104,0.017580351635082293,48.46783447265625,3.3924427032470703,112,500
0.05,0,61,True,7.926451431449744,0.008767747032446723,8.374637359127572,17.348081006049775,23.309138790834492,36.6481056967425,0.011709576782241894,48.16965103149414,4.398248195648193,93,500
0.05,0,62,False,7.938883183141033,0.007521111729416537,8.424582302026216,17.453455261141915,23.36473512135814,36.2981609682811,0.0191078948137744,47.98005676269531,3.3209261894226074,99,500
0.05,0,63,True,7.935377206004877,0.01155163146612678,8.49819294494666,17.534617011700636,23.42723501096037,36.74712194723615,0.011771701909761838,48.392494201660156,3.5300493240356445,94,500
0.05,0,64,False,7.894694157693367,0.010651374588987668,8.449497906887965,17.541977742531188,23.421174811831584,37.04458805501564,0.013985109977847276,48.603416442871094,4.58372163772583,118,500
0.05,0,65,True,7.940543847042793,0.006892563404224676,8.249729385923196,17.242157327389616,23.43251267898136,36.87099302711371,0.009682428334569847,48.342037200927734,3.432931900024414,108,500
0.05,0,66,False,7.9277058737374775,0.006023304910018403,8.490719973377725,17.63634956082146,23.57190560378316,36.85339298254329,0.006870852099839987,48.57764434814453,3.0672359466552734,97,500
0.05,0,67,False,7.929018845107797,0.019943841459525727,8.412884122127283,17.404882159346876,23.394420109824576,36.94955523706446,0.03390195249667871,48.467838287353516,3.205296754837036,108,500
0.05,0,68,False,7.925700143556083,0.008530712660223256,8.144332695016523,17.086946434336948,23.148155846858252,36.60039983144549,0.012855822353083097,47.92216873168945,6.076547145843506,99,500
0.05,0,69,False,7.935346158404729,0.010413815769776092,8.103631925876229,17.05486225413812,23.118652832134316,36.62687713717553,0.017005957302022045,47.91141128540039,6.288173675537109,100,500
0.05,0,70,False,7.9186383048029345,0.01136143653611989,8.410310311073333,17.48209866934619,23.521936982796653,36.9154033992833,0.018600028537932085,48.52922439575195,2.7679381370544434,86,500
0.05,0,71,False,7.912335176242718,0.006176988228450626,8.457378354872995,17.592579866641913,23.492632988494133,36.974390594698555,0.006165077561126323,48.60697937011719,2.7162163257598877,84,500
0.05,0,72,False,7.9211792358171005,0.008306235912412321,8.345553902850142,17.44886618287804,23.395496531310002,36.96715054808929,0.016337216741453046,48.48475646972656,2.474569320678711,107,500
0.05,0,73,False,7.918243064231263,0.008816127695374194,8.432061718494799,17.459799268027812,23.416681277259947,37.081695390676465,0.00845053696476785,48.600746154785156,2.4722793102264404,93,500
0.05,0,74,False,7.93436738585159,0.0072861916097802775,8.103807377471075,17.07255672496546,23.16145187185614,36.59225544178222,0.011114694727145505,47.91181945800781,5.788339614868164,101,500
0.05,0,75,False,7.932322334990866,0.01751223274174825,8.244352263521803,17.242226035086865,23.304006943542273,36.94136398127434,0.030482144132085817,48.33131408691406,3.3914406299591064,97,500
0.05,0,76,False,7.910870340398629,0.013043285609762416,8.239192012849324,17.284254094955923,23.316812835160334,37.13663055194928,0.02027259411855375,48.49751663208008,2.6974782943725586,105,500
0.05,0,77,False,7.9268664857455775,0.008904532215397602,8.28210509196059,17.224323324474863,23.289467571239616,36.892348250424234,0.014829758539334366,48.286102294921875,3.982475996017456,109,500
0.05,0,78,False,7.921243090321815,0.014606970965206766,8.421761758444742,17.44285712312012,23.41361794851866,36.81545318715682,0.03191846600739831,48.38896560668945,3.7877776622772217,97,500
0.05,0,79,False,7.890891889269842,0.0065236342387598855,8.37222502046079,17.38515860231882,23.385330464807122,37.2819054561091,0.009825520495516223,48.69719314575195,3.1842896938323975,111,500
0.05,0,80,False,7.9095071896008315,0.007401074063747564,8.4616422002027,17.49158998514792,23.383979367785034,36.79948600200159,0.011176151373840471,48.38518524169922,3.497191905975342,101,500
0.05,0,81,False,7.920384617656071,0.0072446974043697335,8.46617057335661,17.51058840014474,23.415353771950006,36.71849996691283,0.0060901550352598,48.3482551574707,2.647218704223633,94,500
0.05,0,82,False,7.926271652797607,0.006564322586444268,8.532831735195515,17.71028577122025,23.581785387031353,35.99409983200419,0.01001107475745907,47.96834945678711,4.445583343505859,101,500
0.05,0,83,False,7.940301629505706,0.02351464425343625,8.340378220108647,17.442277852640416,23.365507887329976,34.555496185960784,0.039616761317153276,46.65678024291992,6.184552192687988,87,500
0.05,0,84,False,7.931765016408411,0.009631004647697046,8.386577444203839,17.343093055209923,23.3672449631769,36.99202992779006,0.015698975503182094,48.46096420288086,2.795637845993042,99,500
0.05,0,85,False,7.887015332884701,0.006176107380851275,8.384866525267308,17.4960129665413,23.333905096968916,36.929329300401456,0.008900323868816857,48.44446563720703,4.826828479766846,94,500
0.05,0,86,False,7.946734003748689,0.00940627267406965,8.42315826159668,17.467879824026994,23.30582851690918,34.34486558615964,0.018538534288553548,46.4968376159668,7.300436019897461,86,500
0.05,0,87,False,7.925796654950885,0.009780024551761454,8.30278294277243,17.299644795662918,23.340236152856008,37.0609311307461,0.01780046602001823,48.46965026855469,2.9281094074249268,116,500
0.05,0,88,False,7.921926461801279,0.007497145034022762,8.370364202880342,17.460480961041043,23.393965249905268,36.1809507020231,0.020435568253346397,47.89598083496094,4.030740737915039,99,500
0.05,0,89,False,7.931990461001333,0.00949837519683519,8.098319951374423,17.104782837690784,23.155640715647372,36.652415555528854,0.01153801685621066,47.965118408203125,4.692648410797119,96,500
0.05,0,90,False,7.933272314392134,0.0411199423859894,8.306819699864342,17.230984601871626,23.334033720204857,36.88538102446969,0.04815211833611321,48.30918502807617,3.0071194171905518,95,500
0.05,0,91,False,7.92158235600974,0.015790934608183226,8.482013475897237,17.444869527443334,23.392240075357314,36.58532299241542,0.034581692393036274,48.215065002441406,3.8562519550323486,97,500
0.05,0,92,False,7.9118769891003975,0.008134673542815846,8.303022412444465,17.341871240601208,23.35871589042256,37.19231672492355,0.009706671530596593,48.591915130615234,3.398132562637329,104,500
0.05,0,93,False,7.9060815064754175,0.013659827424892216,8.412833868842917,17.544423046162404,23.420738496486702,37.00561377998123,0.02111611171272844,48.5698356628418,3.1427998542785645,113,500
0.05,0,94,False,7.909195220400716,0.016565561704610498,8.394609888816232,17.39669380201363,23.331226265524684,36.96024886408751,0.027491193562868523,48.43620300292969,3.3702850341796875,100,500
0.05,0,95,False,7.923412259429707,0.01018991006169312,8.370607512848677,17.428285998860236,23.345299328344634,35.73987317844873,0.023481346878016222,47.528202056884766,5.257639408111572,104,500
0.05,0,96,False,7.90414771676159,0.02274890996245973,8.506439263863442,17.517953974177903,23.386697264992787,36.958832362735144,0.03470751510641886,48.52414321899414,3.4219818115234375,88,500
0.05,0,97,False,7.918046397622151,0.008272625965839452,8.419346758448906,17.43927383909097,23.454786291416333,36.92452328650604,0.021808700902731466,48.48971939086914,3.797962188720703,103,500
0.05,0,98,True,7.977508407573101,0.009415015596182076,8.448327409055421,17.338448074949135,23.41356312146339,35.652219089118496,0.011719381247506393,47.48589324951172,8.76175308227539,118,500
0.05,0,99,False,7.895088035073492,0.01545067158898599,8.400115306204453,17.49101427382199,23.38653366290295,36.917588839790895,0.0260080932978317,48.46298599243164,4.538820743560791,92,500
