alpha,seed,client_id,is_malicious,n_valid_classes,M_nan_fraction,n_valid_t_columns,A_observable,A_mean_t_variant
1.0,0,0,False,10,0.0,10,-0.3496429920196533,-2.1109254360198975
1.0,0,1,False,10,0.0,10,0.4577016830444336,-0.8436428308486938
1.0,0,2,False,10,0.0,10,-0.43073031306266785,-0.9444876909255981
1.0,0,3,False,9,0.10000000149011612,10,-1.9348089694976807,-3.17207670211792
1.0,0,4,False,9,0.10000000149011612,10,0.7697441577911377,-1.4612722396850586
1.0,0,5,False,10,0.0,10,-0.3686071038246155,-1.1841484308242798
1.0,0,6,False,9,0.10000000149011612,10,0.45784229040145874,-1.2371363639831543
1.0,0,7,True,9,0.10000000149011612,10,-0.547483503818512,-1.811012625694275
1.0,0,8,True,10,0.0,10,0.19152367115020752,-1.0499989986419678
1.0,0,9,False,8,0.20000000298023224,10,0.7450070381164551,-0.547328531742096
1.0,0,10,False,9,0.10000000149011612,10,-0.1767873764038086,-1.5569937229156494
1.0,0,11,False,10,0.0,10,-0.834355890750885,-2.165963888168335
1.0,0,12,False,8,0.20000000298023224,10,-0.2239445447921753,-2.39469575881958
1.0,0,13,False,9,0.10000000149011612,10,1.35540771484375,0.45432811975479126
1.0,0,14,False,10,0.0,10,0.0061858296394348145,-1.2408452033996582
1.0,0,15,False,9,0.10000000149011612,10,0.4297230839729309,-1.2142722606658936
1.0,0,16,False,10,0.0,10,-0.7422323226928711,-1.579712152481079
1.0,0,17,False,10,0.0,10,-0.1503593921661377,-1.2921735048294067
1.0,0,18,False,10,0.0,10,-1.7803950309753418,-3.669825792312622
1.0,0,19,False,10,0.0,10,0.17899179458618164,-0.8582116961479187
1.0,0,20,False,10,0.0,10,0.06026184558868408,-2.5758535861968994
1.0,0,21,False,10,0.0,10,-0.23627054691314697,-1.6984310150146484
1.0,0,22,False,10,0.0,10,-0.6452690958976746,-1.6034730672836304
1.0,0,23,False,10,0.0,10,-0.7814918756484985,-1.5287777185440063
1.0,0,24,False,10,0.0,10,0.024823486804962158,-1.5593539476394653
1.0,0,25,False,9,0.10000000149011612,10,-0.41221392154693604,-1.6317071914672852
1.0,0,26,False,10,0.0,10,-0.6319620013237,-1.3553857803344727
1.0,0,27,False,10,0.0,10,-0.04640227556228638,-1.4043850898742676
1.0,0,28,False,10,0.0,10,0.5700970888137817,-0.9825013279914856
1.0,0,29,False,10,0.0,10,-0.294330894947052,-1.179372787475586
1.0,0,30,True,9,0.10000000149011612,10,-1.0074063539505005,-1.5247106552124023
1.0,0,31,False,10,0.0,10,0.45212602615356445,-0.6182528734207153
1.0,0,32,False,10,0.0,10,-0.1584898829460144,-1.1509127616882324
1.0,0,33,True,9,0.10000000149011612,10,-0.9459346532821655,-1.380080223083496
1.0,0,34,False,10,0.0,10,0.15323138236999512,-1.0621180534362793
1.0,0,35,False,9,0.10000000149011612,10,0.29781848192214966,-1.0244381427764893
1.0,0,36,False,10,0.0,10,-0.7416256666183472,-1.5260958671569824
1.0,0,37,False,10,0.0,10,-0.5151978731155396,-1.520890712738037
1.0,0,38,False,10,0.0,10,-0.3473271131515503,-2.8622944355010986
1.0,0,39,False,10,0.0,10,0.15819871425628662,-1.1444926261901855
1.0,0,40,False,10,0.0,10,-0.3253600597381592,-1.7922481298446655
1.0,0,41,False,10,0.0,10,-0.621695339679718,-1.6669795513153076
1.0,0,42,False,10,0.0,10,-1.3961607217788696,-2.122133255004883
1.0,0,43,False,9,0.10000000149011612,10,0.8487091064453125,-0.6110780835151672
1.0,0,44,False,9,0.10000000149011612,10,0.06341791152954102,-0.9509897232055664
1.0,0,45,False,9,0.10000000149011612,10,0.21457159519195557,-1.5904455184936523
1.0,0,46,False,10,0.0,10,-0.48887234926223755,-1.7711830139160156
1.0,0,47,False,10,0.0,10,-0.6573630571365356,-1.755523920059204
1.0,0,48,False,10,0.0,10,-0.9873987436294556,-1.990289330482483
1.0,0,49,False,10,0.0,10,-0.437238484621048,-1.9454063177108765
1.0,0,50,False,10,0.0,10,-0.05701380968093872,-1.1942265033721924
1.0,0,51,False,10,0.0,10,-0.9982802867889404,-1.9899965524673462
1.0,0,52,False,10,0.0,10,-0.038314223289489746,-1.1823701858520508
1.0,0,53,False,9,0.10000000149011612,10,-1.3884916305541992,-2.8842320442199707
1.0,0,54,True,10,0.0,10,0.7441666126251221,-1.0565178394317627
1.0,0,55,False,10,0.0,10,-1.3909552097320557,-3.121492624282837
1.0,0,56,True,10,0.0,10,1.2632983922958374,-0.6853387951850891
1.0,0,57,False,10,0.0,10,-0.36358991265296936,-1.431671142578125
1.0,0,58,False,9,0.10000000149011612,10,0.28719788789749146,-0.6664651036262512
1.0,0,59,False,10,0.0,10,-0.4345475435256958,-1.5385154485702515
1.0,0,60,False,9,0.10000000149011612,10,-0.2985173463821411,-1.311429738998413
1.0,0,61,True,9,0.10000000149011612,10,1.2642102241516113,-1.2481715679168701
1.0,0,62,False,10,0.0,10,1.9221899509429932,-2.1220712661743164
1.0,0,63,True,10,0.0,10,1.4595470428466797,-0.9983129501342773
1.0,0,64,False,10,0.0,10,-0.48828816413879395,-1.3063993453979492
1.0,0,65,True,9,0.10000000149011612,10,-0.9913196563720703,-2.7117207050323486
1.0,0,66,False,9,0.10000000149011612,10,0.25168561935424805,-2.5798258781433105
1.0,0,67,False,9,0.10000000149011612,10,-0.6149463653564453,-1.818375587463379
1.0,0,68,False,10,0.0,10,-0.8163294792175293,-1.5669286251068115
1.0,0,69,False,10,0.0,10,-0.4518589377403259,-1.3424423933029175
1.0,0,70,False,9,0.10000000149011612,10,-0.057847023010253906,-1.5011829137802124
1.0,0,71,False,10,0.0,10,0.011665046215057373,-1.197243094444275
1.0,0,72,False,10,0.0,10,-0.5321505665779114,-0.994947612285614
1.0,0,73,False,9,0.10000000149011612,10,0.2380533218383789,-1.3967194557189941
1.0,0,74,False,9,0.10000000149011612,10,0.276760458946228,-1.6179978847503662
1.0,0,75,False,10,0.0,10,-1.0927890539169312,-2.5017223358154297
1.0,0,76,False,8,0.20000000298023224,10,0.8682479858398438,-1.022559404373169
1.0,0,77,False,10,0.0,10,-0.02986621856689453,-1.3687360286712646
1.0,0,78,False,10,0.0,10,-0.09273397922515869,-0.950524628162384
1.0,0,79,False,9,0.10000000149011612,10,-0.12470579147338867,-1.4473038911819458
1.0,0,80,False,10,0.0,10,-1.2360175848007202,-2.8643665313720703
1.0,0,81,False,10,0.0,10,-0.7989615797996521,-1.8570127487182617
1.0,0,82,False,9,0.10000000149011612,10,-1.601557970046997,-2.755171298980713
1.0,0,83,False,9,0.10000000149011612,10,-0.3777700662612915,-1.3595908880233765
1.0,0,84,False,10,0.0,10,-0.17850464582443237,-1.192169189453125
1.0,0,85,False,9,0.10000000149011612,10,-0.6552250385284424,-2.482544422149658
1.0,0,86,False,9,0.10000000149011612,10,-0.01677680015563965,-1.5087379217147827
1.0,0,87,False,10,0.0,10,-0.9904642105102539,-1.9298231601715088
1.0,0,88,False,10,0.0,10,-0.42074596881866455,-1.6210304498672485
1.0,0,89,False,10,0.0,10,-0.1001548171043396,-1.1846535205841064
1.0,0,90,False,10,0.0,10,-0.6393210887908936,-1.8097248077392578
1.0,0,91,False,10,0.0,10,-1.7363460063934326,-2.522901773452759
1.0,0,92,False,10,0.0,10,-0.2922716736793518,-1.0251339673995972
1.0,0,93,False,10,0.0,10,-0.4280375838279724,-1.4401626586914062
1.0,0,94,False,10,0.0,10,-0.5944758653640747,-1.3824118375778198
1.0,0,95,False,10,0.0,10,-0.7311290502548218,-1.9114751815795898
1.0,0,96,False,10,0.0,10,-1.5514352321624756,-3.363774538040161
1.0,0,97,False,10,0.0,10,-0.08280634880065918,-1.187384843826294
1.0,0,98,True,9,0.10000000149011612,10,-0.045400142669677734,-1.9877887964248657
1.0,0,99,False,10,0.0,10,-0.20156767964363098,-1.1203497648239136
0.5,0,0,False,7,0.30000001192092896,10,0.9666743874549866,-0.3977285921573639
0.5,0,1,False,8,0.20000000298023224,10,-0.7466793060302734,-2.065115213394165
0.5,0,2,False,9,0.10000000149011612,10,-0.5778443217277527,-1.5620232820510864
0.5,0,3,False,8,0.20000000298023224,10,-1.7128093242645264,-2.965125799179077
0.5,0,4,False,9,0.10000000149011612,10,-0.4911697506904602,-1.7100938558578491
0.5,0,5,False,10,0.0,10,-1.0548452138900757,-2.484837532043457
0.5,0,6,False,9,0.10000000149011612,10,-0.7048916220664978,-1.623673677444458
0.5,0,7,True,10,0.0,10,-0.3564373254776001,-1.8222627639770508
0.5,0,8,True,7,0.30000001192092896,10,-0.6318106055259705,-1.7634637355804443
0.5,0,9,False,8,0.20000000298023224,10,0.38786864280700684,-1.0752698183059692
0.5,0,10,False,9,0.10000000149011612,10,0.6678707599639893,-0.7881420254707336
0.5,0,11,False,10,0.0,10,-1.172755241394043,-2.0824484825134277
0.5,0,12,False,9,0.10000000149011612,10,0.6558976173400879,-1.1789958477020264
0.5,0,13,False,9,0.10000000149011612,10,-0.7054027318954468,-1.9573256969451904
0.5,0,14,False,9,0.10000000149011612,10,-0.7886217832565308,-2.4328055381774902
0.5,0,15,False,10,0.0,10,0.11440169811248779,-1.1374471187591553
0.5,0,16,False,9,0.10000000149011612,10,0.4621918797492981,-1.2695661783218384
0.5,0,17,False,9,0.10000000149011612,10,1.6106433868408203,-0.44228801131248474
0.5,0,18,False,8,0.20000000298023224,10,-0.34081143140792847,-1.3414833545684814
0.5,0,19,False,8,0.20000000298023224,10,0.3446469306945801,-0.8748294115066528
0.5,0,20,False,8,0.20000000298023224,10,-0.5076214671134949,-2.365476131439209
0.5,0,21,False,9,0.10000000149011612,10,-1.3931372165679932,-2.9150311946868896
0.5,0,22,False,9,0.10000000149011612,10,0.05154860019683838,-0.9867037534713745
0.5,0,23,False,10,0.0,10,-1.9718929529190063,-2.878366470336914
0.5,0,24,False,9,0.10000000149011612,10,-0.8297540545463562,-1.7361736297607422
0.5,0,25,False,9,0.10000000149011612,10,0.45599597692489624,-1.6305229663848877
0.5,0,26,False,10,0.0,10,0.08252060413360596,-1.4608678817749023
0.5,0,27,False,10,0.0,10,-1.0794779062271118,-1.931549310684204
0.5,0,28,False,9,0.10000000149011612,10,0.1887814998626709,-0.5895840525627136
0.5,0,29,False,10,0.0,10,-0.21942663192749023,-1.8874084949493408
0.5,0,30,True,8,0.20000000298023224,10,-0.35978031158447266,-1.276987075805664
0.5,0,31,False,10,0.0,10,1.2743332386016846,-0.1402978003025055
0.5,0,32,False,7,0.30000001192092896,10,-0.6858069896697998,-2.199753522872925
0.5,0,33,True,10,0.0,10,0.9081778526306152,-0.13754163682460785
0.5,0,34,False,8,0.20000000298023224,10,-0.8019372820854187,-2.122326374053955
0.5,0,35,False,10,0.0,10,0.18426913022994995,-0.9003168940544128
0.5,0,36,False,7,0.30000001192092896,10,-0.16335293650627136,-1.1079838275909424
0.5,0,37,False,8,0.20000000298023224,10,0.36900773644447327,-1.158677101135254
0.5,0,38,False,8,0.20000000298023224,10,-0.037138283252716064,-0.9460265040397644
0.5,0,39,False,8,0.20000000298023224,10,-0.4875830411911011,-2.705639600753784
0.5,0,40,False,9,0.10000000149011612,10,-0.4497112035751343,-1.7937259674072266
0.5,0,41,False,10,0.0,10,-0.6748077869415283,-2.8409485816955566
0.5,0,42,False,9,0.10000000149011612,10,0.3857591152191162,-2.111640453338623
0.5,0,43,False,10,0.0,10,-0.7850210666656494,-1.808946967124939
0.5,0,44,False,10,0.0,10,-1.359323263168335,-1.6023826599121094
0.5,0,45,False,8,0.20000000298023224,10,-1.0624992847442627,-1.8849408626556396
0.5,0,46,False,9,0.10000000149011612,10,-0.5680039525032043,-2.85811185836792
0.5,0,47,False,10,0.0,10,-0.8887649774551392,-1.9317834377288818
0.5,0,48,False,9,0.10000000149011612,10,0.11909091472625732,-0.8763644099235535
0.5,0,49,False,8,0.20000000298023224,10,0.3769044876098633,-0.8072019815444946
0.5,0,50,False,9,0.10000000149011612,10,-0.5405888557434082,-2.097087860107422
0.5,0,51,False,9,0.10000000149011612,10,-0.5236244201660156,-2.214721441268921
0.5,0,52,False,8,0.20000000298023224,10,0.0722917914390564,-1.3662395477294922
0.5,0,53,False,8,0.20000000298023224,10,-3.486192226409912,-5.738010883331299
0.5,0,54,True,9,0.10000000149011612,10,2.6954903602600098,-0.6747975945472717
0.5,0,55,False,9,0.10000000149011612,10,-1.698585033416748,-3.030837297439575
0.5,0,56,True,9,0.10000000149011612,10,-1.1487542390823364,-2.309720516204834
0.5,0,57,False,8,0.20000000298023224,10,0.8309780359268188,-0.5952746272087097
0.5,0,58,False,10,0.0,10,-1.122300624847412,-2.3844804763793945
0.5,0,59,False,7,0.30000001192092896,10,-2.3014416694641113,-3.5057544708251953
0.5,0,60,False,9,0.10000000149011612,10,-1.8397163152694702,-2.896144390106201
0.5,0,61,True,9,0.10000000149011612,10,0.24874401092529297,-1.665247917175293
0.5,0,62,False,9,0.10000000149011612,10,0.31306976079940796,-1.0486363172531128
0.5,0,63,True,8,0.20000000298023224,10,0.4291151762008667,-1.7847487926483154
0.5,0,64,False,9,0.10000000149011612,10,0.015528202056884766,-1.5421308279037476
0.5,0,65,True,9,0.10000000149011612,10,0.5115342140197754,-0.8483473062515259
0.5,0,66,False,8,0.20000000298023224,10,-0.1033792793750763,-1.4670133590698242
0.5,0,67,False,9,0.10000000149011612,10,-0.28886616230010986,-1.9364429712295532
0.5,0,68,False,10,0.0,10,0.13850492238998413,-0.8985952138900757
0.5,0,69,False,8,0.20000000298023224,10,0.42096060514450073,-0.6382840871810913
0.5,0,70,False,9,0.10000000149011612,10,-1.461561679840088,-2.9838829040527344
0.5,0,71,False,8,0.20000000298023224,10,-0.4532017707824707,-2.269801616668701
0.5,0,72,False,8,0.20000000298023224,10,-0.6188672780990601,-1.3335872888565063
0.5,0,73,False,10,0.0,10,-0.43143999576568604,-1.6186975240707397
0.5,0,74,False,8,0.20000000298023224,10,0.028068184852600098,-0.5932026505470276
0.5,0,75,False,8,0.20000000298023224,10,-0.16707062721252441,-3.5005996227264404
0.5,0,76,False,9,0.10000000149011612,10,-0.26883965730667114,-0.9888866543769836
0.5,0,77,False,5,0.5,10,0.9733165502548218,-1.2672892808914185
0.5,0,78,False,9,0.10000000149011612,10,0.8299839496612549,-0.7041850090026855
0.5,0,79,False,6,0.4000000059604645,10,0.11310452222824097,-1.341707468032837
0.5,0,80,False,10,0.0,10,-1.2874996662139893,-3.947767972946167
0.5,0,81,False,9,0.10000000149011612,10,0.034297823905944824,-1.3883713483810425
0.5,0,82,False,9,0.10000000149011612,10,-1.3976171016693115,-2.978308916091919
0.5,0,83,False,9,0.10000000149011612,10,0.0030518770217895508,-1.5183624029159546
0.5,0,84,False,9,0.10000000149011612,10,-1.1971572637557983,-2.162564516067505
0.5,0,85,False,7,0.30000001192092896,10,-0.05048525333404541,-0.6210574507713318
0.5,0,86,False,7,0.30000001192092896,10,-0.09017252922058105,-0.824964165687561
0.5,0,87,False,8,0.20000000298023224,10,-0.2505609393119812,-1.8055429458618164
0.5,0,88,False,9,0.10000000149011612,10,-0.09082937240600586,-0.804164707660675
0.5,0,89,False,8,0.20000000298023224,10,0.09420853853225708,-1.4144014120101929
0.5,0,90,False,7,0.30000001192092896,10,0.293010413646698,-0.9566534757614136
0.5,0,91,False,10,0.0,10,-0.30814868211746216,-1.0635361671447754
0.5,0,92,False,10,0.0,10,-1.1555631160736084,-1.7851943969726562
0.5,0,93,False,10,0.0,10,-1.411370038986206,-2.544865846633911
0.5,0,94,False,10,0.0,10,0.3209161162376404,-0.7579199075698853
0.5,0,95,False,8,0.20000000298023224,10,-0.04248291254043579,-1.5358688831329346
0.5,0,96,False,9,0.10000000149011612,10,-0.049843549728393555,-1.2336022853851318
0.5,0,97,False,9,0.10000000149011612,10,-0.16909778118133545,-1.5184094905853271
0.5,0,98,True,10,0.0,10,1.4542285203933716,-1.0380948781967163
0.5,0,99,False,8,0.20000000298023224,10,-1.221069097518921,-2.7437922954559326
0.1,0,0,False,4,0.6000000238418579,10,1.226225733757019,-0.5557349920272827
0.1,0,1,False,5,0.5,10,0.32077956199645996,-0.3929597735404968
0.1,0,2,False,5,0.5,10,1.1408761739730835,-0.9560443162918091
0.1,0,3,False,8,0.20000000298023224,10,1.5171126127243042,-0.6775504350662231
0.1,0,4,False,8,0.20000000298023224,10,2.1789474487304688,-1.3602321147918701
0.1,0,5,False,9,0.10000000149011612,10,-0.45705682039260864,-1.346670150756836
0.1,0,6,False,7,0.30000001192092896,10,1.189929485321045,-1.3931858539581299
0.1,0,7,True,6,0.4000000059604645,10,1.6463106870651245,-0.6406280398368835
0.1,0,8,True,8,0.20000000298023224,10,0.9665101766586304,-2.267158031463623
0.1,0,9,False,7,0.30000001192092896,10,0.6226623058319092,-1.1811940670013428
0.1,0,10,False,8,0.20000000298023224,10,-0.15709775686264038,-1.1148016452789307
0.1,0,11,False,6,0.4000000059604645,10,0.05262845754623413,-2.125054121017456
0.1,0,12,False,1,0.8999999761581421,0,,
0.1,0,13,False,6,0.4000000059604645,10,0.4143178462982178,-0.9296725988388062
0.1,0,14,False,5,0.5,10,-0.13709193468093872,-1.689650297164917
0.1,0,15,False,7,0.30000001192092896,10,1.5752990245819092,-0.2607439160346985
0.1,0,16,False,8,0.20000000298023224,10,1.2655029296875,-2.25138521194458
0.1,0,17,False,5,0.5,10,1.1268234252929688,-1.546785831451416
0.1,0,18,False,8,0.20000000298023224,10,0.1955622434616089,-0.7962580919265747
0.1,0,19,False,4,0.6000000238418579,10,0.5143617391586304,-1.8534358739852905
0.1,0,20,False,2,0.800000011920929,8,-0.6691349148750305,-2.4215803146362305
0.1,0,21,False,8,0.20000000298023224,10,0.1307615041732788,-0.7282276153564453
0.1,0,22,False,5,0.5,10,0.6283048391342163,-0.9567530751228333
0.1,0,23,False,9,0.10000000149011612,10,1.8099929094314575,-0.650398313999176
0.1,0,24,False,4,0.6000000238418579,10,1.082662582397461,-1.0806773900985718
0.1,0,25,False,8,0.20000000298023224,10,0.8074086904525757,-1.6292616128921509
0.1,0,26,False,7,0.30000001192092896,10,-0.2508147954940796,-1.2783674001693726
0.1,0,27,False,6,0.4000000059604645,10,-0.1679396629333496,-1.389312505722046
0.1,0,28,False,7,0.30000001192092896,10,-1.1208962202072144,-1.8740394115447998
0.1,0,29,False,9,0.10000000149011612,10,0.9241063594818115,-1.0090664625167847
0.1,0,30,True,6,0.4000000059604645,10,-0.13771456480026245,-1.4754774570465088
0.1,0,31,False,8,0.20000000298023224,10,1.0571706295013428,-0.8750585317611694
0.1,0,32,False,7,0.30000001192092896,10,0.7721618413925171,-1.783433198928833
0.1,0,33,True,5,0.5,10,21.517898559570312,-1.8804935216903687
0.1,0,34,False,7,0.30000001192092896,10,0.13595855236053467,-2.1105549335479736
0.1,0,35,False,7,0.30000001192092896,10,0.9705604314804077,-0.5613622665405273
0.1,0,36,False,6,0.4000000059604645,10,-0.34551215171813965,-2.0407204627990723
0.1,0,37,False,7,0.30000001192092896,10,-0.14261192083358765,-1.48861563205719
0.1,0,38,False,8,0.20000000298023224,10,0.8016108870506287,-1.0252765417099
0.1,0,39,False,7,0.30000001192092896,10,-0.6664966344833374,-2.217726230621338
0.1,0,40,False,8,0.20000000298023224,10,0.45703667402267456,-0.6715154051780701
0.1,0,41,False,6,0.4000000059604645,10,0.04035156965255737,-1.5855351686477661
0.1,0,42,False,8,0.20000000298023224,10,0.35415118932724,-0.6483332514762878
0.1,0,43,False,7,0.30000001192092896,10,1.2118830680847168,-1.4677879810333252
0.1,0,44,False,7,0.30000001192092896,10,1.2510221004486084,-1.677124261856079
0.1,0,45,False,8,0.20000000298023224,10,-0.5938634276390076,-1.9739806652069092
0.1,0,46,False,7,0.30000001192092896,10,0.1319408416748047,-2.4701733589172363
0.1,0,47,False,5,0.5,10,-1.100819706916809,-5.068124294281006
0.1,0,48,False,5,0.5,10,-0.7112674117088318,-2.433239221572876
0.1,0,49,False,2,0.800000011920929,8,1.4047129154205322,0.14080268144607544
0.1,0,50,False,6,0.4000000059604645,10,1.3382772207260132,-1.8685156106948853
0.1,0,51,False,6,0.4000000059604645,10,0.7924721240997314,-0.8527734875679016
0.1,0,52,False,8,0.20000000298023224,10,0.7414244413375854,-0.687264084815979
0.1,0,53,False,9,0.10000000149011612,10,2.4367644786834717,-0.9280597567558289
0.1,0,54,True,7,0.30000001192092896,10,1.7136410474777222,-1.0892244577407837
0.1,0,55,False,7,0.30000001192092896,10,-0.1041719913482666,-0.7183406352996826
0.1,0,56,True,5,0.5,10,1.8302066326141357,-0.5069207549095154
0.1,0,57,False,5,0.5,10,-0.0315554141998291,-1.4297746419906616
0.1,0,58,False,8,0.20000000298023224,10,1.444786787033081,-1.9616130590438843
0.1,0,59,False,8,0.20000000298023224,10,-0.7323393225669861,-1.92550790309906
0.1,0,60,False,6,0.4000000059604645,10,1.805509090423584,-1.567387342453003
0.1,0,61,True,6,0.4000000059604645,10,1.5424216985702515,-0.17671875655651093
0.1,0,62,False,3,0.699999988079071,10,-1.5200787782669067,-3.866086959838867
0.1,0,63,True,7,0.30000001192092896,10,3.133904457092285,-1.7438089847564697
0.1,0,64,False,8,0.20000000298023224,10,0.2633557915687561,-1.2837311029434204
0.1,0,65,True,7,0.30000001192092896,10,1.6059094667434692,-0.8866726160049438
0.1,0,66,False,6,0.4000000059604645,10,0.9308648109436035,-1.2638754844665527
0.1,0,67,False,5,0.5,10,-0.06639862060546875,-1.2149549722671509
0.1,0,68,False,8,0.20000000298023224,10,1.8848662376403809,-1.1569921970367432
0.1,0,69,False,7,0.30000001192092896,10,0.9552342295646667,-1.0406689643859863
0.1,0,70,False,6,0.4000000059604645,10,-0.11100220680236816,-1.5959599018096924
0.1,0,71,False,7,0.30000001192092896,10,2.1353063583374023,-0.42915821075439453
0.1,0,72,False,9,0.10000000149011612,10,0.7897689342498779,-0.7177993655204773
0.1,0,73,False,9,0.10000000149011612,10,0.09485840797424316,-1.0212987661361694
0.1,0,74,False,5,0.5,10,-1.249578595161438,-3.1042110919952393
0.1,0,75,False,5,0.5,10,-0.7334975004196167,-2.4827322959899902
0.1,0,76,False,8,0.20000000298023224,10,-0.03221610188484192,-0.7269164323806763
0.1,0,77,False,6,0.4000000059604645,10,0.9788920283317566,-0.6531995534896851
0.1,0,78,False,3,0.699999988079071,10,-0.03585398197174072,-3.4526100158691406
0.1,0,79,False,5,0.5,10,-0.4367745518684387,-2.722601890563965
0.1,0,80,False,7,0.30000001192092896,10,-0.7187854051589966,-1.6400436162948608
0.1,0,81,False,5,0.5,10,-0.09499835968017578,-2.0778160095214844
0.1,0,82,False,5,0.5,10,0.7562307119369507,-1.6118783950805664
0.1,0,83,False,4,0.6000000238418579,10,-0.12286406755447388,-1.0196372270584106
0.1,0,84,False,8,0.20000000298023224,10,-0.26009345054626465,-1.4525928497314453
0.1,0,85,False,7,0.30000001192092896,10,0.5557529330253601,-0.9908779263496399
0.1,0,86,False,9,0.10000000149011612,10,0.15753108263015747,-1.0265344381332397
0.1,0,87,False,6,0.4000000059604645,10,-0.0907631516456604,-1.738621473312378
0.1,0,88,False,6,0.4000000059604645,10,0.06555235385894775,-0.7307568788528442
0.1,0,89,False,2,0.800000011920929,8,-0.6048217415809631,-1.6564757823944092
0.1,0,90,False,9,0.10000000149011612,10,0.45542919635772705,-1.7304401397705078
0.1,0,91,False,5,0.5,10,0.523697555065155,-0.5668781995773315
0.1,0,92,False,9,0.10000000149011612,10,-0.636486291885376,-1.4265615940093994
0.1,0,93,False,10,0.0,10,0.17848116159439087,-0.9777921438217163
0.1,0,94,False,7,0.30000001192092896,10,1.3558554649353027,-0.47205519676208496
0.1,0,95,False,7,0.30000001192092896,10,2.5905821323394775,-1.0055696964263916
0.1,0,96,False,7,0.30000001192092896,10,-0.11637318134307861,-1.4477124214172363
0.1,0,97,False,6,0.4000000059604645,10,0.3684988021850586,-0.9519124031066895
0.1,0,98,True,7,0.30000001192092896,10,0.9865533113479614,-0.6127138733863831
0.1,0,99,False,3,0.699999988079071,10,2.5612668991088867,0.9044227600097656
0.05,0,0,False,8,0.20000000298023224,10,-0.12037897109985352,-0.9983453750610352
0.05,0,1,False,4,0.6000000238418579,10,1.7689725160598755,-2.7738397121429443
0.05,0,2,False,7,0.30000001192092896,10,0.6614932417869568,-1.855423927307129
0.05,0,3,False,9,0.10000000149011612,10,1.1569229364395142,-2.0920252799987793
0.05,0,4,False,9,0.10000000149011612,10,0.4406585097312927,-0.8667280077934265
0.05,0,5,False,8,0.20000000298023224,10,0.6049699783325195,-1.6461681127548218
0.05,0,6,False,5,0.5,10,2.868213653564453,-1.7925570011138916
0.05,0,7,True,3,0.699999988079071,10,2.3467793464660645,0.6273649334907532
0.05,0,8,True,2,0.800000011920929,8,0.4736027717590332,-1.3622424602508545
0.05,0,9,False,3,0.699999988079071,10,1.518375277519226,-0.9244295954704285
0.05,0,10,False,6,0.4000000059604645,10,2.365936040878296,-0.5499661564826965
0.05,0,11,False,5,0.5,10,1.5347797870635986,0.02734699286520481
0.05,0,12,False,4,0.6000000238418579,10,1.7335951328277588,-0.08110106736421585
0.05,0,13,False,5,0.5,10,0.5619877576828003,-0.13968981802463531
0.05,0,14,False,10,0.0,10,0.03857392072677612,-0.8856034278869629
0.05,0,15,False,8,0.20000000298023224,10,0.9037362337112427,-1.015984058380127
0.05,0,16,False,8,0.20000000298023224,10,0.2828938364982605,-1.0207685232162476
0.05,0,17,False,7,0.30000001192092896,10,0.49673140048980713,-1.5886220932006836
0.05,0,18,False,7,0.30000001192092896,10,2.051034450531006,-0.5420309901237488
0.05,0,19,False,9,0.10000000149011612,10,0.07571029663085938,-0.7390155792236328
0.05,0,20,False,7,0.30000001192092896,10,1.4280017614364624,-0.9627050161361694
0.05,0,21,False,2,0.800000011920929,8,0.6319002509117126,-1.5538285970687866
0.05,0,22,False,2,0.800000011920929,8,0.6421294212341309,-0.7689265012741089
0.05,0,23,False,1,0.8999999761581421,0,,
0.05,0,24,False,10,0.0,10,0.0288543701171875,-0.9387564659118652
0.05,0,25,False,7,0.30000001192092896,10,0.5419110059738159,-1.4403542280197144
0.05,0,26,False,3,0.699999988079071,10,4.315398693084717,-0.47070011496543884
0.05,0,27,False,7,0.30000001192092896,10,1.9053505659103394,-0.6879838705062866
0.05,0,28,False,9,0.10000000149011612,10,0.3360602855682373,-1.0040568113327026
0.05,0,29,False,10,0.0,10,0.6326010227203369,-0.6377996206283569
0.05,0,30,True,10,0.0,10,-1.0396655797958374,-2.0254344940185547
0.05,0,31,False,4,0.6000000238418579,10,1.6126492023468018,-0.40052542090415955
0.05,0,32,False,7,0.30000001192092896,10,1.2538741827011108,-0.8632683753967285
0.05,0,33,True,10,0.0,10,0.6412336826324463,-0.8857125043869019
0.05,0,34,False,9,0.10000000149011612,10,0.28176915645599365,-1.760608434677124
0.05,0,35,False,5,0.5,10,0.9791561365127563,-0.9966073036193848
0.05,0,36,False,2,0.800000011920929,8,0.2034398317337036,-0.6095848679542542
0.05,0,37,False,6,0.4000000059604645,10,0.338464617729187,-1.4028806686401367
0.05,0,38,False,7,0.30000001192092896,10,0.5112543106079102,-1.4116510152816772
0.05,0,39,False,6,0.4000000059604645,10,1.0515203475952148,-1.4728988409042358
0.05,0,40,False,5,0.5,10,1.326122522354126,-0.9395694732666016
0.05,0,41,False,5,0.5,10,1.1340383291244507,-0.31618088483810425
0.05,0,42,False,7,0.30000001192092896,10,3.043151378631592,0.15223026275634766
0.05,0,43,False,3,0.699999988079071,10,2.2198307514190674,-1.4263560771942139
0.05,0,44,False,9,0.10000000149011612,10,1.2477225065231323,-0.8702564239501953
0.05,0,45,False,7,0.30000001192092896,10,2.6962223052978516,-0.6261528134346008
0.05,0,46,False,9,0.10000000149011612,10,0.27466249465942383,-0.38579508662223816
0.05,0,47,False,7,0.30000001192092896,10,3.012173652648926,-0.2605268955230713
0.05,0,48,False,4,0.6000000238418579,10,2.5830156803131104,-0.44657307863235474
0.05,0,49,False,8,0.20000000298023224,10,1.4033572673797607,-1.3642973899841309
0.05,0,50,False,10,0.0,10,0.81379234790802,-1.0153919458389282
0.05,0,51,False,3,0.699999988079071,10,3.9165711402893066,-1.4311931133270264
0.05,0,52,False,7,0.30000001192092896,10,1.3200267553329468,-1.5298711061477661
0.05,0,53,False,10,0.0,10,-0.2814880609512329,-1.6681410074234009
0.05,0,54,True,4,0.6000000238418579,10,0.8835306167602539,-1.4788252115249634
0.05,0,55,False,3,0.699999988079071,10,3.851431369781494,-0.4779312014579773
0.05,0,56,True,7,0.30000001192092896,10,0.2571403384208679,-1.54438054561615
0.05,0,57,False,4,0.6000000238418579,10,2.7981948852539062,-0.5540029406547546
0.05,0,58,False,6,0.4000000059604645,10,2.6651382446289062,-0.9756108522415161
0.05,0,59,False,10,0.0,10,-0.5738546848297119,-2.3955249786376953
0.05,0,60,False,8,0.20000000298023224,10,0.9497488141059875,-1.6436512470245361
0.05,0,61,True,8,0.20000000298023224,10,-0.9410529136657715,-2.5809390544891357
0.05,0,62,False,4,0.6000000238418579,10,0.8970723152160645,-0.16556012630462646
0.05,0,63,True,9,0.10000000149011612,10,0.2996048927307129,-1.795892357826233
0.05,0,64,False,7,0.30000001192092896,10,2.469660758972168,-1.231310248374939
0.05,0,65,True,8,0.20000000298023224,10,-0.11966776847839355,-1.8265917301177979
0.05,0,66,False,8,0.20000000298023224,10,0.1289135217666626,-0.7937061190605164
0.05,0,67,False,7,0.30000001192092896,10,-0.04820418357849121,-2.112999439239502
0.05,0,68,False,2,0.800000011920929,8,-1.5596792697906494,-2.106262683868408
0.05,0,69,False,2,0.800000011920929,8,-0.14899544417858124,-3.8541996479034424
0.05,0,70,False,4,0.6000000238418579,10,1.8574000597000122,-1.4615341424942017
0.05,0,71,False,9,0.10000000149011612,10,1.2318940162658691,-0.6356313228607178
0.05,0,72,False,8,0.20000000298023224,10,0.3099166750907898,-1.3110593557357788
0.05,0,73,False,10,0.0,10,0.5632046461105347,-1.1716121435165405
0.05,0,74,False,4,0.6000000238418579,10,3.292280912399292,-1.1946074962615967
0.05,0,75,False,8,0.20000000298023224,10,1.2132459878921509,-1.3984663486480713
0.05,0,76,False,9,0.10000000149011612,10,0.38099807500839233,-0.8878080248832703
0.05,0,77,False,7,0.30000001192092896,10,1.387831449508667,-0.012264627031981945
0.05,0,78,False,3,0.699999988079071,10,0.7807827591896057,-0.9823934435844421
0.05,0,79,False,9,0.10000000149011612,10,0.6942214965820312,-0.5350568294525146
0.05,0,80,False,4,0.6000000238418579,10,0.9841350317001343,-0.3024444282054901
0.05,0,81,False,5,0.5,10,1.3665757179260254,-0.2821721136569977
0.05,0,82,False,7,0.30000001192092896,10,1.987558364868164,-0.3919760584831238
0.05,0,83,False,5,0.5,10,4.040663242340088,0.3738667070865631
0.05,0,84,False,10,0.0,10,0.009047508239746094,-1.9051988124847412
0.05,0,85,False,6,0.4000000059604645,10,3.0280449390411377,-0.5900844931602478
0.05,0,86,False,3,0.699999988079071,10,3.121668577194214,-0.5350035429000854
0.05,0,87,False,7,0.30000001192092896,10,0.20378339290618896,-1.1620275974273682
0.05,0,88,False,3,0.699999988079071,10,-0.2555880844593048,-1.5975556373596191
0.05,0,89,False,5,0.5,10,2.3301689624786377,-1.6192439794540405
0.05,0,90,False,9,0.10000000149011612,10,1.6301809549331665,-0.7507322430610657
0.05,0,91,False,3,0.699999988079071,10,0.16153526306152344,-0.8255432844161987
0.05,0,92,False,3,0.699999988079071,10,2.372512102127075,-0.9668364524841309
0.05,0,93,False,8,0.20000000298023224,10,2.0798306465148926,-1.3027045726776123
0.05,0,94,False,4,0.6000000238418579,10,2.059525966644287,-0.3986576199531555
0.05,0,95,False,1,0.8999999761581421,0,,
0.05,0,96,False,8,0.20000000298023224,10,2.3289637565612793,-0.3798235058784485
0.05,0,97,False,3,0.699999988079071,10,0.3348298668861389,-0.9515249133110046
0.05,0,98,True,2,0.800000011920929,8,0.4796992838382721,-0.9899343848228455
0.05,0,99,False,8,0.20000000298023224,10,2.781162977218628,-0.4205513000488281
